name,type,start_time,duration,"mosi","miso"
"SPI","result",0,0.0000076,0x80,0x00
"SPI","result",0.000009,0.0000076,0xD4,0x00
"SPI","result",0.000018,0.0000076,0x00,0x00
"SPI","result",0.000027,0.0000076,0x00,0x00
"SPI","result",0.0000584,0.0000076,0x00,0x00
"SPI","result",0.0000686,0.0000076,0x00,0x00
"SPI","result",0.0000787,0.0000076,0x00,0x00
"SPI","result",0.0000884,0.0000076,0x00,0x00
"SPI","result",0.0000981,0.0000076,0x00,0x00
"SPI","result",0.0001079,0.0000076,0x00,0x00
"SPI","result",0.0001177,0.0000076,0x00,0x00
"SPI","result",0.0001276,0.0000076,0x00,0x00
"SPI","result",0.0001373,0.0000076,0x00,0x00
"SPI","result",0.0001471,0.0000076,0x00,0x00
"SPI","result",0.0001568,0.0000076,0x00,0x00
"SPI","result",0.0001665,0.0000076,0x00,0x00
"SPI","result",0.0001763,0.0000076,0x00,0x01
"SPI","result",0.0001861,0.0000076,0x00,0x81
"SPI","result",0.0002033,0.0000076,0x00,0x00
"SPI","result",0.0002123,0.0000076,0xD4,0x00
"SPI","result",0.0002213,0.0000076,0x00,0x00
"SPI","result",0.0002303,0.0000076,0x00,0x00
"SPI","result",0.0014233,0.0000076,0x00,0x00
"SPI","result",0.0014333,0.0000076,0x00,0x00
"SPI","result",0.0014431,0.0000076,0x00,0x00
"SPI","result",0.0014529,0.0000076,0x00,0x00
"SPI","result",0.0014627,0.0000076,0x00,0x00
"SPI","result",0.0014724,0.0000076,0x00,0x00
"SPI","result",0.0014822,0.0000076,0x00,0x00
"SPI","result",0.0014919,0.0000076,0x00,0x00
"SPI","result",0.0015019,0.0000076,0x00,0x00
"SPI","result",0.0015116,0.0000076,0x00,0x00
"SPI","result",0.0015214,0.0000076,0x00,0x01
"SPI","result",0.0015314,0.0000076,0x02,0x00
"SPI","result",0.0015509,0.0000076,0x80,0x00
"SPI","result",0.0015599,0.0000076,0xD4,0x00
"SPI","result",0.0015689,0.0000076,0x00,0x00
"SPI","result",0.0015779,0.0000076,0x00,0x00
"SPI","result",0.0016014,0.0000076,0x00,0x00
"SPI","result",0.0016113,0.0000076,0x00,0x00
"SPI","result",0.001621,0.0000076,0x00,0x00
"SPI","result",0.0016307,0.0000076,0x00,0x00
"SPI","result",0.0016404,0.0000076,0x00,0x00
"SPI","result",0.0016502,0.0000076,0x00,0x00
"SPI","result",0.00166,0.0000076,0x00,0x00
"SPI","result",0.0016696,0.0000077,0x00,0x00
"SPI","result",0.0016795,0.0000076,0x00,0x00
"SPI","result",0.0016891,0.0000076,0x00,0x00
"SPI","result",0.001699,0.0000076,0x00,0x01
"SPI","result",0.0017091,0.0000076,0x00,0xA1
"SPI","result",0.0017637,0.0000076,0x80,0x00
"SPI","result",0.0017727,0.0000076,0xD4,0x00
"SPI","result",0.0017817,0.0000076,0x00,0x00
"SPI","result",0.0017907,0.0000076,0x18,0x00
"SPI","result",0.0018162,0.0000076,0x00,0x00
"SPI","result",0.001826,0.0000076,0x00,0x00
"SPI","result",0.0018358,0.0000076,0x00,0x00
"SPI","result",0.0018455,0.0000076,0x00,0x00
"SPI","result",0.0018552,0.0000076,0x00,0x00
"SPI","result",0.001865,0.0000076,0x00,0x00
"SPI","result",0.0018747,0.0000076,0x00,0x00
"SPI","result",0.0018845,0.0000076,0x00,0x00
"SPI","result",0.0018943,0.0000076,0x00,0x00
"SPI","result",0.001904,0.0000076,0x00,0x00
"SPI","result",0.0019137,0.0000076,0x00,0x00
"SPI","result",0.0019234,0.0000076,0x00,0x00
"SPI","result",0.0019332,0.0000076,0x00,0x00
"SPI","result",0.001943,0.0000076,0x00,0x01
"SPI","result",0.0019529,0.0000076,0x00,0x84
"SPI","result",0.00197,0.0000076,0x00,0x00
"SPI","result",0.001979,0.0000076,0xD4,0x00
"SPI","result",0.001988,0.0000076,0x00,0x00
"SPI","result",0.001997,0.0000076,0x18,0x00
"SPI","result",0.0020163,0.0000076,0x00,0x00
"SPI","result",0.0020261,0.0000076,0x00,0x00
"SPI","result",0.0020359,0.0000076,0x00,0x00
"SPI","result",0.0020456,0.0000077,0x00,0x00
"SPI","result",0.0020554,0.0000076,0x00,0x00
"SPI","result",0.0020651,0.0000076,0x00,0x00
"SPI","result",0.0020748,0.0000076,0x00,0x00
"SPI","result",0.0020845,0.0000076,0x00,0x00
"SPI","result",0.0020942,0.0000076,0x00,0x00
"SPI","result",0.0021039,0.0000076,0x00,0x00
"SPI","result",0.0021136,0.0000076,0x00,0x00
"SPI","result",0.0021234,0.0000076,0x00,0x00
"SPI","result",0.0021331,0.0000076,0x00,0x00
"SPI","result",0.0021428,0.0000076,0x00,0x01
"SPI","result",0.0021527,0.0000076,0x40,0x00
"SPI","result",0.0021688,0.0000076,0x80,0x00
"SPI","result",0.0021778,0.0000076,0xD4,0x00
"SPI","result",0.0021868,0.0000076,0x00,0x00
"SPI","result",0.0021958,0.0000076,0x18,0x00
"SPI","result",0.0022192,0.0000076,0x00,0x00
"SPI","result",0.002229,0.0000076,0x00,0x00
"SPI","result",0.0022387,0.0000076,0x00,0x00
"SPI","result",0.0022484,0.0000076,0x00,0x00
"SPI","result",0.0022581,0.0000076,0x00,0x00
"SPI","result",0.0022679,0.0000076,0x00,0x00
"SPI","result",0.0022776,0.0000076,0x00,0x00
"SPI","result",0.0022874,0.0000076,0x00,0x00
"SPI","result",0.0022971,0.0000076,0x00,0x00
"SPI","result",0.0023069,0.0000076,0x00,0x00
"SPI","result",0.0023167,0.0000076,0x00,0x00
"SPI","result",0.0023264,0.0000076,0x00,0x00
"SPI","result",0.0023362,0.0000076,0x00,0x00
"SPI","result",0.002346,0.0000076,0x00,0x01
"SPI","result",0.0023558,0.0000076,0x00,0xC4
"SPI","result",0.002373,0.0000076,0x83,0x00
"SPI","result",0.002382,0.0000076,0xD4,0x00
"SPI","result",0.002391,0.0000076,0x00,0x00
"SPI","result",0.0024,0.0000076,0x18,0x00
"SPI","result",0.0024224,0.0000076,0x00,0x00
"SPI","result",0.0024322,0.0000076,0x00,0x00
"SPI","result",0.0024419,0.0000076,0x00,0x00
"SPI","result",0.0024516,0.0000076,0x00,0x00
"SPI","result",0.0024613,0.0000076,0x00,0x00
"SPI","result",0.002471,0.0000076,0x00,0x00
"SPI","result",0.0024807,0.0000076,0x00,0x00
"SPI","result",0.0024904,0.0000076,0x00,0x00
"SPI","result",0.0025001,0.0000076,0x00,0x00
"SPI","result",0.0025098,0.0000076,0x00,0x00
"SPI","result",0.0025196,0.0000076,0x00,0x00
"SPI","result",0.0025293,0.0000076,0x00,0x00
"SPI","result",0.002539,0.0000076,0x00,0x01
"SPI","result",0.0025488,0.0000076,0x00,0x04
"SPI","result",0.0025578,0.0000076,0x00,0x00
"SPI","result",0.0025668,0.0000076,0x00,0x01
"SPI","result",0.0025758,0.0000076,0x00,0xC4
"SPI","result",0.0026052,0.0000076,0x3F,0x00
"SPI","result",0.0026142,0.0000076,0xD4,0x00
"SPI","result",0.0026232,0.0000076,0x00,0x00
"SPI","result",0.0026322,0.0000076,0x24,0x00
"SPI","result",0.0026553,0.0000076,0x00,0x00
"SPI","result",0.0026651,0.0000076,0x00,0x00
"SPI","result",0.0026749,0.0000076,0x00,0x00
"SPI","result",0.0026848,0.0000076,0x00,0x00
"SPI","result",0.0026947,0.0000076,0x00,0x00
"SPI","result",0.0027044,0.0000076,0x00,0x00
"SPI","result",0.0027142,0.0000076,0x00,0x00
"SPI","result",0.002724,0.0000076,0x00,0x00
"SPI","result",0.0027337,0.0000076,0x00,0x00
"SPI","result",0.0027434,0.0000077,0x00,0x00
"SPI","result",0.0027532,0.0000076,0x00,0x00
"SPI","result",0.0027629,0.0000076,0x00,0x00
"SPI","result",0.0027726,0.0000076,0x00,0x00
"SPI","result",0.0027823,0.0000076,0x00,0x01
"SPI","result",0.0027924,0.0000076,0x80,0x00
"SPI","result",0.0028014,0.0000076,0x01,0x00
"SPI","result",0.0028104,0.0000076,0x00,0x00
"SPI","result",0.0028194,0.0000076,0x00,0x00
"SPI","result",0.0028284,0.0000076,0x04,0x00
"SPI","result",0.0028374,0.0000076,0x16,0x00
"SPI","result",0.0028464,0.0000076,0x00,0x00
"SPI","result",0.0028554,0.0000076,0x00,0x00
"SPI","result",0.0028644,0.0000076,0x01,0x00
"SPI","result",0.0028734,0.0000076,0x61,0x00
"SPI","result",0.0028824,0.0000076,0x00,0x00
"SPI","result",0.0028914,0.0000076,0x00,0x00
"SPI","result",0.0029004,0.0000076,0x00,0x00
"SPI","result",0.0029094,0.0000076,0x00,0x00
"SPI","result",0.0029184,0.0000076,0x00,0x00
"SPI","result",0.0029274,0.0000076,0x00,0x00
"SPI","result",0.0029364,0.0000076,0x00,0x00
"SPI","result",0.0029454,0.0000076,0x01,0x00
"SPI","result",0.0029544,0.0000076,0x80,0x00
"SPI","result",0.0029634,0.0000076,0x00,0x00
"SPI","result",0.0029724,0.0000076,0x00,0x00
"SPI","result",0.0029814,0.0000076,0x01,0x00
"SPI","result",0.0029904,0.0000076,0x00,0x00
"SPI","result",0.0029994,0.0000076,0x00,0x00
"SPI","result",0.0030084,0.0000076,0x00,0x00
"SPI","result",0.0030174,0.0000076,0x00,0x00
"SPI","result",0.0030264,0.0000076,0x03,0x00
"SPI","result",0.0030354,0.0000076,0xFA,0x00
"SPI","result",0.0030444,0.0000076,0x00,0x00
"SPI","result",0.0030534,0.0000076,0x40,0x00
"SPI","result",0.0030624,0.0000076,0x2C,0x00
"SPI","result",0.0030714,0.0000076,0x28,0x00
"SPI","result",0.0030804,0.0000076,0x5C,0x00
"SPI","result",0.0030894,0.0000076,0xE9,0x00
"SPI","result",0.0030984,0.0000076,0x2D,0x00
"SPI","result",0.0031074,0.0000076,0x89,0x00
"SPI","result",0.0031164,0.0000076,0xF2,0x00
"SPI","result",0.0031254,0.0000076,0x40,0x00
"SPI","result",0.0031344,0.0000076,0x31,0x00
"SPI","result",0.0031434,0.0000076,0xD4,0x00
"SPI","result",0.0031524,0.0000076,0x01,0x00
"SPI","result",0.0031614,0.0000076,0xF1,0x00
"SPI","result",0.0031704,0.0000076,0x02,0x00
"SPI","result",0.0031794,0.0000076,0x1D,0x00
"SPI","result",0.0031884,0.0000076,0x4C,0x00
"SPI","result",0.0031974,0.0000076,0xE4,0x00
"SPI","result",0.0032064,0.0000076,0x81,0x00
"SPI","result",0.0032154,0.0000076,0x09,0x00
"SPI","result",0.0032244,0.0000076,0x3F,0x00
"SPI","result",0.0032334,0.0000076,0xA7,0x00
"SPI","result",0.0032424,0.0000076,0xB5,0x00
"SPI","result",0.0032514,0.0000076,0x3E,0x00
"SPI","result",0.0032604,0.0000076,0x00,0x00
"SPI","result",0.0032694,0.0000076,0x89,0x00
"SPI","result",0.0032784,0.0000076,0x0E,0x00
"SPI","result",0.0032874,0.0000076,0x59,0x00
"SPI","result",0.0032964,0.0000076,0x41,0x00
"SPI","result",0.0033054,0.0000076,0x30,0x00
"SPI","result",0.0033144,0.0000076,0x3C,0x00
"SPI","result",0.0033234,0.0000076,0x9C,0x00
"SPI","result",0.0033324,0.0000076,0xDF,0x00
"SPI","result",0.0033414,0.0000076,0x2D,0x00
"SPI","result",0.0033503,0.0000077,0x5E,0x00
"SPI","result",0.0033593,0.0000077,0x40,0x00
"SPI","result",0.0034001,0.0000076,0x3F,0x00
"SPI","result",0.0034091,0.0000076,0xD4,0x00
"SPI","result",0.0034181,0.0000076,0x00,0x00
"SPI","result",0.0034271,0.0000076,0x24,0x00
"SPI","result",0.0034498,0.0000076,0x00,0x00
"SPI","result",0.0034596,0.0000077,0x00,0x00
"SPI","result",0.0034694,0.0000076,0x00,0x00
"SPI","result",0.0034791,0.0000076,0x00,0x00
"SPI","result",0.0034888,0.0000076,0x00,0x00
"SPI","result",0.0034985,0.0000077,0x00,0x00
"SPI","result",0.0035083,0.0000076,0x00,0x00
"SPI","result",0.0035181,0.0000076,0x00,0x00
"SPI","result",0.0035281,0.0000077,0x00,0x00
"SPI","result",0.0035379,0.0000076,0x00,0x00
"SPI","result",0.0035477,0.0000076,0x00,0x01
"SPI","result",0.0035579,0.0000076,0x3D,0x00
"SPI","result",0.0035669,0.0000076,0xD9,0x00
"SPI","result",0.0035759,0.0000076,0x42,0x00
"SPI","result",0.0035849,0.0000076,0xC6,0x00
"SPI","result",0.0035939,0.0000076,0x9A,0x00
"SPI","result",0.0036029,0.0000076,0x5D,0x00
"SPI","result",0.0036119,0.0000076,0xDF,0x00
"SPI","result",0.0036209,0.0000076,0x54,0x00
"SPI","result",0.0036299,0.0000076,0x33,0x00
"SPI","result",0.0036389,0.0000076,0xFC,0x00
"SPI","result",0.0036479,0.0000076,0xBF,0x00
"SPI","result",0.0036569,0.0000076,0x6D,0x00
"SPI","result",0.0036659,0.0000076,0x8E,0x00
"SPI","result",0.0036749,0.0000076,0x6C,0x00
"SPI","result",0.0036839,0.0000076,0x48,0x00
"SPI","result",0.0036929,0.0000076,0x7B,0x00
"SPI","result",0.0037019,0.0000076,0xD8,0x00
"SPI","result",0.0037109,0.0000076,0xBB,0x00
"SPI","result",0.0037199,0.0000076,0xE0,0x00
"SPI","result",0.0037289,0.0000076,0xE7,0x00
"SPI","result",0.0037379,0.0000076,0xF1,0x00
"SPI","result",0.0037469,0.0000076,0x2B,0x00
"SPI","result",0.0037559,0.0000076,0xB0,0x00
"SPI","result",0.0037649,0.0000076,0x37,0x00
"SPI","result",0.0037739,0.0000076,0xD4,0x00
"SPI","result",0.0037829,0.0000076,0x14,0x00
"SPI","result",0.0037919,0.0000076,0x9F,0x00
"SPI","result",0.0038009,0.0000076,0x07,0x00
"SPI","result",0.0038099,0.0000076,0xA2,0x00
"SPI","result",0.0038189,0.0000076,0xA4,0x00
"SPI","result",0.0038279,0.0000076,0x04,0x00
"SPI","result",0.0038369,0.0000076,0xD9,0x00
"SPI","result",0.0038459,0.0000076,0xAB,0x00
"SPI","result",0.0038549,0.0000076,0xA2,0x00
"SPI","result",0.0038639,0.0000076,0x59,0x00
"SPI","result",0.0038729,0.0000076,0xA3,0x00
"SPI","result",0.0038819,0.0000076,0xB9,0x00
"SPI","result",0.0038909,0.0000076,0xC5,0x00
"SPI","result",0.0038999,0.0000076,0x56,0x00
"SPI","result",0.0039089,0.0000076,0xD0,0x00
"SPI","result",0.0039179,0.0000076,0xDF,0x00
"SPI","result",0.0039269,0.0000076,0x6F,0x00
"SPI","result",0.0039359,0.0000076,0xFD,0x00
"SPI","result",0.0039449,0.0000076,0x17,0x00
"SPI","result",0.0039539,0.0000076,0x3C,0x00
"SPI","result",0.0039629,0.0000076,0xA3,0x00
"SPI","result",0.0039719,0.0000076,0xF6,0x00
"SPI","result",0.0039809,0.0000076,0x4F,0x00
"SPI","result",0.0039899,0.0000076,0x7E,0x00
"SPI","result",0.0039989,0.0000076,0x64,0x00
"SPI","result",0.0040079,0.0000076,0xBE,0x00
"SPI","result",0.0040169,0.0000076,0x0E,0x00
"SPI","result",0.0040259,0.0000076,0x92,0x00
"SPI","result",0.0040349,0.0000076,0xDC,0x00
"SPI","result",0.0040439,0.0000076,0x65,0x00
"SPI","result",0.0040529,0.0000076,0x06,0x00
"SPI","result",0.0040619,0.0000076,0xC2,0x00
"SPI","result",0.0040709,0.0000076,0x01,0x00
"SPI","result",0.0040799,0.0000076,0xE8,0x00
"SPI","result",0.0040889,0.0000076,0xDA,0x00
"SPI","result",0.0040979,0.0000076,0x10,0x00
"SPI","result",0.0041069,0.0000076,0xF1,0x00
"SPI","result",0.0041159,0.0000076,0xCE,0x00
"SPI","result",0.0041249,0.0000076,0xEB,0x00
"SPI","result",0.0041668,0.0000076,0x3F,0x00
"SPI","result",0.0041758,0.0000076,0xD4,0x00
"SPI","result",0.0041848,0.0000076,0x00,0x00
"SPI","result",0.0041938,0.0000076,0x24,0x00
"SPI","result",0.0042144,0.0000076,0x00,0x00
"SPI","result",0.0042244,0.0000076,0x00,0x00
"SPI","result",0.0042342,0.0000076,0x00,0x00
"SPI","result",0.004244,0.0000076,0x00,0x00
"SPI","result",0.0042538,0.0000076,0x00,0x00
"SPI","result",0.0042635,0.0000076,0x00,0x00
"SPI","result",0.0042733,0.0000076,0x00,0x00
"SPI","result",0.004283,0.0000076,0x00,0x00
"SPI","result",0.0042927,0.0000076,0x00,0x00
"SPI","result",0.0043024,0.0000076,0x00,0x00
"SPI","result",0.0043121,0.0000076,0x00,0x00
"SPI","result",0.0043217,0.0000076,0x00,0x00
"SPI","result",0.0043315,0.0000076,0x00,0x00
"SPI","result",0.0043412,0.0000076,0x00,0x01
"SPI","result",0.0043514,0.0000076,0xE6,0x00
"SPI","result",0.0043604,0.0000076,0xA7,0x00
"SPI","result",0.0043694,0.0000076,0xD7,0x00
"SPI","result",0.0043784,0.0000076,0xFF,0x00
"SPI","result",0.0043874,0.0000076,0x7F,0x00
"SPI","result",0.0043964,0.0000076,0x6E,0x00
"SPI","result",0.0044054,0.0000076,0x77,0x00
"SPI","result",0.0044144,0.0000076,0x06,0x00
"SPI","result",0.0044234,0.0000076,0x65,0x00
"SPI","result",0.0044324,0.0000076,0xB3,0x00
"SPI","result",0.0044414,0.0000076,0xA1,0x00
"SPI","result",0.0044504,0.0000076,0x43,0x00
"SPI","result",0.0044594,0.0000076,0x05,0x00
"SPI","result",0.0044684,0.0000076,0x51,0x00
"SPI","result",0.0044774,0.0000076,0x43,0x00
"SPI","result",0.0044864,0.0000076,0x18,0x00
"SPI","result",0.0044954,0.0000076,0xF4,0x00
"SPI","result",0.0045044,0.0000076,0x6A,0x00
"SPI","result",0.0045134,0.0000076,0xFA,0x00
"SPI","result",0.0045224,0.0000076,0x28,0x00
"SPI","result",0.0045314,0.0000076,0xC3,0x00
"SPI","result",0.0045404,0.0000076,0xD8,0x00
"SPI","result",0.0045494,0.0000076,0x57,0x00
"SPI","result",0.0045584,0.0000076,0xDF,0x00
"SPI","result",0.0045674,0.0000076,0x3C,0x00
"SPI","result",0.0045763,0.0000077,0xA9,0x00
"SPI","result",0.0045853,0.0000077,0x4C,0x00
"SPI","result",0.0045943,0.0000077,0xA0,0x00
"SPI","result",0.0046033,0.0000077,0x3E,0x00
"SPI","result",0.0046123,0.0000077,0x38,0x00
"SPI","result",0.0046213,0.0000077,0x95,0x00
"SPI","result",0.0046303,0.0000077,0xBF,0x00
"SPI","result",0.0046393,0.0000077,0xEF,0x00
"SPI","result",0.0046483,0.0000077,0x66,0x00
"SPI","result",0.0046573,0.0000077,0x74,0x00
"SPI","result",0.0046663,0.0000077,0x24,0x00
"SPI","result",0.0046753,0.0000077,0x1E,0x00
"SPI","result",0.0046843,0.0000077,0x0D,0x00
"SPI","result",0.0046933,0.0000077,0xF9,0x00
"SPI","result",0.0047023,0.0000077,0x2D,0x00
"SPI","result",0.0047113,0.0000077,0xCF,0x00
"SPI","result",0.0047203,0.0000077,0xD6,0x00
"SPI","result",0.0047293,0.0000077,0x9E,0x00
"SPI","result",0.0047383,0.0000077,0x7D,0x00
"SPI","result",0.0047473,0.0000077,0x70,0x00
"SPI","result",0.0047563,0.0000077,0x8E,0x00
"SPI","result",0.0047653,0.0000077,0x8C,0x00
"SPI","result",0.0047743,0.0000077,0xF4,0x00
"SPI","result",0.0047833,0.0000077,0x4E,0x00
"SPI","result",0.0047923,0.0000077,0x3A,0x00
"SPI","result",0.0048013,0.0000077,0xCA,0x00
"SPI","result",0.0048103,0.0000077,0x7E,0x00
"SPI","result",0.0048193,0.0000077,0xDD,0x00
"SPI","result",0.0048283,0.0000077,0x6D,0x00
"SPI","result",0.0048373,0.0000077,0xF3,0x00
"SPI","result",0.0048463,0.0000077,0xA5,0x00
"SPI","result",0.0048553,0.0000077,0x36,0x00
"SPI","result",0.0048643,0.0000077,0xF8,0x00
"SPI","result",0.0048733,0.0000076,0x9A,0x00
"SPI","result",0.0048823,0.0000076,0xD3,0x00
"SPI","result",0.0048913,0.0000076,0x0C,0x00
"SPI","result",0.0049003,0.0000076,0x61,0x00
"SPI","result",0.0049093,0.0000076,0xFD,0x00
"SPI","result",0.0049183,0.0000076,0x28,0x00
"SPI","result",0.0049735,0.0000076,0x3F,0x00
"SPI","result",0.0049825,0.0000076,0xD4,0x00
"SPI","result",0.0049915,0.0000076,0x00,0x00
"SPI","result",0.0050005,0.0000076,0x24,0x00
"SPI","result",0.0050226,0.0000076,0x00,0x00
"SPI","result",0.0050324,0.0000076,0x00,0x00
"SPI","result",0.0050423,0.0000076,0x00,0x00
"SPI","result",0.0050523,0.0000076,0x00,0x00
"SPI","result",0.005062,0.0000076,0x00,0x00
"SPI","result",0.0050718,0.0000076,0x00,0x00
"SPI","result",0.0050816,0.0000076,0x00,0x00
"SPI","result",0.0050917,0.0000076,0x00,0x00
"SPI","result",0.0051015,0.0000077,0x00,0x00
"SPI","result",0.0051113,0.0000076,0x00,0x00
"SPI","result",0.0051211,0.0000076,0x00,0x00
"SPI","result",0.0051309,0.0000076,0x00,0x00
"SPI","result",0.0051407,0.0000076,0x00,0x00
"SPI","result",0.0051505,0.0000076,0x00,0x01
"SPI","result",0.0051609,0.0000076,0x00,0x00
"SPI","result",0.0051699,0.0000076,0x65,0x00
"SPI","result",0.0051789,0.0000076,0x6C,0x00
"SPI","result",0.0051879,0.0000076,0xE9,0x00
"SPI","result",0.0051969,0.0000076,0x84,0x00
"SPI","result",0.0052059,0.0000076,0x79,0x00
"SPI","result",0.0052149,0.0000076,0xAC,0x00
"SPI","result",0.0052239,0.0000076,0x56,0x00
"SPI","result",0.0052329,0.0000076,0x01,0x00
"SPI","result",0.0052419,0.0000076,0x4E,0x00
"SPI","result",0.0052509,0.0000076,0xB6,0x00
"SPI","result",0.0052599,0.0000076,0xA9,0x00
"SPI","result",0.0052689,0.0000076,0x58,0x00
"SPI","result",0.0052779,0.0000076,0x68,0x00
"SPI","result",0.0052869,0.0000076,0x8E,0x00
"SPI","result",0.0052959,0.0000076,0x69,0x00
"SPI","result",0.0053049,0.0000076,0x20,0x00
"SPI","result",0.0053139,0.0000076,0x8F,0x00
"SPI","result",0.0053229,0.0000076,0x8B,0x00
"SPI","result",0.0053319,0.0000076,0x21,0x00
"SPI","result",0.0053409,0.0000076,0x22,0x00
"SPI","result",0.0053499,0.0000076,0x47,0x00
"SPI","result",0.0053589,0.0000076,0x22,0x00
"SPI","result",0.0053679,0.0000076,0x8F,0x00
"SPI","result",0.0053769,0.0000076,0x85,0x00
"SPI","result",0.0053859,0.0000076,0x44,0x00
"SPI","result",0.0053949,0.0000076,0x7F,0x00
"SPI","result",0.0054039,0.0000076,0xD9,0x00
"SPI","result",0.0054129,0.0000076,0xFA,0x00
"SPI","result",0.0054219,0.0000076,0xC5,0x00
"SPI","result",0.0054309,0.0000076,0xFE,0x00
"SPI","result",0.0054399,0.0000076,0xB5,0x00
"SPI","result",0.0054489,0.0000076,0x83,0x00
"SPI","result",0.0054579,0.0000076,0xC9,0x00
"SPI","result",0.0054669,0.0000076,0xF3,0x00
"SPI","result",0.0054759,0.0000076,0x80,0x00
"SPI","result",0.0054849,0.0000076,0x13,0x00
"SPI","result",0.0054939,0.0000076,0x49,0x00
"SPI","result",0.0055029,0.0000076,0xA9,0x00
"SPI","result",0.0055119,0.0000076,0x51,0x00
"SPI","result",0.0055209,0.0000076,0x68,0x00
"SPI","result",0.0055299,0.0000076,0x71,0x00
"SPI","result",0.0055389,0.0000076,0x02,0x00
"SPI","result",0.0055479,0.0000076,0x34,0x00
"SPI","result",0.0055569,0.0000076,0x3B,0x00
"SPI","result",0.0055659,0.0000076,0x69,0x00
"SPI","result",0.0055749,0.0000076,0x31,0x00
"SPI","result",0.0055839,0.0000076,0x6C,0x00
"SPI","result",0.0055929,0.0000076,0x5F,0x00
"SPI","result",0.0056019,0.0000076,0x6F,0x00
"SPI","result",0.0056109,0.0000076,0xA5,0x00
"SPI","result",0.0056199,0.0000076,0xCC,0x00
"SPI","result",0.0056289,0.0000076,0x31,0x00
"SPI","result",0.0056379,0.0000076,0xDD,0x00
"SPI","result",0.0056469,0.0000076,0x5F,0x00
"SPI","result",0.0056559,0.0000076,0x90,0x00
"SPI","result",0.0056649,0.0000076,0x0E,0x00
"SPI","result",0.0056739,0.0000076,0x2B,0x00
"SPI","result",0.0056829,0.0000076,0x66,0x00
"SPI","result",0.0056919,0.0000076,0x45,0x00
"SPI","result",0.0057009,0.0000076,0xAE,0x00
"SPI","result",0.0057099,0.0000076,0x93,0x00
"SPI","result",0.0057189,0.0000076,0x6E,0x00
"SPI","result",0.0057279,0.0000076,0x2C,0x00
"SPI","result",0.0057771,0.0000076,0x80,0x00
"SPI","result",0.0057861,0.0000076,0xD4,0x00
"SPI","result",0.0057951,0.0000076,0x00,0x00
"SPI","result",0.0058041,0.0000076,0x18,0x00
"SPI","result",0.0058224,0.0000076,0x00,0x00
"SPI","result",0.0058322,0.0000076,0x00,0x00
"SPI","result",0.0058422,0.0000077,0x00,0x00
"SPI","result",0.005852,0.0000076,0x00,0x00
"SPI","result",0.0058617,0.0000076,0x00,0x00
"SPI","result",0.0058714,0.0000076,0x00,0x00
"SPI","result",0.0058811,0.0000076,0x00,0x00
"SPI","result",0.0058908,0.0000076,0x00,0x00
"SPI","result",0.0059005,0.0000076,0x00,0x00
"SPI","result",0.0059103,0.0000076,0x00,0x00
"SPI","result",0.005995,0.0000076,0x00,0x00
"SPI","result",0.0060049,0.0000076,0x00,0x00
"SPI","result",0.0060146,0.0000076,0x00,0x00
"SPI","result",0.0060244,0.0000076,0x00,0x01
"SPI","result",0.0060343,0.0000076,0x00,0x8C
"SPI","result",0.0060512,0.0000076,0x80,0x00
"SPI","result",0.0060602,0.0000076,0xD4,0x00
"SPI","result",0.0060692,0.0000076,0x00,0x00
"SPI","result",0.0060782,0.0000076,0x18,0x00
"SPI","result",0.0060989,0.0000077,0x00,0x00
"SPI","result",0.0061088,0.0000076,0x00,0x00
"SPI","result",0.0061186,0.0000076,0x00,0x00
"SPI","result",0.0061284,0.0000076,0x00,0x00
"SPI","result",0.0061381,0.0000076,0x00,0x00
"SPI","result",0.0061478,0.0000076,0x00,0x00
"SPI","result",0.0061575,0.0000076,0x00,0x00
"SPI","result",0.0061673,0.0000076,0x00,0x00
"SPI","result",0.0061769,0.0000076,0x00,0x00
"SPI","result",0.0061866,0.0000076,0x00,0x00
"SPI","result",0.0061963,0.0000076,0x00,0x00
"SPI","result",0.006206,0.0000076,0x00,0x00
"SPI","result",0.0062156,0.0000076,0x00,0x00
"SPI","result",0.0062253,0.0000076,0x00,0x01
"SPI","result",0.0062351,0.0000076,0x00,0x8C
"SPI","result",0.0062517,0.0000076,0x83,0x00
"SPI","result",0.0062607,0.0000076,0xD4,0x00
"SPI","result",0.0062697,0.0000076,0x00,0x00
"SPI","result",0.0062787,0.0000076,0x18,0x00
"SPI","result",0.0070338,0.0000076,0x00,0x00
"SPI","result",0.0070438,0.0000076,0x00,0x00
"SPI","result",0.0070536,0.0000076,0x00,0x00
"SPI","result",0.0070633,0.0000076,0x00,0x00
"SPI","result",0.007073,0.0000076,0x00,0x00
"SPI","result",0.0070827,0.0000076,0x00,0x00
"SPI","result",0.0070924,0.0000076,0x00,0x00
"SPI","result",0.0071021,0.0000076,0x00,0x00
"SPI","result",0.0071119,0.0000076,0x00,0x00
"SPI","result",0.0071215,0.0000077,0x00,0x00
"SPI","result",0.0071313,0.0000076,0x00,0x01
"SPI","result",0.0071412,0.0000076,0x00,0x04
"SPI","result",0.0071502,0.0000076,0x00,0x00
"SPI","result",0.0071592,0.0000076,0x00,0x01
"SPI","result",0.0071682,0.0000076,0x00,0x8C
"SPI","result",0.0072015,0.0000076,0x3F,0x00
"SPI","result",0.0072105,0.0000076,0xD4,0x00
"SPI","result",0.0072195,0.0000076,0x00,0x00
"SPI","result",0.0072285,0.0000076,0x24,0x00
"SPI","result",0.0072453,0.0000076,0x00,0x00
"SPI","result",0.0072551,0.0000076,0x00,0x00
"SPI","result",0.0072648,0.0000076,0x00,0x00
"SPI","result",0.0072745,0.0000076,0x00,0x00
"SPI","result",0.0072842,0.0000076,0x00,0x00
"SPI","result",0.0072939,0.0000076,0x00,0x00
"SPI","result",0.0073036,0.0000076,0x00,0x00
"SPI","result",0.0073133,0.0000076,0x00,0x00
"SPI","result",0.007323,0.0000076,0x00,0x00
"SPI","result",0.0073327,0.0000076,0x00,0x00
"SPI","result",0.0073424,0.0000076,0x00,0x00
"SPI","result",0.0073521,0.0000076,0x00,0x01
"SPI","result",0.0073624,0.0000076,0x09,0x00
"SPI","result",0.0073714,0.0000076,0xED,0x00
"SPI","result",0.0073804,0.0000076,0x1E,0x00
"SPI","result",0.0073894,0.0000076,0xC0,0x00
"SPI","result",0.0073984,0.0000076,0x03,0x00
"SPI","result",0.0074074,0.0000076,0xC9,0x00
"SPI","result",0.0074164,0.0000076,0xB5,0x00
"SPI","result",0.0074254,0.0000076,0xB0,0x00
"SPI","result",0.0074344,0.0000076,0x85,0x00
"SPI","result",0.0074434,0.0000076,0x4B,0x00
"SPI","result",0.0074524,0.0000076,0x02,0x00
"SPI","result",0.0074614,0.0000076,0x74,0x00
"SPI","result",0.0074704,0.0000076,0x32,0x00
"SPI","result",0.0074794,0.0000076,0x48,0x00
"SPI","result",0.0074884,0.0000076,0x84,0x00
"SPI","result",0.0074974,0.0000076,0x75,0x00
"SPI","result",0.0075064,0.0000076,0x7F,0x00
"SPI","result",0.0075154,0.0000076,0x86,0x00
"SPI","result",0.0075244,0.0000076,0x07,0x00
"SPI","result",0.0075334,0.0000076,0xC3,0x00
"SPI","result",0.0075424,0.0000076,0x1C,0x00
"SPI","result",0.0075514,0.0000076,0xE8,0x00
"SPI","result",0.0075604,0.0000076,0xCE,0x00
"SPI","result",0.0075694,0.0000076,0x17,0x00
"SPI","result",0.0075784,0.0000076,0x83,0x00
"SPI","result",0.0075874,0.0000076,0x3E,0x00
"SPI","result",0.0075964,0.0000076,0x27,0x00
"SPI","result",0.0076054,0.0000076,0x42,0x00
"SPI","result",0.0076144,0.0000076,0x61,0x00
"SPI","result",0.0076234,0.0000076,0x4D,0x00
"SPI","result",0.0076324,0.0000076,0xF4,0x00
"SPI","result",0.0076414,0.0000076,0x78,0x00
"SPI","result",0.0076504,0.0000076,0x46,0x00
"SPI","result",0.0076594,0.0000076,0x70,0x00
"SPI","result",0.0076684,0.0000076,0xC2,0x00
"SPI","result",0.0076774,0.0000076,0x8D,0x00
"SPI","result",0.0076864,0.0000076,0x6E,0x00
"SPI","result",0.0076954,0.0000076,0x04,0x00
"SPI","result",0.0077044,0.0000076,0x93,0x00
"SPI","result",0.0077134,0.0000076,0x93,0x00
"SPI","result",0.0077224,0.0000076,0x84,0x00
"SPI","result",0.0077314,0.0000076,0x86,0x00
"SPI","result",0.0077404,0.0000076,0x68,0x00
"SPI","result",0.0077494,0.0000076,0xBB,0x00
"SPI","result",0.0077584,0.0000076,0xA1,0x00
"SPI","result",0.0077674,0.0000076,0x5A,0x00
"SPI","result",0.0077763,0.0000077,0xAD,0x00
"SPI","result",0.0077853,0.0000077,0xAC,0x00
"SPI","result",0.0077943,0.0000077,0xFD,0x00
"SPI","result",0.0078033,0.0000077,0xB2,0x00
"SPI","result",0.0078123,0.0000077,0x80,0x00
"SPI","result",0.0078213,0.0000077,0x14,0x00
"SPI","result",0.0078303,0.0000077,0xDF,0x00
"SPI","result",0.0078393,0.0000077,0x34,0x00
"SPI","result",0.0078483,0.0000077,0x4C,0x00
"SPI","result",0.0078573,0.0000077,0x40,0x00
"SPI","result",0.0078663,0.0000077,0x7F,0x00
"SPI","result",0.0078753,0.0000077,0x4C,0x00
"SPI","result",0.0078843,0.0000077,0xD1,0x00
"SPI","result",0.0078933,0.0000077,0x3B,0x00
"SPI","result",0.0079023,0.0000077,0x46,0x00
"SPI","result",0.0079113,0.0000077,0xB0,0x00
"SPI","result",0.0079203,0.0000077,0x43,0x00
"SPI","result",0.0079293,0.0000077,0x05,0x00
"SPI","result",0.0079551,0.0000076,0x3F,0x00
"SPI","result",0.0079641,0.0000076,0xD4,0x00
"SPI","result",0.0079731,0.0000076,0x00,0x00
"SPI","result",0.0079821,0.0000076,0x24,0x00
"SPI","result",0.0079989,0.0000076,0x00,0x00
"SPI","result",0.0080087,0.0000076,0x00,0x00
"SPI","result",0.0080185,0.0000076,0x00,0x00
"SPI","result",0.0080282,0.0000076,0x00,0x00
"SPI","result",0.008038,0.0000076,0x00,0x00
"SPI","result",0.0080477,0.0000076,0x00,0x00
"SPI","result",0.0080574,0.0000076,0x00,0x00
"SPI","result",0.0080672,0.0000076,0x00,0x00
"SPI","result",0.0080769,0.0000076,0x00,0x00
"SPI","result",0.0080866,0.0000076,0x00,0x00
"SPI","result",0.0080963,0.0000076,0x00,0x00
"SPI","result",0.008106,0.0000076,0x00,0x00
"SPI","result",0.0081157,0.0000076,0x00,0x01
"SPI","result",0.0081257,0.0000076,0x27,0x00
"SPI","result",0.0081347,0.0000076,0x7C,0x00
"SPI","result",0.0081437,0.0000076,0x37,0x00
"SPI","result",0.0081527,0.0000076,0xA7,0x00
"SPI","result",0.0081617,0.0000076,0x3B,0x00
"SPI","result",0.0081707,0.0000076,0x5B,0x00
"SPI","result",0.0081797,0.0000076,0x50,0x00
"SPI","result",0.0081887,0.0000076,0xC4,0x00
"SPI","result",0.0081977,0.0000076,0xC2,0x00
"SPI","result",0.0082067,0.0000076,0x80,0x00
"SPI","result",0.0082157,0.0000076,0x99,0x00
"SPI","result",0.0082247,0.0000076,0x46,0x00
"SPI","result",0.0082337,0.0000076,0x8C,0x00
"SPI","result",0.0082427,0.0000076,0x80,0x00
"SPI","result",0.0082517,0.0000076,0x34,0x00
"SPI","result",0.0082607,0.0000076,0x7D,0x00
"SPI","result",0.0082697,0.0000076,0xCD,0x00
"SPI","result",0.0082787,0.0000076,0x74,0x00
"SPI","result",0.0082877,0.0000076,0x58,0x00
"SPI","result",0.0082967,0.0000076,0x15,0x00
"SPI","result",0.0083057,0.0000076,0x4E,0x00
"SPI","result",0.0083147,0.0000076,0x64,0x00
"SPI","result",0.0083237,0.0000076,0x46,0x00
"SPI","result",0.0083327,0.0000076,0x3C,0x00
"SPI","result",0.0083417,0.0000076,0x4F,0x00
"SPI","result",0.0083507,0.0000076,0x1D,0x00
"SPI","result",0.0083597,0.0000076,0x0A,0x00
"SPI","result",0.0083687,0.0000076,0xE0,0x00
"SPI","result",0.0083777,0.0000076,0x9B,0x00
"SPI","result",0.0083867,0.0000076,0xB9,0x00
"SPI","result",0.0083957,0.0000076,0xF9,0x00
"SPI","result",0.0084047,0.0000076,0x49,0x00
"SPI","result",0.0084137,0.0000076,0xF6,0x00
"SPI","result",0.0084227,0.0000076,0x2A,0x00
"SPI","result",0.0084317,0.0000076,0x42,0x00
"SPI","result",0.0084407,0.0000076,0x20,0x00
"SPI","result",0.0084497,0.0000076,0xDC,0x00
"SPI","result",0.0084587,0.0000076,0x21,0x00
"SPI","result",0.0084677,0.0000076,0x01,0x00
"SPI","result",0.0084767,0.0000076,0x36,0x00
"SPI","result",0.0084857,0.0000076,0x5A,0x00
"SPI","result",0.0084947,0.0000076,0xE7,0x00
"SPI","result",0.0085037,0.0000076,0x5E,0x00
"SPI","result",0.0085127,0.0000076,0xA8,0x00
"SPI","result",0.0085217,0.0000076,0xD8,0x00
"SPI","result",0.0085307,0.0000076,0x79,0x00
"SPI","result",0.0085397,0.0000076,0xF6,0x00
"SPI","result",0.0085487,0.0000076,0xF2,0x00
"SPI","result",0.0085577,0.0000076,0xD4,0x00
"SPI","result",0.0085667,0.0000076,0x86,0x00
"SPI","result",0.0085757,0.0000076,0xF0,0x00
"SPI","result",0.0085847,0.0000076,0x69,0x00
"SPI","result",0.0085937,0.0000076,0xD5,0x00
"SPI","result",0.0086027,0.0000076,0xC9,0x00
"SPI","result",0.0086117,0.0000076,0xE4,0x00
"SPI","result",0.0086207,0.0000076,0xEE,0x00
"SPI","result",0.0086297,0.0000076,0x00,0x00
"SPI","result",0.0086387,0.0000076,0x20,0x00
"SPI","result",0.0086477,0.0000076,0x9C,0x00
"SPI","result",0.0086566,0.0000077,0xE7,0x00
"SPI","result",0.0086656,0.0000077,0xFA,0x00
"SPI","result",0.0086746,0.0000077,0xFE,0x00
"SPI","result",0.0086836,0.0000077,0x28,0x00
"SPI","result",0.0086926,0.0000077,0xA3,0x00
"SPI","result",0.0087155,0.0000076,0x3F,0x00
"SPI","result",0.0087245,0.0000076,0xD4,0x00
"SPI","result",0.0087335,0.0000076,0x00,0x00
"SPI","result",0.0087425,0.0000076,0x24,0x00
"SPI","result",0.0087579,0.0000076,0x00,0x00
"SPI","result",0.0087677,0.0000076,0x00,0x00
"SPI","result",0.0087775,0.0000076,0x00,0x00
"SPI","result",0.0087872,0.0000076,0x00,0x00
"SPI","result",0.0087969,0.0000076,0x00,0x00
"SPI","result",0.0088067,0.0000076,0x00,0x00
"SPI","result",0.0088164,0.0000076,0x00,0x00
"SPI","result",0.0088262,0.0000076,0x00,0x00
"SPI","result",0.0088359,0.0000076,0x00,0x00
"SPI","result",0.0088456,0.0000077,0x00,0x00
"SPI","result",0.0088554,0.0000076,0x00,0x00
"SPI","result",0.0088651,0.0000076,0x00,0x00
"SPI","result",0.0088748,0.0000076,0x00,0x01
"SPI","result",0.0088847,0.0000077,0xD2,0x00
"SPI","result",0.0088937,0.0000077,0x38,0x00
"SPI","result",0.0089027,0.0000077,0x78,0x00
"SPI","result",0.0089117,0.0000077,0x4D,0x00
"SPI","result",0.0089207,0.0000077,0xE4,0x00
"SPI","result",0.0089297,0.0000076,0x44,0x00
"SPI","result",0.0089387,0.0000076,0x40,0x00
"SPI","result",0.0089477,0.0000076,0x6F,0x00
"SPI","result",0.0089567,0.0000076,0x90,0x00
"SPI","result",0.0089657,0.0000076,0x26,0x00
"SPI","result",0.0089747,0.0000076,0xDD,0x00
"SPI","result",0.0089837,0.0000076,0x44,0x00
"SPI","result",0.0089927,0.0000076,0x34,0x00
"SPI","result",0.0090017,0.0000076,0x6F,0x00
"SPI","result",0.0090107,0.0000076,0x87,0x00
"SPI","result",0.0090197,0.0000076,0x83,0x00
"SPI","result",0.0090287,0.0000076,0x3F,0x00
"SPI","result",0.0090377,0.0000076,0xB7,0x00
"SPI","result",0.0090467,0.0000076,0x9B,0x00
"SPI","result",0.0090557,0.0000076,0x05,0x00
"SPI","result",0.0090647,0.0000076,0xAB,0x00
"SPI","result",0.0090737,0.0000076,0x54,0x00
"SPI","result",0.0090827,0.0000076,0x46,0x00
"SPI","result",0.0090917,0.0000076,0xCF,0x00
"SPI","result",0.0091007,0.0000076,0x94,0x00
"SPI","result",0.0091097,0.0000076,0x96,0x00
"SPI","result",0.0091187,0.0000076,0x69,0x00
"SPI","result",0.0091277,0.0000076,0x20,0x00
"SPI","result",0.0091367,0.0000076,0x05,0x00
"SPI","result",0.0091457,0.0000076,0x49,0x00
"SPI","result",0.0091547,0.0000076,0xEA,0x00
"SPI","result",0.0091637,0.0000076,0x04,0x00
"SPI","result",0.0091727,0.0000076,0x67,0x00
"SPI","result",0.0091817,0.0000076,0xCD,0x00
"SPI","result",0.0091907,0.0000076,0x0D,0x00
"SPI","result",0.0091997,0.0000076,0x94,0x00
"SPI","result",0.0092087,0.0000076,0x03,0x00
"SPI","result",0.0092177,0.0000076,0x7F,0x00
"SPI","result",0.0092267,0.0000076,0x76,0x00
"SPI","result",0.0092357,0.0000076,0x1E,0x00
"SPI","result",0.0092447,0.0000076,0xBF,0x00
"SPI","result",0.0092537,0.0000076,0xF6,0x00
"SPI","result",0.0092627,0.0000076,0x84,0x00
"SPI","result",0.0092717,0.0000076,0x08,0x00
"SPI","result",0.0092807,0.0000076,0x86,0x00
"SPI","result",0.0092897,0.0000076,0x1F,0x00
"SPI","result",0.0092987,0.0000076,0x47,0x00
"SPI","result",0.0093077,0.0000076,0xA3,0x00
"SPI","result",0.0093167,0.0000076,0x2A,0x00
"SPI","result",0.0093257,0.0000076,0xB9,0x00
"SPI","result",0.0093347,0.0000076,0x96,0x00
"SPI","result",0.0093437,0.0000076,0x26,0x00
"SPI","result",0.0093527,0.0000076,0xF3,0x00
"SPI","result",0.0093617,0.0000076,0x81,0x00
"SPI","result",0.0093707,0.0000076,0xAB,0x00
"SPI","result",0.0093797,0.0000076,0x51,0x00
"SPI","result",0.0093887,0.0000076,0x33,0x00
"SPI","result",0.0093977,0.0000076,0x38,0x00
"SPI","result",0.0094067,0.0000076,0xDD,0x00
"SPI","result",0.0094157,0.0000076,0xAE,0x00
"SPI","result",0.0094247,0.0000076,0x70,0x00
"SPI","result",0.0094337,0.0000076,0x1D,0x00
"SPI","result",0.0094427,0.0000076,0xF1,0x00
"SPI","result",0.0094517,0.0000076,0x91,0x00
"SPI","result",0.0094774,0.0000076,0x3F,0x00
"SPI","result",0.0094864,0.0000076,0xD4,0x00
"SPI","result",0.0094954,0.0000076,0x00,0x00
"SPI","result",0.0095044,0.0000076,0x24,0x00
"SPI","result",0.0095212,0.0000076,0x00,0x00
"SPI","result",0.009531,0.0000076,0x00,0x00
"SPI","result",0.0095407,0.0000076,0x00,0x00
"SPI","result",0.0095504,0.0000076,0x00,0x00
"SPI","result",0.0095601,0.0000076,0x00,0x00
"SPI","result",0.0095698,0.0000076,0x00,0x00
"SPI","result",0.0095796,0.0000076,0x00,0x00
"SPI","result",0.0095893,0.0000076,0x00,0x00
"SPI","result",0.0095991,0.0000076,0x00,0x00
"SPI","result",0.0096088,0.0000076,0x00,0x00
"SPI","result",0.0096185,0.0000076,0x00,0x00
"SPI","result",0.0096282,0.0000076,0x00,0x00
"SPI","result",0.0096379,0.0000076,0x00,0x01
"SPI","result",0.0096478,0.0000076,0xAA,0x00
"SPI","result",0.0096568,0.0000076,0xD1,0x00
"SPI","result",0.0096658,0.0000076,0x96,0x00
"SPI","result",0.0096748,0.0000076,0x2E,0x00
"SPI","result",0.0096838,0.0000076,0x25,0x00
"SPI","result",0.0096928,0.0000076,0xE6,0x00
"SPI","result",0.0097018,0.0000076,0xBF,0x00
"SPI","result",0.0097108,0.0000076,0x6D,0x00
"SPI","result",0.0097198,0.0000076,0xAC,0x00
"SPI","result",0.0097288,0.0000076,0xC3,0x00
"SPI","result",0.0097378,0.0000076,0x3A,0x00
"SPI","result",0.0097468,0.0000076,0x21,0x00
"SPI","result",0.0097558,0.0000076,0x12,0x00
"SPI","result",0.0097648,0.0000076,0xA2,0x00
"SPI","result",0.0097738,0.0000076,0x91,0x00
"SPI","result",0.0097828,0.0000076,0xE3,0x00
"SPI","result",0.0097918,0.0000076,0x3C,0x00
"SPI","result",0.0098008,0.0000076,0x0E,0x00
"SPI","result",0.0098098,0.0000076,0x99,0x00
"SPI","result",0.0098188,0.0000076,0x5A,0x00
"SPI","result",0.0098278,0.0000076,0x2F,0x00
"SPI","result",0.0098368,0.0000076,0xF8,0x00
"SPI","result",0.0098458,0.0000076,0x12,0x00
"SPI","result",0.0098548,0.0000076,0x2C,0x00
"SPI","result",0.0098638,0.0000076,0xF1,0x00
"SPI","result",0.0098728,0.0000076,0x08,0x00
"SPI","result",0.0098818,0.0000076,0x01,0x00
"SPI","result",0.0098908,0.0000076,0x78,0x00
"SPI","result",0.0098998,0.0000076,0x34,0x00
"SPI","result",0.0099088,0.0000076,0xF0,0x00
"SPI","result",0.0099178,0.0000076,0x95,0x00
"SPI","result",0.0099268,0.0000076,0x59,0x00
"SPI","result",0.0099358,0.0000076,0xB3,0x00
"SPI","result",0.0099448,0.0000076,0xB8,0x00
"SPI","result",0.0099538,0.0000076,0x5D,0x00
"SPI","result",0.0099628,0.0000076,0xBD,0x00
"SPI","result",0.0099718,0.0000076,0xFF,0x00
"SPI","result",0.0099808,0.0000076,0x43,0x00
"SPI","result",0.0099898,0.0000076,0x9A,0x00
"SPI","result",0.0099988,0.0000076,0x54,0x00
"SPI","result",0.0100078,0.0000076,0x32,0x00
"SPI","result",0.0100168,0.0000076,0x56,0x00
"SPI","result",0.0100258,0.0000076,0x7B,0x00
"SPI","result",0.0100348,0.0000076,0xB8,0x00
"SPI","result",0.0100438,0.0000076,0x22,0x00
"SPI","result",0.0100528,0.0000076,0xE6,0x00
"SPI","result",0.0100618,0.0000076,0x2E,0x00
"SPI","result",0.0100708,0.0000076,0x61,0x00
"SPI","result",0.0100798,0.0000076,0xB0,0x00
"SPI","result",0.0100888,0.0000076,0xFF,0x00
"SPI","result",0.0100978,0.0000076,0x68,0x00
"SPI","result",0.0101068,0.0000076,0x92,0x00
"SPI","result",0.0101158,0.0000076,0x71,0x00
"SPI","result",0.0101248,0.0000076,0x37,0x00
"SPI","result",0.0101338,0.0000076,0x04,0x00
"SPI","result",0.0101428,0.0000076,0x1C,0x00
"SPI","result",0.0101518,0.0000076,0xE7,0x00
"SPI","result",0.0101608,0.0000076,0x5F,0x00
"SPI","result",0.0101698,0.0000076,0x81,0x00
"SPI","result",0.0101788,0.0000076,0x94,0x00
"SPI","result",0.0101878,0.0000076,0x41,0x00
"SPI","result",0.0101968,0.0000076,0x61,0x00
"SPI","result",0.0102058,0.0000076,0xE8,0x00
"SPI","result",0.0102148,0.0000076,0x79,0x00
"SPI","result",0.0102406,0.0000076,0x80,0x00
"SPI","result",0.0102496,0.0000076,0xD4,0x00
"SPI","result",0.0102586,0.0000076,0x00,0x00
"SPI","result",0.0102676,0.0000076,0x18,0x00
"SPI","result",0.0102832,0.0000076,0x00,0x00
"SPI","result",0.0102929,0.0000076,0x00,0x00
"SPI","result",0.0103027,0.0000076,0x00,0x00
"SPI","result",0.0103124,0.0000076,0x00,0x00
"SPI","result",0.0103222,0.0000076,0x00,0x00
"SPI","result",0.0103319,0.0000076,0x00,0x00
"SPI","result",0.0103416,0.0000076,0x00,0x00
"SPI","result",0.0103513,0.0000076,0x00,0x00
"SPI","result",0.010361,0.0000076,0x00,0x00
"SPI","result",0.0103708,0.0000076,0x00,0x00
"SPI","result",0.0103805,0.0000076,0x00,0x00
"SPI","result",0.0103902,0.0000076,0x00,0x00
"SPI","result",0.0103999,0.0000076,0x00,0x01
"SPI","result",0.0104096,0.0000077,0x00,0x8C
"SPI","result",0.0104257,0.0000076,0x80,0x00
"SPI","result",0.0104347,0.0000076,0xD4,0x00
"SPI","result",0.0104437,0.0000076,0x00,0x00
"SPI","result",0.0104527,0.0000076,0x18,0x00
"SPI","result",0.0104694,0.0000076,0x00,0x00
"SPI","result",0.0104791,0.0000076,0x00,0x00
"SPI","result",0.0104889,0.0000076,0x00,0x00
"SPI","result",0.0104986,0.0000076,0x00,0x00
"SPI","result",0.0105083,0.0000076,0x00,0x00
"SPI","result",0.010518,0.0000076,0x00,0x00
"SPI","result",0.0105277,0.0000076,0x00,0x00
"SPI","result",0.0105373,0.0000076,0x00,0x00
"SPI","result",0.010547,0.0000076,0x00,0x00
"SPI","result",0.0105567,0.0000076,0x00,0x00
"SPI","result",0.0105664,0.0000076,0x00,0x00
"SPI","result",0.0105762,0.0000076,0x00,0x00
"SPI","result",0.0105858,0.0000076,0x00,0x00
"SPI","result",0.0105958,0.0000076,0x00,0x01
"SPI","result",0.0106055,0.0000076,0x00,0x8C
"SPI","result",0.0106214,0.0000077,0x83,0x00
"SPI","result",0.0106304,0.0000077,0xD4,0x00
"SPI","result",0.0106394,0.0000077,0x00,0x00
"SPI","result",0.0106484,0.0000077,0x18,0x00
"SPI","result",0.0106638,0.0000076,0x00,0x00
"SPI","result",0.0106735,0.0000076,0x00,0x00
"SPI","result",0.0106832,0.0000077,0x00,0x00
"SPI","result",0.010693,0.0000076,0x00,0x00
"SPI","result",0.0107027,0.0000076,0x00,0x00
"SPI","result",0.0107124,0.0000076,0x00,0x00
"SPI","result",0.0107221,0.0000076,0x00,0x00
"SPI","result",0.0107318,0.0000076,0x00,0x00
"SPI","result",0.0107415,0.0000076,0x00,0x00
"SPI","result",0.0107512,0.0000076,0x00,0x00
"SPI","result",0.0107609,0.0000076,0x00,0x00
"SPI","result",0.0107706,0.0000076,0x00,0x00
"SPI","result",0.0107803,0.0000076,0x00,0x00
"SPI","result",0.01079,0.0000076,0x00,0x00
"SPI","result",0.0107997,0.0000076,0x00,0x01
"SPI","result",0.0108094,0.0000076,0x00,0x04
"SPI","result",0.0108184,0.0000076,0x00,0x00
"SPI","result",0.0108274,0.0000076,0x00,0x01
"SPI","result",0.0108364,0.0000076,0x00,0x8C
"SPI","result",0.0108574,0.0000076,0x3F,0x00
"SPI","result",0.0108664,0.0000076,0xD4,0x00
"SPI","result",0.0108754,0.0000076,0x00,0x00
"SPI","result",0.0108844,0.0000076,0x24,0x00
"SPI","result",0.0108995,0.0000076,0x00,0x00
"SPI","result",0.0109092,0.0000076,0x00,0x00
"SPI","result",0.0109189,0.0000077,0x00,0x00
"SPI","result",0.0109287,0.0000076,0x00,0x00
"SPI","result",0.0109385,0.0000076,0x00,0x00
"SPI","result",0.0109482,0.0000076,0x00,0x00
"SPI","result",0.0109579,0.0000076,0x00,0x00
"SPI","result",0.0109676,0.0000076,0x00,0x00
"SPI","result",0.0109773,0.0000076,0x00,0x00
"SPI","result",0.0109871,0.0000076,0x00,0x00
"SPI","result",0.0109968,0.0000076,0x00,0x01
"SPI","result",0.0110069,0.0000076,0x14,0x00
"SPI","result",0.0110159,0.0000076,0xAE,0x00
"SPI","result",0.0110249,0.0000076,0x07,0x00
"SPI","result",0.0110339,0.0000076,0xA4,0x00
"SPI","result",0.0110429,0.0000076,0x34,0x00
"SPI","result",0.0110519,0.0000076,0x2A,0x00
"SPI","result",0.0110609,0.0000076,0x3C,0x00
"SPI","result",0.0110699,0.0000076,0xEB,0x00
"SPI","result",0.0110789,0.0000076,0xC1,0x00
"SPI","result",0.0110879,0.0000076,0xDD,0x00
"SPI","result",0.0110969,0.0000076,0xC4,0x00
"SPI","result",0.0111059,0.0000076,0x14,0x00
"SPI","result",0.0111149,0.0000076,0x53,0x00
"SPI","result",0.0111239,0.0000076,0x8E,0x00
"SPI","result",0.0111329,0.0000076,0xF9,0x00
"SPI","result",0.0111419,0.0000076,0xBD,0x00
"SPI","result",0.0111509,0.0000076,0xAC,0x00
"SPI","result",0.0111599,0.0000076,0xD9,0x00
"SPI","result",0.0111689,0.0000076,0xB1,0x00
"SPI","result",0.0111779,0.0000076,0x8C,0x00
"SPI","result",0.0111869,0.0000076,0x09,0x00
"SPI","result",0.0111959,0.0000076,0x64,0x00
"SPI","result",0.0112049,0.0000076,0x15,0x00
"SPI","result",0.0112139,0.0000076,0x6E,0x00
"SPI","result",0.0112229,0.0000076,0x3C,0x00
"SPI","result",0.0112319,0.0000076,0x5A,0x00
"SPI","result",0.0112409,0.0000076,0x8A,0x00
"SPI","result",0.0112499,0.0000076,0x24,0x00
"SPI","result",0.0112589,0.0000076,0xB0,0x00
"SPI","result",0.0112679,0.0000076,0x66,0x00
"SPI","result",0.0112769,0.0000076,0x75,0x00
"SPI","result",0.0112859,0.0000076,0xA9,0x00
"SPI","result",0.0112949,0.0000076,0x22,0x00
"SPI","result",0.0113039,0.0000076,0x24,0x00
"SPI","result",0.0113129,0.0000076,0x47,0x00
"SPI","result",0.0113219,0.0000076,0x9C,0x00
"SPI","result",0.0113309,0.0000076,0xF5,0x00
"SPI","result",0.0113399,0.0000076,0x68,0x00
"SPI","result",0.0113489,0.0000076,0xC2,0x00
"SPI","result",0.0113579,0.0000076,0x4B,0x00
"SPI","result",0.0113669,0.0000076,0xC0,0x00
"SPI","result",0.0113759,0.0000076,0x13,0x00
"SPI","result",0.0113849,0.0000076,0xBD,0x00
"SPI","result",0.0113939,0.0000076,0x4C,0x00
"SPI","result",0.0114029,0.0000076,0xEE,0x00
"SPI","result",0.0114119,0.0000076,0xD9,0x00
"SPI","result",0.0114209,0.0000076,0x23,0x00
"SPI","result",0.0114299,0.0000076,0xCA,0x00
"SPI","result",0.0114389,0.0000076,0xAE,0x00
"SPI","result",0.0114479,0.0000076,0x67,0x00
"SPI","result",0.0114569,0.0000076,0x97,0x00
"SPI","result",0.0114659,0.0000076,0x59,0x00
"SPI","result",0.0114749,0.0000076,0x7E,0x00
"SPI","result",0.0114839,0.0000076,0x70,0x00
"SPI","result",0.0114929,0.0000076,0xB2,0x00
"SPI","result",0.0115019,0.0000076,0xBB,0x00
"SPI","result",0.0115109,0.0000076,0x4C,0x00
"SPI","result",0.0115199,0.0000076,0xC1,0x00
"SPI","result",0.0115289,0.0000076,0xCA,0x00
"SPI","result",0.0115379,0.0000076,0x5D,0x00
"SPI","result",0.0115469,0.0000076,0x4B,0x00
"SPI","result",0.0115559,0.0000076,0x75,0x00
"SPI","result",0.0115649,0.0000076,0x42,0x00
"SPI","result",0.0115739,0.0000076,0x77,0x00
"SPI","result",0.0115967,0.0000076,0x3F,0x00
"SPI","result",0.0116057,0.0000076,0xD4,0x00
"SPI","result",0.0116147,0.0000076,0x00,0x00
"SPI","result",0.0116237,0.0000076,0x24,0x00
"SPI","result",0.0116394,0.0000076,0x00,0x00
"SPI","result",0.0116491,0.0000077,0x00,0x00
"SPI","result",0.0116589,0.0000077,0x00,0x00
"SPI","result",0.0116687,0.0000076,0x00,0x00
"SPI","result",0.0116783,0.0000076,0x00,0x00
"SPI","result",0.011688,0.0000076,0x00,0x00
"SPI","result",0.0116978,0.0000076,0x00,0x00
"SPI","result",0.0117075,0.0000076,0x00,0x00
"SPI","result",0.0117173,0.0000076,0x00,0x00
"SPI","result",0.0117271,0.0000076,0x00,0x00
"SPI","result",0.0117368,0.0000076,0x00,0x00
"SPI","result",0.0117465,0.0000076,0x00,0x00
"SPI","result",0.0117562,0.0000076,0x00,0x01
"SPI","result",0.0117661,0.0000076,0x3B,0x00
"SPI","result",0.0117751,0.0000076,0xB7,0x00
"SPI","result",0.0117841,0.0000076,0x7A,0x00
"SPI","result",0.0117931,0.0000076,0x16,0x00
"SPI","result",0.0118021,0.0000076,0xB2,0x00
"SPI","result",0.0118111,0.0000076,0x27,0x00
"SPI","result",0.0118201,0.0000076,0x39,0x00
"SPI","result",0.0118291,0.0000076,0xF8,0x00
"SPI","result",0.0118381,0.0000076,0x4B,0x00
"SPI","result",0.0118471,0.0000076,0x22,0x00
"SPI","result",0.0118561,0.0000076,0xE3,0x00
"SPI","result",0.0118651,0.0000076,0x05,0x00
"SPI","result",0.0118741,0.0000076,0xFC,0x00
"SPI","result",0.0118831,0.0000076,0xD9,0x00
"SPI","result",0.0118921,0.0000076,0x7A,0x00
"SPI","result",0.0119011,0.0000076,0xCC,0x00
"SPI","result",0.0119101,0.0000076,0xC8,0x00
"SPI","result",0.0119191,0.0000076,0x2C,0x00
"SPI","result",0.0119281,0.0000076,0x9D,0x00
"SPI","result",0.0119371,0.0000076,0x16,0x00
"SPI","result",0.0119461,0.0000076,0xB3,0x00
"SPI","result",0.0119551,0.0000076,0xB2,0x00
"SPI","result",0.0119641,0.0000076,0x90,0x00
"SPI","result",0.0119731,0.0000076,0xE9,0x00
"SPI","result",0.0119821,0.0000076,0x81,0x00
"SPI","result",0.0119911,0.0000076,0xDB,0x00
"SPI","result",0.0120001,0.0000076,0x6E,0x00
"SPI","result",0.0120091,0.0000076,0xB1,0x00
"SPI","result",0.0120181,0.0000076,0x1A,0x00
"SPI","result",0.0120271,0.0000076,0x13,0x00
"SPI","result",0.0120361,0.0000076,0x13,0x00
"SPI","result",0.0120451,0.0000076,0x93,0x00
"SPI","result",0.0120541,0.0000076,0x75,0x00
"SPI","result",0.0120631,0.0000076,0xED,0x00
"SPI","result",0.0120721,0.0000076,0xDA,0x00
"SPI","result",0.0120811,0.0000076,0xC5,0x00
"SPI","result",0.0120901,0.0000076,0x89,0x00
"SPI","result",0.0120991,0.0000076,0x0B,0x00
"SPI","result",0.0121081,0.0000076,0x55,0x00
"SPI","result",0.0121171,0.0000076,0xF2,0x00
"SPI","result",0.0121261,0.0000076,0x95,0x00
"SPI","result",0.0121351,0.0000076,0xCE,0x00
"SPI","result",0.0121441,0.0000076,0x0F,0x00
"SPI","result",0.0121531,0.0000076,0x04,0x00
"SPI","result",0.0121621,0.0000076,0x74,0x00
"SPI","result",0.0121711,0.0000076,0xE8,0x00
"SPI","result",0.0121801,0.0000076,0x01,0x00
"SPI","result",0.0121891,0.0000076,0x05,0x00
"SPI","result",0.0121981,0.0000076,0x36,0x00
"SPI","result",0.0122071,0.0000076,0x57,0x00
"SPI","result",0.0122161,0.0000076,0xD7,0x00
"SPI","result",0.0122251,0.0000076,0xE8,0x00
"SPI","result",0.0122341,0.0000076,0xFF,0x00
"SPI","result",0.0122431,0.0000076,0x1E,0x00
"SPI","result",0.0122521,0.0000076,0x5C,0x00
"SPI","result",0.0122611,0.0000076,0x01,0x00
"SPI","result",0.0122701,0.0000076,0x3B,0x00
"SPI","result",0.0122791,0.0000076,0x3D,0x00
"SPI","result",0.0122881,0.0000076,0x85,0x00
"SPI","result",0.0122971,0.0000076,0x92,0x00
"SPI","result",0.0123061,0.0000076,0xFD,0x00
"SPI","result",0.0123151,0.0000076,0xCE,0x00
"SPI","result",0.0123241,0.0000076,0x3E,0x00
"SPI","result",0.0123331,0.0000076,0x3D,0x00
"SPI","result",0.0123657,0.0000076,0x3F,0x00
"SPI","result",0.0123747,0.0000076,0xD4,0x00
"SPI","result",0.0123837,0.0000076,0x00,0x00
"SPI","result",0.0123927,0.0000076,0x24,0x00
"SPI","result",0.0124089,0.0000076,0x00,0x00
"SPI","result",0.0124187,0.0000076,0x00,0x00
"SPI","result",0.0124284,0.0000076,0x00,0x00
"SPI","result",0.0124382,0.0000076,0x00,0x00
"SPI","result",0.012448,0.0000076,0x00,0x00
"SPI","result",0.0124577,0.0000076,0x00,0x00
"SPI","result",0.0124675,0.0000076,0x00,0x00
"SPI","result",0.0124772,0.0000076,0x00,0x00
"SPI","result",0.0124869,0.0000076,0x00,0x00
"SPI","result",0.0124967,0.0000076,0x00,0x00
"SPI","result",0.0125064,0.0000076,0x00,0x00
"SPI","result",0.0125161,0.0000076,0x00,0x00
"SPI","result",0.0125258,0.0000076,0x00,0x01
"SPI","result",0.0125358,0.0000076,0x94,0x00
"SPI","result",0.0125448,0.0000076,0x76,0x00
"SPI","result",0.0125538,0.0000076,0xE9,0x00
"SPI","result",0.0125628,0.0000076,0xB1,0x00
"SPI","result",0.0125718,0.0000076,0x3D,0x00
"SPI","result",0.0125808,0.0000076,0xB8,0x00
"SPI","result",0.0125898,0.0000076,0xCD,0x00
"SPI","result",0.0125988,0.0000076,0xCC,0x00
"SPI","result",0.0126078,0.0000076,0x08,0x00
"SPI","result",0.0126168,0.0000076,0x06,0x00
"SPI","result",0.0126258,0.0000076,0xEB,0x00
"SPI","result",0.0126348,0.0000076,0x7B,0x00
"SPI","result",0.0126438,0.0000076,0xF5,0x00
"SPI","result",0.0126528,0.0000076,0x88,0x00
"SPI","result",0.0126618,0.0000076,0xDB,0x00
"SPI","result",0.0126708,0.0000076,0xE5,0x00
"SPI","result",0.0126798,0.0000076,0x93,0x00
"SPI","result",0.0126888,0.0000076,0x41,0x00
"SPI","result",0.0126978,0.0000076,0xC2,0x00
"SPI","result",0.0127068,0.0000076,0x29,0x00
"SPI","result",0.0127158,0.0000076,0xAB,0x00
"SPI","result",0.0127248,0.0000076,0x87,0x00
"SPI","result",0.0127338,0.0000076,0xB8,0x00
"SPI","result",0.0127428,0.0000076,0x93,0x00
"SPI","result",0.0127518,0.0000076,0x3D,0x00
"SPI","result",0.0127608,0.0000076,0xC3,0x00
"SPI","result",0.0127698,0.0000076,0x74,0x00
"SPI","result",0.0127788,0.0000076,0x61,0x00
"SPI","result",0.0127878,0.0000076,0x85,0x00
"SPI","result",0.0127968,0.0000076,0x47,0x00
"SPI","result",0.0128058,0.0000076,0x8F,0x00
"SPI","result",0.0128148,0.0000076,0x53,0x00
"SPI","result",0.0128238,0.0000076,0x83,0x00
"SPI","result",0.0128328,0.0000076,0xBD,0x00
"SPI","result",0.0128418,0.0000076,0x61,0x00
"SPI","result",0.0128508,0.0000076,0xC9,0x00
"SPI","result",0.0128598,0.0000076,0x6D,0x00
"SPI","result",0.0128688,0.0000076,0xE5,0x00
"SPI","result",0.0128778,0.0000076,0x68,0x00
"SPI","result",0.0128868,0.0000076,0x68,0x00
"SPI","result",0.0128958,0.0000076,0xFC,0x00
"SPI","result",0.0129048,0.0000076,0xBB,0x00
"SPI","result",0.0129138,0.0000076,0x06,0x00
"SPI","result",0.0129228,0.0000076,0xC2,0x00
"SPI","result",0.0129318,0.0000076,0x5A,0x00
"SPI","result",0.0129408,0.0000076,0x2A,0x00
"SPI","result",0.0129498,0.0000076,0xB0,0x00
"SPI","result",0.0129588,0.0000076,0xF2,0x00
"SPI","result",0.0129678,0.0000076,0xE7,0x00
"SPI","result",0.0129768,0.0000076,0x93,0x00
"SPI","result",0.0129858,0.0000076,0x88,0x00
"SPI","result",0.0129948,0.0000076,0x8B,0x00
"SPI","result",0.0130038,0.0000076,0xB7,0x00
"SPI","result",0.0130128,0.0000076,0x96,0x00
"SPI","result",0.0130218,0.0000076,0x4D,0x00
"SPI","result",0.0130308,0.0000076,0x30,0x00
"SPI","result",0.0130398,0.0000076,0x25,0x00
"SPI","result",0.0130488,0.0000076,0xCC,0x00
"SPI","result",0.0130578,0.0000076,0x0D,0x00
"SPI","result",0.0130668,0.0000076,0x4B,0x00
"SPI","result",0.0130758,0.0000076,0xAA,0x00
"SPI","result",0.0130848,0.0000076,0x31,0x00
"SPI","result",0.0130938,0.0000076,0xDE,0x00
"SPI","result",0.0131028,0.0000076,0xBA,0x00
"SPI","result",0.0131298,0.0000076,0x3F,0x00
"SPI","result",0.0131388,0.0000076,0xD4,0x00
"SPI","result",0.0131478,0.0000076,0x00,0x00
"SPI","result",0.0131568,0.0000076,0x24,0x00
"SPI","result",0.0131726,0.0000076,0x00,0x00
"SPI","result",0.0131824,0.0000076,0x00,0x00
"SPI","result",0.013192,0.0000076,0x00,0x00
"SPI","result",0.0132017,0.0000076,0x00,0x00
"SPI","result",0.0132144,0.0000077,0x00,0x00
"SPI","result",0.0132242,0.0000076,0x00,0x00
"SPI","result",0.013234,0.0000076,0x00,0x00
"SPI","result",0.0132438,0.0000076,0x00,0x00
"SPI","result",0.0132535,0.0000076,0x00,0x00
"SPI","result",0.0132632,0.0000076,0x00,0x00
"SPI","result",0.013273,0.0000076,0x00,0x00
"SPI","result",0.0132827,0.0000076,0x00,0x01
"SPI","result",0.0132928,0.0000076,0xD5,0x00
"SPI","result",0.0133018,0.0000076,0x4F,0x00
"SPI","result",0.0133108,0.0000076,0x74,0x00
"SPI","result",0.0133198,0.0000076,0xC5,0x00
"SPI","result",0.0133288,0.0000076,0xA6,0x00
"SPI","result",0.0133378,0.0000076,0x82,0x00
"SPI","result",0.0133468,0.0000076,0xE7,0x00
"SPI","result",0.0133558,0.0000076,0xA1,0x00
"SPI","result",0.0133648,0.0000076,0x69,0x00
"SPI","result",0.0133738,0.0000076,0x66,0x00
"SPI","result",0.0133828,0.0000076,0xA3,0x00
"SPI","result",0.0133918,0.0000076,0x32,0x00
"SPI","result",0.0134008,0.0000076,0x76,0x00
"SPI","result",0.0134098,0.0000076,0xEF,0x00
"SPI","result",0.0134188,0.0000076,0x84,0x00
"SPI","result",0.0134278,0.0000076,0x8D,0x00
"SPI","result",0.0134368,0.0000076,0x32,0x00
"SPI","result",0.0134458,0.0000076,0xEF,0x00
"SPI","result",0.0134548,0.0000076,0x27,0x00
"SPI","result",0.0134638,0.0000076,0x51,0x00
"SPI","result",0.0134728,0.0000076,0x49,0x00
"SPI","result",0.0134818,0.0000076,0x4C,0x00
"SPI","result",0.0134908,0.0000076,0xB2,0x00
"SPI","result",0.0134998,0.0000076,0x07,0x00
"SPI","result",0.0135088,0.0000076,0x32,0x00
"SPI","result",0.0135178,0.0000076,0x0F,0x00
"SPI","result",0.0135268,0.0000076,0x53,0x00
"SPI","result",0.0135358,0.0000076,0x6D,0x00
"SPI","result",0.0135448,0.0000076,0x73,0x00
"SPI","result",0.0135538,0.0000076,0x1A,0x00
"SPI","result",0.0135628,0.0000076,0x1A,0x00
"SPI","result",0.0135717,0.0000077,0x67,0x00
"SPI","result",0.0135807,0.0000077,0xDD,0x00
"SPI","result",0.0135897,0.0000077,0x66,0x00
"SPI","result",0.0135987,0.0000077,0xEC,0x00
"SPI","result",0.0136077,0.0000077,0x10,0x00
"SPI","result",0.0136167,0.0000077,0x04,0x00
"SPI","result",0.0136257,0.0000077,0xCD,0x00
"SPI","result",0.0136347,0.0000077,0x74,0x00
"SPI","result",0.0136437,0.0000077,0x9A,0x00
"SPI","result",0.0136527,0.0000077,0xF0,0x00
"SPI","result",0.0136617,0.0000077,0xB4,0x00
"SPI","result",0.0136707,0.0000077,0xD8,0x00
"SPI","result",0.0136797,0.0000077,0x1B,0x00
"SPI","result",0.0136887,0.0000077,0xA2,0x00
"SPI","result",0.0136977,0.0000077,0xC7,0x00
"SPI","result",0.0137067,0.0000077,0x0F,0x00
"SPI","result",0.0137157,0.0000077,0xCC,0x00
"SPI","result",0.0137247,0.0000077,0xFC,0x00
"SPI","result",0.0137337,0.0000077,0x5C,0x00
"SPI","result",0.0137427,0.0000077,0x7D,0x00
"SPI","result",0.0137517,0.0000077,0x65,0x00
"SPI","result",0.0137607,0.0000077,0xAB,0x00
"SPI","result",0.0137697,0.0000077,0x9D,0x00
"SPI","result",0.0137787,0.0000077,0x09,0x00
"SPI","result",0.0137877,0.0000077,0xFC,0x00
"SPI","result",0.0137967,0.0000077,0x85,0x00
"SPI","result",0.0138057,0.0000077,0x58,0x00
"SPI","result",0.0138147,0.0000077,0xD6,0x00
"SPI","result",0.0138237,0.0000077,0xF8,0x00
"SPI","result",0.0138327,0.0000077,0x09,0x00
"SPI","result",0.0138417,0.0000077,0xA8,0x00
"SPI","result",0.0138507,0.0000077,0x1B,0x00
"SPI","result",0.0138597,0.0000077,0xE5,0x00
"SPI","result",0.0138954,0.0000076,0x80,0x00
"SPI","result",0.0139044,0.0000076,0xD4,0x00
"SPI","result",0.0139134,0.0000076,0x00,0x00
"SPI","result",0.0139224,0.0000076,0x18,0x00
"SPI","result",0.0139395,0.0000076,0x00,0x00
"SPI","result",0.0139494,0.0000076,0x00,0x00
"SPI","result",0.0139591,0.0000076,0x00,0x00
"SPI","result",0.0139689,0.0000076,0x00,0x00
"SPI","result",0.0139788,0.0000077,0x00,0x00
"SPI","result",0.0139886,0.0000076,0x00,0x00
"SPI","result",0.0139984,0.0000076,0x00,0x00
"SPI","result",0.0140081,0.0000076,0x00,0x00
"SPI","result",0.0140179,0.0000076,0x00,0x00
"SPI","result",0.0140276,0.0000076,0x00,0x00
"SPI","result",0.0140373,0.0000076,0x00,0x00
"SPI","result",0.014047,0.0000076,0x00,0x01
"SPI","result",0.0140568,0.0000076,0x00,0x8C
"SPI","result",0.0140735,0.0000076,0x80,0x00
"SPI","result",0.0140825,0.0000076,0xD4,0x00
"SPI","result",0.0140915,0.0000076,0x00,0x00
"SPI","result",0.0141005,0.0000076,0x18,0x00
"SPI","result",0.0141167,0.0000077,0x00,0x00
"SPI","result",0.0141265,0.0000076,0x00,0x00
"SPI","result",0.0141364,0.0000076,0x00,0x00
"SPI","result",0.0141461,0.0000076,0x00,0x00
"SPI","result",0.0141558,0.0000076,0x00,0x00
"SPI","result",0.0141655,0.0000077,0x00,0x00
"SPI","result",0.0141753,0.0000076,0x00,0x00
"SPI","result",0.0141854,0.0000076,0x00,0x00
"SPI","result",0.0141951,0.0000076,0x00,0x00
"SPI","result",0.0142048,0.0000076,0x00,0x00
"SPI","result",0.0142146,0.0000076,0x00,0x00
"SPI","result",0.0142243,0.0000076,0x00,0x00
"SPI","result",0.0142341,0.0000076,0x00,0x00
"SPI","result",0.0142438,0.0000076,0x00,0x01
"SPI","result",0.0142535,0.0000076,0x00,0x8C
"SPI","result",0.0142698,0.0000076,0x83,0x00
"SPI","result",0.0142788,0.0000076,0xD4,0x00
"SPI","result",0.0142878,0.0000076,0x00,0x00
"SPI","result",0.0142968,0.0000076,0x18,0x00
"SPI","result",0.0143135,0.0000076,0x00,0x00
"SPI","result",0.0143233,0.0000076,0x00,0x00
"SPI","result",0.014333,0.0000076,0x00,0x00
"SPI","result",0.0143427,0.0000076,0x00,0x00
"SPI","result",0.0143524,0.0000076,0x00,0x00
"SPI","result",0.0143621,0.0000076,0x00,0x00
"SPI","result",0.0143718,0.0000076,0x00,0x00
"SPI","result",0.0143816,0.0000076,0x00,0x00
"SPI","result",0.0143913,0.0000076,0x00,0x00
"SPI","result",0.014401,0.0000076,0x00,0x00
"SPI","result",0.0144108,0.0000076,0x00,0x00
"SPI","result",0.0144205,0.0000076,0x00,0x00
"SPI","result",0.0144302,0.0000076,0x00,0x00
"SPI","result",0.0144399,0.0000076,0x00,0x00
"SPI","result",0.0144497,0.0000076,0x00,0x01
"SPI","result",0.0144594,0.0000076,0x00,0x04
"SPI","result",0.0144684,0.0000076,0x00,0x00
"SPI","result",0.0144774,0.0000076,0x00,0x01
"SPI","result",0.0144864,0.0000076,0x00,0x8C
"SPI","result",0.0145076,0.0000076,0x3F,0x00
"SPI","result",0.0145166,0.0000076,0xD4,0x00
"SPI","result",0.0145256,0.0000076,0x00,0x00
"SPI","result",0.0145346,0.0000076,0x24,0x00
"SPI","result",0.0145496,0.0000076,0x00,0x00
"SPI","result",0.0145594,0.0000076,0x00,0x00
"SPI","result",0.0145691,0.0000076,0x00,0x00
"SPI","result",0.0145788,0.0000076,0x00,0x00
"SPI","result",0.0145885,0.0000076,0x00,0x00
"SPI","result",0.0145982,0.0000076,0x00,0x00
"SPI","result",0.0146079,0.0000076,0x00,0x00
"SPI","result",0.0146177,0.0000076,0x00,0x00
"SPI","result",0.0146274,0.0000076,0x00,0x00
"SPI","result",0.0146371,0.0000076,0x00,0x00
"SPI","result",0.0146474,0.0000076,0x00,0x00
"SPI","result",0.0146571,0.0000076,0x00,0x00
"SPI","result",0.0146668,0.0000076,0x00,0x00
"SPI","result",0.0146765,0.0000076,0x00,0x00
"SPI","result",0.0146862,0.0000076,0x00,0x01
"SPI","result",0.0146964,0.0000076,0xD1,0x00
"SPI","result",0.0147054,0.0000076,0x75,0x00
"SPI","result",0.0147144,0.0000076,0x22,0x00
"SPI","result",0.0147234,0.0000076,0x90,0x00
"SPI","result",0.0147324,0.0000076,0xE2,0x00
"SPI","result",0.0147414,0.0000076,0x86,0x00
"SPI","result",0.0147504,0.0000076,0x7A,0x00
"SPI","result",0.0147594,0.0000076,0xB2,0x00
"SPI","result",0.0147684,0.0000076,0xFB,0x00
"SPI","result",0.0147774,0.0000076,0xDA,0x00
"SPI","result",0.0147864,0.0000076,0xF3,0x00
"SPI","result",0.0147954,0.0000076,0x04,0x00
"SPI","result",0.0148044,0.0000076,0x0B,0x00
"SPI","result",0.0148134,0.0000076,0x58,0x00
"SPI","result",0.0148224,0.0000076,0xB1,0x00
"SPI","result",0.0148314,0.0000076,0x4A,0x00
"SPI","result",0.0148404,0.0000076,0x07,0x00
"SPI","result",0.0148494,0.0000076,0x9D,0x00
"SPI","result",0.0148584,0.0000076,0x42,0x00
"SPI","result",0.0148674,0.0000076,0xC7,0x00
"SPI","result",0.0148764,0.0000076,0x25,0x00
"SPI","result",0.0148854,0.0000076,0x9C,0x00
"SPI","result",0.0148944,0.0000076,0x1E,0x00
"SPI","result",0.0149034,0.0000076,0x85,0x00
"SPI","result",0.0149124,0.0000076,0xF7,0x00
"SPI","result",0.0149214,0.0000076,0x62,0x00
"SPI","result",0.0149304,0.0000076,0xC4,0x00
"SPI","result",0.0149394,0.0000076,0x68,0x00
"SPI","result",0.0149484,0.0000076,0x74,0x00
"SPI","result",0.0149574,0.0000076,0x15,0x00
"SPI","result",0.0149664,0.0000076,0xEA,0x00
"SPI","result",0.0149754,0.0000076,0x69,0x00
"SPI","result",0.0149844,0.0000076,0x77,0x00
"SPI","result",0.0149934,0.0000076,0x12,0x00
"SPI","result",0.0150024,0.0000076,0x40,0x00
"SPI","result",0.0150114,0.0000076,0x93,0x00
"SPI","result",0.0150204,0.0000076,0x7E,0x00
"SPI","result",0.0150294,0.0000076,0x80,0x00
"SPI","result",0.0150384,0.0000076,0xD7,0x00
"SPI","result",0.0150474,0.0000076,0x29,0x00
"SPI","result",0.0150564,0.0000076,0xE6,0x00
"SPI","result",0.0150654,0.0000076,0x11,0x00
"SPI","result",0.0150744,0.0000076,0x0E,0x00
"SPI","result",0.0150834,0.0000076,0xD1,0x00
"SPI","result",0.0150924,0.0000076,0x13,0x00
"SPI","result",0.0151014,0.0000076,0x2F,0x00
"SPI","result",0.0151104,0.0000076,0x62,0x00
"SPI","result",0.0151194,0.0000076,0x93,0x00
"SPI","result",0.0151284,0.0000076,0xFF,0x00
"SPI","result",0.0151374,0.0000076,0x7E,0x00
"SPI","result",0.0151464,0.0000076,0xD5,0x00
"SPI","result",0.0151554,0.0000076,0x79,0x00
"SPI","result",0.0151644,0.0000076,0x5E,0x00
"SPI","result",0.0151734,0.0000076,0x0F,0x00
"SPI","result",0.0151824,0.0000076,0x06,0x00
"SPI","result",0.0151914,0.0000076,0x7B,0x00
"SPI","result",0.0152004,0.0000076,0x0A,0x00
"SPI","result",0.0152094,0.0000076,0xE2,0x00
"SPI","result",0.0152184,0.0000076,0x08,0x00
"SPI","result",0.0152274,0.0000076,0xCE,0x00
"SPI","result",0.0152364,0.0000076,0xF6,0x00
"SPI","result",0.0152454,0.0000076,0x41,0x00
"SPI","result",0.0152544,0.0000076,0xEE,0x00
"SPI","result",0.0152634,0.0000076,0xE6,0x00
"SPI","result",0.015295,0.0000076,0x3F,0x00
"SPI","result",0.015304,0.0000076,0xD4,0x00
"SPI","result",0.015313,0.0000076,0x00,0x00
"SPI","result",0.015322,0.0000076,0x24,0x00
"SPI","result",0.0153387,0.0000076,0x00,0x00
"SPI","result",0.0153486,0.0000076,0x00,0x00
"SPI","result",0.0153584,0.0000076,0x00,0x00
"SPI","result",0.0153681,0.0000076,0x00,0x00
"SPI","result",0.0153778,0.0000077,0x00,0x00
"SPI","result",0.0153876,0.0000076,0x00,0x00
"SPI","result",0.0153974,0.0000076,0x00,0x00
"SPI","result",0.0154071,0.0000076,0x00,0x00
"SPI","result",0.0154169,0.0000076,0x00,0x00
"SPI","result",0.0154266,0.0000076,0x00,0x00
"SPI","result",0.0154363,0.0000076,0x00,0x00
"SPI","result",0.015446,0.0000076,0x00,0x01
"SPI","result",0.0154561,0.0000076,0x56,0x00
"SPI","result",0.0154651,0.0000076,0xC2,0x00
"SPI","result",0.0154741,0.0000076,0xC8,0x00
"SPI","result",0.0154831,0.0000076,0xED,0x00
"SPI","result",0.0154921,0.0000076,0x33,0x00
"SPI","result",0.0155011,0.0000076,0x3D,0x00
"SPI","result",0.0155101,0.0000076,0x89,0x00
"SPI","result",0.0155191,0.0000076,0x80,0x00
"SPI","result",0.0155281,0.0000076,0x50,0x00
"SPI","result",0.0155371,0.0000076,0x2E,0x00
"SPI","result",0.0155461,0.0000076,0x3E,0x00
"SPI","result",0.0155551,0.0000076,0x15,0x00
"SPI","result",0.0155641,0.0000076,0x91,0x00
"SPI","result",0.0155731,0.0000076,0xA8,0x00
"SPI","result",0.0155821,0.0000076,0x71,0x00
"SPI","result",0.0155911,0.0000076,0x56,0x00
"SPI","result",0.0156001,0.0000076,0x32,0x00
"SPI","result",0.0156091,0.0000076,0x56,0x00
"SPI","result",0.0156181,0.0000076,0xFD,0x00
"SPI","result",0.0156271,0.0000076,0xCB,0x00
"SPI","result",0.0156361,0.0000076,0x1E,0x00
"SPI","result",0.0156451,0.0000076,0x23,0x00
"SPI","result",0.0156541,0.0000076,0x92,0x00
"SPI","result",0.015663,0.0000077,0xAC,0x00
"SPI","result",0.015672,0.0000077,0x39,0x00
"SPI","result",0.015681,0.0000077,0x18,0x00
"SPI","result",0.01569,0.0000077,0x6A,0x00
"SPI","result",0.015699,0.0000077,0x6A,0x00
"SPI","result",0.015708,0.0000077,0xDD,0x00
"SPI","result",0.015717,0.0000077,0xCD,0x00
"SPI","result",0.015726,0.0000077,0xCB,0x00
"SPI","result",0.015735,0.0000077,0x91,0x00
"SPI","result",0.015744,0.0000077,0xB2,0x00
"SPI","result",0.015753,0.0000077,0x04,0x00
"SPI","result",0.015762,0.0000077,0xB7,0x00
"SPI","result",0.015771,0.0000077,0x6C,0x00
"SPI","result",0.01578,0.0000077,0x6F,0x00
"SPI","result",0.015789,0.0000077,0x64,0x00
"SPI","result",0.015798,0.0000077,0x98,0x00
"SPI","result",0.015807,0.0000077,0xEF,0x00
"SPI","result",0.015816,0.0000077,0xAA,0x00
"SPI","result",0.015825,0.0000077,0xC6,0x00
"SPI","result",0.015834,0.0000077,0x29,0x00
"SPI","result",0.015843,0.0000077,0x7F,0x00
"SPI","result",0.015852,0.0000077,0xA1,0x00
"SPI","result",0.015861,0.0000077,0x17,0x00
"SPI","result",0.01587,0.0000077,0xA6,0x00
"SPI","result",0.015879,0.0000077,0x51,0x00
"SPI","result",0.015888,0.0000077,0xD2,0x00
"SPI","result",0.015897,0.0000077,0x8C,0x00
"SPI","result",0.015906,0.0000077,0x92,0x00
"SPI","result",0.015915,0.0000077,0xFA,0x00
"SPI","result",0.015924,0.0000077,0xB7,0x00
"SPI","result",0.015933,0.0000077,0xE8,0x00
"SPI","result",0.015942,0.0000077,0x72,0x00
"SPI","result",0.015951,0.0000077,0x91,0x00
"SPI","result",0.01596,0.0000077,0xBF,0x00
"SPI","result",0.015969,0.0000076,0xEB,0x00
"SPI","result",0.015978,0.0000076,0xEC,0x00
"SPI","result",0.015987,0.0000076,0x3C,0x00
"SPI","result",0.015996,0.0000076,0xAC,0x00
"SPI","result",0.016005,0.0000076,0x14,0x00
"SPI","result",0.016014,0.0000076,0x01,0x00
"SPI","result",0.016023,0.0000076,0xE7,0x00
"SPI","result",0.0160563,0.0000076,0x3F,0x00
"SPI","result",0.0160653,0.0000076,0xD4,0x00
"SPI","result",0.0160743,0.0000076,0x00,0x00
"SPI","result",0.0160833,0.0000076,0x24,0x00
"SPI","result",0.0160998,0.0000076,0x00,0x00
"SPI","result",0.0161095,0.0000076,0x00,0x00
"SPI","result",0.0161193,0.0000076,0x00,0x00
"SPI","result",0.016129,0.0000076,0x00,0x00
"SPI","result",0.0161387,0.0000076,0x00,0x00
"SPI","result",0.0161484,0.0000076,0x00,0x00
"SPI","result",0.0161581,0.0000076,0x00,0x00
"SPI","result",0.0161678,0.0000076,0x00,0x00
"SPI","result",0.0161777,0.0000076,0x00,0x00
"SPI","result",0.0161874,0.0000076,0x00,0x00
"SPI","result",0.0161971,0.0000076,0x00,0x00
"SPI","result",0.0162068,0.0000076,0x00,0x01
"SPI","result",0.0162168,0.0000076,0xB3,0x00
"SPI","result",0.0162258,0.0000076,0xEB,0x00
"SPI","result",0.0162348,0.0000076,0xF4,0x00
"SPI","result",0.0162438,0.0000076,0xD7,0x00
"SPI","result",0.0162528,0.0000076,0x17,0x00
"SPI","result",0.0162618,0.0000076,0x35,0x00
"SPI","result",0.0162708,0.0000076,0x1A,0x00
"SPI","result",0.0162798,0.0000076,0xBE,0x00
"SPI","result",0.0162888,0.0000076,0x11,0x00
"SPI","result",0.0162978,0.0000076,0x83,0x00
"SPI","result",0.0163068,0.0000076,0x24,0x00
"SPI","result",0.0163158,0.0000076,0xA3,0x00
"SPI","result",0.0163248,0.0000076,0xAC,0x00
"SPI","result",0.0163338,0.0000076,0x27,0x00
"SPI","result",0.0163428,0.0000076,0x45,0x00
"SPI","result",0.0163518,0.0000076,0xE4,0x00
"SPI","result",0.0163608,0.0000076,0x42,0x00
"SPI","result",0.0163698,0.0000076,0x39,0x00
"SPI","result",0.0163788,0.0000076,0x2B,0x00
"SPI","result",0.0163878,0.0000076,0x3D,0x00
"SPI","result",0.0163968,0.0000076,0x09,0x00
"SPI","result",0.0164058,0.0000076,0xCB,0x00
"SPI","result",0.0164148,0.0000076,0x9E,0x00
"SPI","result",0.0164238,0.0000076,0x3E,0x00
"SPI","result",0.0164328,0.0000076,0xBD,0x00
"SPI","result",0.0164418,0.0000076,0x35,0x00
"SPI","result",0.0164508,0.0000076,0x1F,0x00
"SPI","result",0.0164598,0.0000076,0xD1,0x00
"SPI","result",0.0164688,0.0000076,0xAB,0x00
"SPI","result",0.0164778,0.0000076,0x8C,0x00
"SPI","result",0.0164868,0.0000076,0x91,0x00
"SPI","result",0.0164958,0.0000076,0xE9,0x00
"SPI","result",0.0165048,0.0000076,0x27,0x00
"SPI","result",0.0165138,0.0000076,0xBB,0x00
"SPI","result",0.0165228,0.0000076,0x34,0x00
"SPI","result",0.0165318,0.0000076,0xB2,0x00
"SPI","result",0.0165408,0.0000076,0x35,0x00
"SPI","result",0.0165498,0.0000076,0x6B,0x00
"SPI","result",0.0165588,0.0000076,0x73,0x00
"SPI","result",0.0165678,0.0000076,0x5E,0x00
"SPI","result",0.0165768,0.0000076,0x0F,0x00
"SPI","result",0.0165858,0.0000076,0x2D,0x00
"SPI","result",0.0165948,0.0000076,0x9E,0x00
"SPI","result",0.0166038,0.0000076,0x08,0x00
"SPI","result",0.0166128,0.0000076,0x0C,0x00
"SPI","result",0.0166218,0.0000076,0x1F,0x00
"SPI","result",0.0166308,0.0000076,0x32,0x00
"SPI","result",0.0166398,0.0000076,0x5D,0x00
"SPI","result",0.0166488,0.0000076,0x5C,0x00
"SPI","result",0.0166578,0.0000076,0xEC,0x00
"SPI","result",0.0166668,0.0000076,0x17,0x00
"SPI","result",0.0166758,0.0000076,0xAA,0x00
"SPI","result",0.0166848,0.0000076,0x8C,0x00
"SPI","result",0.0166938,0.0000076,0x0B,0x00
"SPI","result",0.0167028,0.0000076,0x8C,0x00
"SPI","result",0.0167118,0.0000076,0x6B,0x00
"SPI","result",0.0167208,0.0000076,0x14,0x00
"SPI","result",0.0167298,0.0000076,0xDE,0x00
"SPI","result",0.0167388,0.0000076,0x08,0x00
"SPI","result",0.0167478,0.0000076,0x1B,0x00
"SPI","result",0.0167568,0.0000076,0x13,0x00
"SPI","result",0.0167658,0.0000076,0x1C,0x00
"SPI","result",0.0167748,0.0000076,0xF2,0x00
"SPI","result",0.0167838,0.0000076,0x6A,0x00
"SPI","result",0.0168073,0.0000076,0x3F,0x00
"SPI","result",0.0168163,0.0000076,0xD4,0x00
"SPI","result",0.0168253,0.0000076,0x00,0x00
"SPI","result",0.0168343,0.0000076,0x24,0x00
"SPI","result",0.0168502,0.0000076,0x00,0x00
"SPI","result",0.01686,0.0000076,0x00,0x00
"SPI","result",0.0168697,0.0000077,0x00,0x00
"SPI","result",0.0168794,0.0000076,0x00,0x00
"SPI","result",0.0168891,0.0000076,0x00,0x00
"SPI","result",0.0168988,0.0000076,0x00,0x00
"SPI","result",0.0169085,0.0000076,0x00,0x00
"SPI","result",0.0169183,0.0000076,0x00,0x00
"SPI","result",0.016928,0.0000076,0x00,0x00
"SPI","result",0.0169378,0.0000076,0x00,0x00
"SPI","result",0.0169475,0.0000076,0x00,0x00
"SPI","result",0.0169571,0.0000076,0x00,0x00
"SPI","result",0.0169669,0.0000076,0x00,0x01
"SPI","result",0.0169768,0.0000076,0xE4,0x00
"SPI","result",0.0169858,0.0000076,0x0C,0x00
"SPI","result",0.0169948,0.0000076,0xC6,0x00
"SPI","result",0.0170038,0.0000076,0xB9,0x00
"SPI","result",0.0170128,0.0000076,0x84,0x00
"SPI","result",0.0170218,0.0000076,0x1B,0x00
"SPI","result",0.0170308,0.0000076,0x9F,0x00
"SPI","result",0.0170398,0.0000076,0xB6,0x00
"SPI","result",0.0170488,0.0000076,0x7A,0x00
"SPI","result",0.0170578,0.0000076,0xBC,0x00
"SPI","result",0.0170668,0.0000076,0xFD,0x00
"SPI","result",0.0170758,0.0000076,0x06,0x00
"SPI","result",0.0170848,0.0000076,0x83,0x00
"SPI","result",0.0170938,0.0000076,0xB5,0x00
"SPI","result",0.0171028,0.0000076,0x4A,0x00
"SPI","result",0.0171118,0.0000076,0x4B,0x00
"SPI","result",0.0171208,0.0000076,0x4F,0x00
"SPI","result",0.0171298,0.0000076,0x88,0x00
"SPI","result",0.0171388,0.0000076,0x1E,0x00
"SPI","result",0.0171478,0.0000076,0xFB,0x00
"SPI","result",0.0171568,0.0000076,0x69,0x00
"SPI","result",0.0171658,0.0000076,0xF8,0x00
"SPI","result",0.0171748,0.0000076,0x87,0x00
"SPI","result",0.0171838,0.0000076,0x07,0x00
"SPI","result",0.0171928,0.0000076,0xB6,0x00
"SPI","result",0.0172018,0.0000076,0xF5,0x00
"SPI","result",0.0172108,0.0000076,0xF2,0x00
"SPI","result",0.0172198,0.0000076,0xE3,0x00
"SPI","result",0.0172288,0.0000076,0xEA,0x00
"SPI","result",0.0172378,0.0000076,0xCA,0x00
"SPI","result",0.0172468,0.0000076,0xE6,0x00
"SPI","result",0.0172558,0.0000076,0x26,0x00
"SPI","result",0.0172648,0.0000076,0x02,0x00
"SPI","result",0.0172738,0.0000076,0x30,0x00
"SPI","result",0.0172828,0.0000076,0xDC,0x00
"SPI","result",0.0172918,0.0000076,0x1B,0x00
"SPI","result",0.0173008,0.0000076,0x95,0x00
"SPI","result",0.0173098,0.0000076,0x9B,0x00
"SPI","result",0.0173188,0.0000076,0x68,0x00
"SPI","result",0.0173278,0.0000076,0x45,0x00
"SPI","result",0.0173368,0.0000076,0x81,0x00
"SPI","result",0.0173458,0.0000076,0x7C,0x00
"SPI","result",0.0173548,0.0000076,0x4C,0x00
"SPI","result",0.0173638,0.0000076,0x85,0x00
"SPI","result",0.0173728,0.0000076,0x7B,0x00
"SPI","result",0.0173818,0.0000076,0xAA,0x00
"SPI","result",0.0173908,0.0000076,0x23,0x00
"SPI","result",0.0173998,0.0000076,0x6A,0x00
"SPI","result",0.0174088,0.0000076,0x43,0x00
"SPI","result",0.0174178,0.0000076,0x30,0x00
"SPI","result",0.0174268,0.0000076,0x62,0x00
"SPI","result",0.0174358,0.0000076,0xD8,0x00
"SPI","result",0.0174448,0.0000076,0x38,0x00
"SPI","result",0.0174538,0.0000076,0xFA,0x00
"SPI","result",0.0174628,0.0000076,0x61,0x00
"SPI","result",0.0174718,0.0000076,0x02,0x00
"SPI","result",0.0174808,0.0000076,0xCA,0x00
"SPI","result",0.0174898,0.0000076,0x47,0x00
"SPI","result",0.0174988,0.0000076,0x8B,0x00
"SPI","result",0.0175078,0.0000076,0xDC,0x00
"SPI","result",0.0175168,0.0000076,0x26,0x00
"SPI","result",0.0175258,0.0000076,0x76,0x00
"SPI","result",0.0175348,0.0000076,0x84,0x00
"SPI","result",0.0175438,0.0000076,0x3F,0x00
"SPI","result",0.0175693,0.0000076,0x80,0x00
"SPI","result",0.0175783,0.0000076,0xD4,0x00
"SPI","result",0.0175873,0.0000076,0x00,0x00
"SPI","result",0.0175963,0.0000076,0x18,0x00
"SPI","result",0.0176119,0.0000076,0x00,0x00
"SPI","result",0.0176216,0.0000076,0x00,0x00
"SPI","result",0.0176313,0.0000076,0x00,0x00
"SPI","result",0.017641,0.0000076,0x00,0x00
"SPI","result",0.0176507,0.0000076,0x00,0x00
"SPI","result",0.0176604,0.0000076,0x00,0x00
"SPI","result",0.0176701,0.0000076,0x00,0x00
"SPI","result",0.0176798,0.0000076,0x00,0x00
"SPI","result",0.0176895,0.0000076,0x00,0x00
"SPI","result",0.0176992,0.0000076,0x00,0x00
"SPI","result",0.0177089,0.0000076,0x00,0x00
"SPI","result",0.0177186,0.0000076,0x00,0x00
"SPI","result",0.0177284,0.0000076,0x00,0x00
"SPI","result",0.0177381,0.0000076,0x00,0x01
"SPI","result",0.0177478,0.0000076,0x00,0x8C
"SPI","result",0.0177636,0.0000076,0x80,0x00
"SPI","result",0.0177726,0.0000076,0xD4,0x00
"SPI","result",0.0177816,0.0000076,0x00,0x00
"SPI","result",0.0177906,0.0000076,0x18,0x00
"SPI","result",0.0178062,0.0000076,0x00,0x00
"SPI","result",0.017816,0.0000076,0x00,0x00
"SPI","result",0.0178257,0.0000076,0x00,0x00
"SPI","result",0.0178354,0.0000076,0x00,0x00
"SPI","result",0.0178472,0.0000076,0x00,0x00
"SPI","result",0.0178569,0.0000076,0x00,0x00
"SPI","result",0.0178666,0.0000076,0x00,0x00
"SPI","result",0.0178764,0.0000076,0x00,0x00
"SPI","result",0.0178861,0.0000076,0x00,0x00
"SPI","result",0.0178959,0.0000076,0x00,0x00
"SPI","result",0.0179056,0.0000076,0x00,0x00
"SPI","result",0.0179153,0.0000076,0x00,0x00
"SPI","result",0.017925,0.0000076,0x00,0x00
"SPI","result",0.0179348,0.0000076,0x00,0x01
"SPI","result",0.0179445,0.0000076,0x00,0x8C
"SPI","result",0.0179606,0.0000076,0x83,0x00
"SPI","result",0.0179696,0.0000076,0xD4,0x00
"SPI","result",0.0179786,0.0000076,0x00,0x00
"SPI","result",0.0179876,0.0000076,0x18,0x00
"SPI","result",0.018306,0.0000076,0x00,0x00
"SPI","result",0.0183159,0.0000076,0x00,0x00
"SPI","result",0.0183257,0.0000076,0x00,0x00
"SPI","result",0.0183354,0.0000077,0x00,0x00
"SPI","result",0.0183451,0.0000076,0x00,0x00
"SPI","result",0.0183551,0.0000076,0x00,0x00
"SPI","result",0.0183648,0.0000076,0x00,0x00
"SPI","result",0.0183745,0.0000076,0x00,0x00
"SPI","result",0.0183842,0.0000076,0x00,0x00
"SPI","result",0.0183939,0.0000076,0x00,0x00
"SPI","result",0.0184036,0.0000076,0x00,0x01
"SPI","result",0.0184134,0.0000076,0x00,0x04
"SPI","result",0.0184224,0.0000076,0x00,0x00
"SPI","result",0.0184314,0.0000076,0x00,0x01
"SPI","result",0.0184404,0.0000076,0x00,0x8C
"SPI","result",0.0184672,0.0000076,0x14,0x00
"SPI","result",0.0184762,0.0000076,0xD4,0x00
"SPI","result",0.0184852,0.0000076,0x00,0x00
"SPI","result",0.0184942,0.0000076,0x24,0x00
"SPI","result",0.01851,0.0000076,0x00,0x00
"SPI","result",0.0185197,0.0000076,0x00,0x00
"SPI","result",0.0185295,0.0000076,0x00,0x00
"SPI","result",0.0185392,0.0000076,0x00,0x00
"SPI","result",0.018549,0.0000076,0x00,0x00
"SPI","result",0.018559,0.0000076,0x00,0x00
"SPI","result",0.0185687,0.0000076,0x00,0x00
"SPI","result",0.0185784,0.0000076,0x00,0x00
"SPI","result",0.0185881,0.0000076,0x00,0x00
"SPI","result",0.0185978,0.0000076,0x00,0x00
"SPI","result",0.0186074,0.0000076,0x00,0x00
"SPI","result",0.0186171,0.0000077,0x00,0x01
"SPI","result",0.0186273,0.0000076,0x23,0x00
"SPI","result",0.0186363,0.0000076,0x1D,0x00
"SPI","result",0.0186453,0.0000076,0x31,0x00
"SPI","result",0.0186543,0.0000076,0x24,0x00
"SPI","result",0.0186633,0.0000076,0xCC,0x00
"SPI","result",0.0186723,0.0000076,0x09,0x00
"SPI","result",0.0186813,0.0000076,0x7D,0x00
"SPI","result",0.0186903,0.0000076,0x03,0x00
"SPI","result",0.0186993,0.0000076,0xAD,0x00
"SPI","result",0.0187083,0.0000076,0x3C,0x00
"SPI","result",0.0187173,0.0000076,0x9E,0x00
"SPI","result",0.0187263,0.0000076,0xBC,0x00
"SPI","result",0.0187353,0.0000076,0x86,0x00
"SPI","result",0.0187443,0.0000076,0x2E,0x00
"SPI","result",0.0187533,0.0000076,0x29,0x00
"SPI","result",0.0187623,0.0000076,0xC1,0x00
"SPI","result",0.0187713,0.0000076,0x3E,0x00
"SPI","result",0.0187803,0.0000076,0xBF,0x00
"SPI","result",0.0187893,0.0000076,0x26,0x00
"SPI","result",0.0187983,0.0000076,0x38,0x00
"SPI","result",0.0188073,0.0000076,0x76,0x00
"SPI","result",0.0188347,0.0000076,0x80,0x00
"SPI","result",0.0188437,0.0000076,0xD4,0x00
"SPI","result",0.0188527,0.0000076,0x00,0x00
"SPI","result",0.0188617,0.0000076,0x18,0x00
"SPI","result",0.0188786,0.0000077,0x00,0x00
"SPI","result",0.0188885,0.0000076,0x00,0x00
"SPI","result",0.0188981,0.0000077,0x00,0x00
"SPI","result",0.0189079,0.0000076,0x00,0x00
"SPI","result",0.0189213,0.0000077,0x00,0x00
"SPI","result",0.0189311,0.0000076,0x00,0x00
"SPI","result",0.0189409,0.0000076,0x00,0x00
"SPI","result",0.0189507,0.0000076,0x00,0x00
"SPI","result",0.0189604,0.0000076,0x00,0x00
"SPI","result",0.0189701,0.0000076,0x00,0x00
"SPI","result",0.0189797,0.0000076,0x00,0x01
"SPI","result",0.0189895,0.0000076,0x00,0x8C
"SPI","result",0.0190053,0.0000076,0x80,0x00
"SPI","result",0.0190143,0.0000076,0xD4,0x00
"SPI","result",0.0190233,0.0000076,0x00,0x00
"SPI","result",0.0190323,0.0000076,0x18,0x00
"SPI","result",0.0190516,0.0000076,0x00,0x00
"SPI","result",0.0190613,0.0000076,0x00,0x00
"SPI","result",0.019071,0.0000076,0x00,0x00
"SPI","result",0.0190807,0.0000076,0x00,0x00
"SPI","result",0.0190903,0.0000076,0x00,0x00
"SPI","result",0.0191,0.0000076,0x00,0x00
"SPI","result",0.0191097,0.0000076,0x00,0x00
"SPI","result",0.0191194,0.0000076,0x00,0x00
"SPI","result",0.0191291,0.0000076,0x00,0x00
"SPI","result",0.0191388,0.0000076,0x00,0x00
"SPI","result",0.0191485,0.0000076,0x00,0x00
"SPI","result",0.0191582,0.0000076,0x00,0x00
"SPI","result",0.0191679,0.0000076,0x00,0x00
"SPI","result",0.0191776,0.0000076,0x00,0x01
"SPI","result",0.0191873,0.0000076,0x00,0x8C
"SPI","result",0.0192035,0.0000076,0x00,0x00
"SPI","result",0.0192125,0.0000076,0xD4,0x00
"SPI","result",0.0192215,0.0000076,0x00,0x00
"SPI","result",0.0192305,0.0000076,0x24,0x00
"SPI","result",0.0192464,0.0000076,0x00,0x00
"SPI","result",0.0192561,0.0000076,0x00,0x00
"SPI","result",0.0192658,0.0000076,0x00,0x00
"SPI","result",0.0192756,0.0000076,0x00,0x00
"SPI","result",0.0192853,0.0000076,0x00,0x00
"SPI","result",0.0192951,0.0000076,0x00,0x00
"SPI","result",0.0193048,0.0000076,0x00,0x00
"SPI","result",0.0193146,0.0000076,0x00,0x00
"SPI","result",0.0193242,0.0000076,0x00,0x00
"SPI","result",0.019334,0.0000076,0x00,0x00
"SPI","result",0.0193437,0.0000076,0x00,0x00
"SPI","result",0.0193534,0.0000076,0x00,0x00
"SPI","result",0.0193631,0.0000076,0x00,0x00
"SPI","result",0.0193728,0.0000076,0x00,0x01
"SPI","result",0.0193826,0.0000076,0x09,0x00
"SPI","result",0.0193983,0.0000077,0x80,0x00
"SPI","result",0.0194073,0.0000077,0xD4,0x00
"SPI","result",0.0194163,0.0000077,0x00,0x00
"SPI","result",0.0194253,0.0000077,0x18,0x00
"SPI","result",0.019441,0.0000076,0x00,0x00
"SPI","result",0.0194508,0.0000076,0x00,0x00
"SPI","result",0.0194605,0.0000076,0x00,0x00
"SPI","result",0.0194702,0.0000076,0x00,0x00
"SPI","result",0.0194799,0.0000076,0x00,0x00
"SPI","result",0.0194897,0.0000076,0x00,0x00
"SPI","result",0.0194994,0.0000076,0x00,0x00
"SPI","result",0.0195091,0.0000076,0x00,0x00
"SPI","result",0.0195188,0.0000076,0x00,0x00
"SPI","result",0.0195285,0.0000076,0x00,0x00
"SPI","result",0.0195382,0.0000076,0x00,0x01
"SPI","result",0.0195479,0.0000077,0x00,0x84
"SPI","result",0.0195638,0.0000076,0x80,0x00
"SPI","result",0.0195728,0.0000076,0xD4,0x00
"SPI","result",0.0195818,0.0000076,0x00,0x00
"SPI","result",0.0195908,0.0000076,0x18,0x00
"SPI","result",0.0196061,0.0000076,0x00,0x00
"SPI","result",0.0196159,0.0000076,0x00,0x00
"SPI","result",0.0196256,0.0000076,0x00,0x00
"SPI","result",0.0196353,0.0000076,0x00,0x00
"SPI","result",0.019645,0.0000076,0x00,0x00
"SPI","result",0.0196547,0.0000076,0x00,0x00
"SPI","result",0.0196644,0.0000076,0x00,0x00
"SPI","result",0.0196741,0.0000076,0x00,0x00
"SPI","result",0.0196838,0.0000076,0x00,0x00
"SPI","result",0.0196935,0.0000076,0x00,0x00
"SPI","result",0.0197032,0.0000076,0x00,0x00
"SPI","result",0.0197129,0.0000076,0x00,0x00
"SPI","result",0.0197226,0.0000076,0x00,0x00
"SPI","result",0.0197323,0.0000076,0x00,0x01
"SPI","result",0.019742,0.0000076,0x00,0x84
"SPI","result",0.019758,0.0000076,0x00,0x00
"SPI","result",0.019767,0.0000076,0xD4,0x00
"SPI","result",0.019776,0.0000076,0x00,0x00
"SPI","result",0.019785,0.0000076,0x18,0x00
"SPI","result",0.0198002,0.0000076,0x00,0x00
"SPI","result",0.0198099,0.0000076,0x00,0x00
"SPI","result",0.0198196,0.0000076,0x00,0x00
"SPI","result",0.0198293,0.0000076,0x00,0x00
"SPI","result",0.019839,0.0000076,0x00,0x00
"SPI","result",0.0198487,0.0000077,0x00,0x00
"SPI","result",0.0198584,0.0000077,0x00,0x00
"SPI","result",0.0198681,0.0000076,0x00,0x00
"SPI","result",0.0198779,0.0000076,0x00,0x00
"SPI","result",0.0198875,0.0000076,0x00,0x00
"SPI","result",0.0198972,0.0000076,0x00,0x01
"SPI","result",0.019907,0.0000076,0x20,0x00
"SPI","result",0.0199378,0.0000076,0x80,0x00
"SPI","result",0.0199468,0.0000076,0xD4,0x00
"SPI","result",0.0199558,0.0000076,0x00,0x00
"SPI","result",0.0199648,0.0000076,0x18,0x00
"SPI","result",0.0199808,0.0000076,0x00,0x00
"SPI","result",0.0199906,0.0000076,0x00,0x00
"SPI","result",0.0200004,0.0000076,0x00,0x00
"SPI","result",0.0200101,0.0000076,0x00,0x00
"SPI","result",0.0200199,0.0000076,0x00,0x00
"SPI","result",0.0200296,0.0000076,0x00,0x00
"SPI","result",0.0200393,0.0000076,0x00,0x00
"SPI","result",0.020049,0.0000076,0x00,0x00
"SPI","result",0.0200587,0.0000076,0x00,0x00
"SPI","result",0.0200684,0.0000076,0x00,0x00
"SPI","result",0.0200781,0.0000076,0x00,0x00
"SPI","result",0.0200878,0.0000076,0x00,0x00
"SPI","result",0.0200976,0.0000076,0x00,0x01
"SPI","result",0.0201073,0.0000076,0x00,0x84
"SPI","result",0.0211295,0.0000076,0x80,0x00
"SPI","result",0.0211385,0.0000076,0xD4,0x00
"SPI","result",0.0211475,0.0000076,0x00,0x00
"SPI","result",0.0211565,0.0000076,0x18,0x00
"SPI","result",0.0211735,0.0000076,0x00,0x00
"SPI","result",0.0211834,0.0000076,0x00,0x00
"SPI","result",0.0211931,0.0000076,0x00,0x00
"SPI","result",0.0212031,0.0000076,0x00,0x00
"SPI","result",0.021213,0.0000076,0x00,0x00
"SPI","result",0.0212228,0.0000076,0x00,0x00
"SPI","result",0.0212325,0.0000076,0x00,0x00
"SPI","result",0.0212422,0.0000076,0x00,0x00
"SPI","result",0.0212519,0.0000076,0x00,0x00
"SPI","result",0.0212616,0.0000076,0x00,0x00
"SPI","result",0.0212713,0.0000076,0x00,0x00
"SPI","result",0.021281,0.0000076,0x00,0x00
"SPI","result",0.0212907,0.0000076,0x00,0x00
"SPI","result",0.0213004,0.0000076,0x00,0x01
"SPI","result",0.0213101,0.0000076,0x00,0x94
"SPI","result",0.0213269,0.0000076,0x80,0x00
"SPI","result",0.0213359,0.0000076,0xD4,0x00
"SPI","result",0.0213449,0.0000076,0x00,0x00
"SPI","result",0.0213539,0.0000076,0x18,0x00
"SPI","result",0.0213691,0.0000076,0x00,0x00
"SPI","result",0.0213789,0.0000076,0x00,0x00
"SPI","result",0.0213887,0.0000076,0x00,0x00
"SPI","result",0.0213985,0.0000076,0x00,0x00
"SPI","result",0.0214082,0.0000076,0x00,0x00
"SPI","result",0.021418,0.0000076,0x00,0x00
"SPI","result",0.0214277,0.0000076,0x00,0x00
"SPI","result",0.0214374,0.0000076,0x00,0x00
"SPI","result",0.0214471,0.0000076,0x00,0x00
"SPI","result",0.0214568,0.0000076,0x00,0x00
"SPI","result",0.0214665,0.0000076,0x00,0x00
"SPI","result",0.0214762,0.0000076,0x00,0x00
"SPI","result",0.0214859,0.0000076,0x00,0x00
"SPI","result",0.0214956,0.0000076,0x00,0x00
"SPI","result",0.0215053,0.0000076,0x00,0x01
"SPI","result",0.021515,0.0000076,0x00,0x94
"SPI","result",0.0215317,0.0000076,0x83,0x00
"SPI","result",0.0215407,0.0000076,0xD4,0x00
"SPI","result",0.0215497,0.0000076,0x00,0x00
"SPI","result",0.0215587,0.0000076,0x18,0x00
"SPI","result",0.0215744,0.0000077,0x00,0x00
"SPI","result",0.0215842,0.0000076,0x00,0x00
"SPI","result",0.021594,0.0000076,0x00,0x00
"SPI","result",0.0216037,0.0000076,0x00,0x00
"SPI","result",0.0216134,0.0000076,0x00,0x00
"SPI","result",0.0216232,0.0000076,0x00,0x00
"SPI","result",0.0216329,0.0000076,0x00,0x00
"SPI","result",0.0216429,0.0000076,0x00,0x00
"SPI","result",0.0216526,0.0000076,0x00,0x00
"SPI","result",0.0216624,0.0000076,0x00,0x00
"SPI","result",0.0216721,0.0000077,0x00,0x00
"SPI","result",0.0216819,0.0000076,0x00,0x00
"SPI","result",0.0216916,0.0000076,0x00,0x00
"SPI","result",0.0217013,0.0000076,0x00,0x01
"SPI","result",0.0217111,0.0000076,0x00,0x04
"SPI","result",0.0217201,0.0000076,0x00,0x00
"SPI","result",0.0217291,0.0000076,0x00,0x01
"SPI","result",0.0217381,0.0000076,0x00,0x94
"SPI","result",0.0217593,0.0000076,0x89,0x00
"SPI","result",0.0217683,0.0000076,0xD4,0x00
"SPI","result",0.0217773,0.0000076,0x00,0x00
"SPI","result",0.0217863,0.0000076,0x24,0x00
"SPI","result",0.0218013,0.0000076,0x00,0x00
"SPI","result",0.0218111,0.0000076,0x00,0x00
"SPI","result",0.0218209,0.0000076,0x00,0x00
"SPI","result",0.0218307,0.0000076,0x00,0x00
"SPI","result",0.0218404,0.0000076,0x00,0x00
"SPI","result",0.0218501,0.0000076,0x00,0x00
"SPI","result",0.0218598,0.0000077,0x00,0x00
"SPI","result",0.0218696,0.0000076,0x00,0x00
"SPI","result",0.0218793,0.0000076,0x00,0x00
"SPI","result",0.021889,0.0000076,0x00,0x00
"SPI","result",0.0218987,0.0000076,0x00,0x00
"SPI","result",0.0219084,0.0000077,0x00,0x01
"SPI","result",0.0219182,0.0000076,0x00,0x80
"SPI","result",0.0219272,0.0000076,0x00,0x01
"SPI","result",0.0219362,0.0000076,0x00,0x00
"SPI","result",0.0219452,0.0000076,0x00,0x00
"SPI","result",0.0219542,0.0000076,0x00,0x00
"SPI","result",0.0219632,0.0000076,0x00,0x0A
"SPI","result",0.0219722,0.0000076,0x00,0x00
"SPI","result",0.0219812,0.0000076,0x00,0x00
"SPI","result",0.0219902,0.0000076,0x00,0x01
"SPI","result",0.0219992,0.0000076,0x00,0xC4
"SPI","result",0.0220214,0.0000076,0x80,0x00
"SPI","result",0.0220304,0.0000076,0xD4,0x00
"SPI","result",0.0220394,0.0000076,0x00,0x00
"SPI","result",0.0220484,0.0000076,0x18,0x00
"SPI","result",0.0220633,0.0000076,0x00,0x00
"SPI","result",0.0220731,0.0000076,0x00,0x00
"SPI","result",0.0220828,0.0000076,0x00,0x00
"SPI","result",0.0220926,0.0000076,0x00,0x00
"SPI","result",0.0221023,0.0000077,0x00,0x00
"SPI","result",0.0221121,0.0000076,0x00,0x00
"SPI","result",0.0221218,0.0000076,0x00,0x00
"SPI","result",0.0221315,0.0000076,0x00,0x00
"SPI","result",0.0221413,0.0000076,0x00,0x00
"SPI","result",0.022151,0.0000076,0x00,0x00
"SPI","result",0.0221609,0.0000076,0x00,0x00
"SPI","result",0.0221705,0.0000076,0x00,0x00
"SPI","result",0.0221803,0.0000076,0x00,0x01
"SPI","result",0.02219,0.0000076,0x00,0x84
"SPI","result",0.0222058,0.0000076,0x80,0x00
"SPI","result",0.0222148,0.0000076,0xD4,0x00
"SPI","result",0.0222238,0.0000076,0x00,0x00
"SPI","result",0.0222328,0.0000076,0x18,0x00
"SPI","result",0.0222484,0.0000076,0x00,0x00
"SPI","result",0.0222581,0.0000076,0x00,0x00
"SPI","result",0.0222678,0.0000076,0x00,0x00
"SPI","result",0.0222775,0.0000076,0x00,0x00
"SPI","result",0.0222873,0.0000076,0x00,0x00
"SPI","result",0.022297,0.0000076,0x00,0x00
"SPI","result",0.0223068,0.0000076,0x00,0x00
"SPI","result",0.0223165,0.0000076,0x00,0x00
"SPI","result",0.0223261,0.0000076,0x00,0x00
"SPI","result",0.0223359,0.0000076,0x00,0x00
"SPI","result",0.0223456,0.0000076,0x00,0x00
"SPI","result",0.0223553,0.0000076,0x00,0x00
"SPI","result",0.022365,0.0000076,0x00,0x00
"SPI","result",0.0223748,0.0000076,0x00,0x00
"SPI","result",0.0223845,0.0000076,0x00,0x01
"SPI","result",0.0223943,0.0000076,0x00,0x84
"SPI","result",0.02241,0.0000076,0x00,0x00
"SPI","result",0.022419,0.0000076,0xD4,0x00
"SPI","result",0.022428,0.0000076,0x00,0x00
"SPI","result",0.022437,0.0000076,0x18,0x00
"SPI","result",0.0224521,0.0000076,0x00,0x00
"SPI","result",0.0224619,0.0000076,0x00,0x00
"SPI","result",0.0224716,0.0000076,0x00,0x00
"SPI","result",0.0224814,0.0000076,0x00,0x00
"SPI","result",0.0224911,0.0000076,0x00,0x00
"SPI","result",0.0225008,0.0000076,0x00,0x00
"SPI","result",0.0225105,0.0000076,0x00,0x00
"SPI","result",0.0225202,0.0000076,0x00,0x00
"SPI","result",0.0225299,0.0000076,0x00,0x00
"SPI","result",0.0225396,0.0000076,0x00,0x00
"SPI","result",0.0225494,0.0000076,0x00,0x00
"SPI","result",0.022559,0.0000076,0x00,0x00
"SPI","result",0.0225688,0.0000076,0x00,0x00
"SPI","result",0.0225785,0.0000076,0x00,0x01
"SPI","result",0.0225882,0.0000076,0x40,0x00
"SPI","result",0.0226461,0.0000076,0x80,0x00
"SPI","result",0.0226551,0.0000076,0xD4,0x00
"SPI","result",0.0226641,0.0000076,0x00,0x00
"SPI","result",0.0226731,0.0000076,0x18,0x00
"SPI","result",0.0226898,0.0000076,0x00,0x00
"SPI","result",0.0226996,0.0000077,0x00,0x00
"SPI","result",0.0227095,0.0000076,0x00,0x00
"SPI","result",0.0227192,0.0000076,0x00,0x00
"SPI","result",0.022729,0.0000076,0x00,0x00
"SPI","result",0.0227388,0.0000076,0x00,0x00
"SPI","result",0.0227485,0.0000076,0x00,0x00
"SPI","result",0.0227583,0.0000076,0x00,0x00
"SPI","result",0.0227681,0.0000076,0x00,0x00
"SPI","result",0.0227779,0.0000076,0x00,0x00
"SPI","result",0.0227876,0.0000076,0x00,0x00
"SPI","result",0.0227974,0.0000076,0x00,0x00
"SPI","result",0.0228071,0.0000076,0x00,0x00
"SPI","result",0.0228169,0.0000076,0x00,0x01
"SPI","result",0.0228267,0.0000076,0x00,0x84
"SPI","result",0.0228425,0.0000076,0x00,0x00
"SPI","result",0.0228515,0.0000076,0xD4,0x00
"SPI","result",0.0228605,0.0000076,0x00,0x00
"SPI","result",0.0228695,0.0000076,0x18,0x00
"SPI","result",0.0228845,0.0000076,0x00,0x00
"SPI","result",0.0228943,0.0000076,0x00,0x00
"SPI","result",0.0229041,0.0000076,0x00,0x00
"SPI","result",0.0229138,0.0000076,0x00,0x00
"SPI","result",0.0229235,0.0000076,0x00,0x00
"SPI","result",0.0229333,0.0000076,0x00,0x00
"SPI","result",0.022943,0.0000076,0x00,0x00
"SPI","result",0.0229529,0.0000076,0x00,0x00
"SPI","result",0.027773,0.0000076,0x00,0x00
"SPI","result",0.0277828,0.0000076,0x00,0x00
"SPI","result",0.0277925,0.0000076,0x00,0x01
"SPI","result",0.0278035,0.0000076,0x40,0x00
"SPI","result",0.027823,0.0000076,0x80,0x00
"SPI","result",0.027832,0.0000076,0xD4,0x00
"SPI","result",0.027841,0.0000076,0x00,0x00
"SPI","result",0.02785,0.0000076,0x18,0x00
"SPI","result",0.0278718,0.0000077,0x00,0x00
"SPI","result",0.0278816,0.0000076,0x00,0x00
"SPI","result",0.0278913,0.0000076,0x00,0x00
"SPI","result",0.027901,0.0000076,0x00,0x00
"SPI","result",0.0279109,0.0000076,0x00,0x00
"SPI","result",0.027937,0.0000076,0x00,0x00
"SPI","result",0.0279468,0.0000076,0x00,0x00
"SPI","result",0.0279573,0.0000076,0x00,0x00
"SPI","result",0.0279671,0.0000076,0x00,0x00
"SPI","result",0.0279768,0.0000076,0x00,0x00
"SPI","result",0.0279865,0.0000076,0x00,0x00
"SPI","result",0.0279962,0.0000077,0x00,0x00
"SPI","result",0.0280061,0.0000076,0x00,0x00
"SPI","result",0.0280158,0.0000076,0x00,0x01
"SPI","result",0.0280255,0.0000076,0x00,0xC4
"SPI","result",0.0280425,0.0000076,0x83,0x00
"SPI","result",0.0280515,0.0000076,0xD4,0x00
"SPI","result",0.0280605,0.0000076,0x00,0x00
"SPI","result",0.0280695,0.0000076,0x18,0x00
"SPI","result",0.0280901,0.0000076,0x00,0x00
"SPI","result",0.0280999,0.0000076,0x00,0x00
"SPI","result",0.0281096,0.0000076,0x00,0x00
"SPI","result",0.0281194,0.0000076,0x00,0x00
"SPI","result",0.0281291,0.0000076,0x00,0x00
"SPI","result",0.0281391,0.0000076,0x00,0x00
"SPI","result",0.0281488,0.0000076,0x00,0x00
"SPI","result",0.0281586,0.0000076,0x00,0x00
"SPI","result",0.0281683,0.0000076,0x00,0x00
"SPI","result",0.028178,0.0000076,0x00,0x00
"SPI","result",0.0281878,0.0000076,0x00,0x00
"SPI","result",0.0281976,0.0000076,0x00,0x01
"SPI","result",0.0282073,0.0000076,0x00,0x04
"SPI","result",0.0282163,0.0000076,0x00,0x00
"SPI","result",0.0282253,0.0000076,0x00,0x01
"SPI","result",0.0282343,0.0000076,0x00,0xC4
"SPI","result",0.0282606,0.0000076,0x0C,0x00
"SPI","result",0.0282696,0.0000076,0xD4,0x00
"SPI","result",0.0282786,0.0000076,0x00,0x00
"SPI","result",0.0282876,0.0000076,0x24,0x00
"SPI","result",0.0283063,0.0000076,0x00,0x00
"SPI","result",0.028316,0.0000076,0x00,0x00
"SPI","result",0.0283258,0.0000076,0x00,0x00
"SPI","result",0.0283355,0.0000076,0x00,0x00
"SPI","result",0.0283452,0.0000076,0x00,0x00
"SPI","result",0.0283549,0.0000076,0x00,0x00
"SPI","result",0.0283646,0.0000077,0x00,0x00
"SPI","result",0.0283743,0.0000076,0x00,0x00
"SPI","result",0.028384,0.0000076,0x00,0x00
"SPI","result",0.0283937,0.0000076,0x00,0x00
"SPI","result",0.0284034,0.0000076,0x00,0x00
"SPI","result",0.0284132,0.0000076,0x00,0x00
"SPI","result",0.0284229,0.0000076,0x00,0x00
"SPI","result",0.0284364,0.0000076,0x00,0x01
"SPI","result",0.0284464,0.0000076,0x80,0x00
"SPI","result",0.0284554,0.0000076,0x01,0x00
"SPI","result",0.0284644,0.0000076,0x00,0x00
"SPI","result",0.0284734,0.0000076,0x00,0x00
"SPI","result",0.0284824,0.0000076,0x00,0x00
"SPI","result",0.0284914,0.0000076,0x0E,0x00
"SPI","result",0.0285004,0.0000076,0x00,0x00
"SPI","result",0.0285094,0.0000076,0x00,0x00
"SPI","result",0.0285184,0.0000076,0x01,0x00
"SPI","result",0.0285274,0.0000076,0x65,0x00
"SPI","result",0.0285364,0.0000076,0x03,0x00
"SPI","result",0.0285454,0.0000076,0x00,0x00
"SPI","result",0.0285544,0.0000076,0x00,0x00
"SPI","result",0.0285816,0.0000076,0x80,0x00
"SPI","result",0.0285906,0.0000076,0xD4,0x00
"SPI","result",0.0285996,0.0000076,0x00,0x00
"SPI","result",0.0286086,0.0000076,0x18,0x00
"SPI","result",0.0286265,0.0000076,0x00,0x00
"SPI","result",0.0286363,0.0000076,0x00,0x00
"SPI","result",0.0286461,0.0000076,0x00,0x00
"SPI","result",0.0286558,0.0000076,0x00,0x00
"SPI","result",0.0286655,0.0000076,0x00,0x00
"SPI","result",0.0286753,0.0000076,0x00,0x00
"SPI","result",0.028685,0.0000076,0x00,0x00
"SPI","result",0.0286947,0.0000076,0x00,0x00
"SPI","result",0.0287044,0.0000076,0x00,0x00
"SPI","result",0.028714,0.0000076,0x00,0x00
"SPI","result",0.0287237,0.0000076,0x00,0x00
"SPI","result",0.0287334,0.0000076,0x00,0x00
"SPI","result",0.0287431,0.0000076,0x00,0x00
"SPI","result",0.0287528,0.0000076,0x00,0x01
"SPI","result",0.0287626,0.0000076,0x00,0x8C
"SPI","result",0.0287784,0.0000076,0x80,0x00
"SPI","result",0.0287874,0.0000076,0xD4,0x00
"SPI","result",0.0287964,0.0000076,0x00,0x00
"SPI","result",0.0288054,0.0000076,0x18,0x00
"SPI","result",0.0288236,0.0000076,0x00,0x00
"SPI","result",0.0288333,0.0000076,0x00,0x00
"SPI","result",0.028843,0.0000077,0x00,0x00
"SPI","result",0.0288528,0.0000076,0x00,0x00
"SPI","result",0.0288625,0.0000076,0x00,0x00
"SPI","result",0.0288722,0.0000076,0x00,0x00
"SPI","result",0.0288819,0.0000076,0x00,0x00
"SPI","result",0.0288916,0.0000076,0x00,0x00
"SPI","result",0.0289014,0.0000076,0x00,0x00
"SPI","result",0.0289111,0.0000076,0x00,0x00
"SPI","result",0.0289208,0.0000076,0x00,0x00
"SPI","result",0.0289305,0.0000076,0x00,0x00
"SPI","result",0.0289402,0.0000076,0x00,0x00
"SPI","result",0.02895,0.0000076,0x00,0x00
"SPI","result",0.0289597,0.0000076,0x00,0x01
"SPI","result",0.0289694,0.0000076,0x00,0x8C
"SPI","result",0.0289853,0.0000076,0x00,0x00
"SPI","result",0.0289943,0.0000076,0xD4,0x00
"SPI","result",0.0290033,0.0000076,0x00,0x00
"SPI","result",0.0290123,0.0000076,0x24,0x00
"SPI","result",0.0290304,0.0000076,0x00,0x00
"SPI","result",0.0290402,0.0000076,0x00,0x00
"SPI","result",0.0290499,0.0000076,0x00,0x00
"SPI","result",0.0290596,0.0000076,0x00,0x00
"SPI","result",0.0290694,0.0000076,0x00,0x00
"SPI","result",0.0290791,0.0000076,0x00,0x00
"SPI","result",0.0290889,0.0000076,0x00,0x00
"SPI","result",0.0290986,0.0000076,0x00,0x00
"SPI","result",0.0291084,0.0000076,0x00,0x00
"SPI","result",0.0291181,0.0000076,0x00,0x00
"SPI","result",0.0291278,0.0000076,0x00,0x00
"SPI","result",0.0291375,0.0000076,0x00,0x00
"SPI","result",0.0291472,0.0000076,0x00,0x00
"SPI","result",0.0291569,0.0000076,0x00,0x01
"SPI","result",0.0291668,0.0000076,0x00,0x00
"SPI","result",0.0291826,0.0000076,0x80,0x00
"SPI","result",0.0291916,0.0000076,0xD4,0x00
"SPI","result",0.0292006,0.0000076,0x00,0x00
"SPI","result",0.0292096,0.0000076,0x18,0x00
"SPI","result",0.0292273,0.0000076,0x00,0x00
"SPI","result",0.0292371,0.0000076,0x00,0x00
"SPI","result",0.0292468,0.0000076,0x00,0x00
"SPI","result",0.0292565,0.0000076,0x00,0x00
"SPI","result",0.0292663,0.0000076,0x00,0x00
"SPI","result",0.029276,0.0000076,0x00,0x00
"SPI","result",0.0292864,0.0000076,0x00,0x00
"SPI","result",0.0292961,0.0000076,0x00,0x00
"SPI","result",0.0293058,0.0000076,0x00,0x00
"SPI","result",0.0293155,0.0000076,0x00,0x00
"SPI","result",0.0293251,0.0000076,0x00,0x00
"SPI","result",0.0293348,0.0000077,0x00,0x00
"SPI","result",0.0293446,0.0000076,0x00,0x00
"SPI","result",0.0293543,0.0000076,0x00,0x00
"SPI","result",0.029364,0.0000076,0x00,0x01
"SPI","result",0.0293738,0.0000076,0x00,0x84
"SPI","result",0.0293899,0.0000077,0x80,0x00
"SPI","result",0.0293989,0.0000077,0xD4,0x00
"SPI","result",0.0294079,0.0000077,0x00,0x00
"SPI","result",0.0294169,0.0000077,0x18,0x00
"SPI","result",0.0294357,0.0000076,0x00,0x00
"SPI","result",0.0294455,0.0000076,0x00,0x00
"SPI","result",0.0294552,0.0000076,0x00,0x00
"SPI","result",0.0294649,0.0000076,0x00,0x00
"SPI","result",0.0294747,0.0000076,0x00,0x00
"SPI","result",0.0294844,0.0000076,0x00,0x00
"SPI","result",0.0294941,0.0000076,0x00,0x00
"SPI","result",0.0295039,0.0000076,0x00,0x00
"SPI","result",0.0295136,0.0000076,0x00,0x00
"SPI","result",0.0295233,0.0000076,0x00,0x00
"SPI","result",0.029533,0.0000076,0x00,0x00
"SPI","result",0.0295427,0.0000076,0x00,0x00
"SPI","result",0.0295524,0.0000076,0x00,0x00
"SPI","result",0.0295621,0.0000076,0x00,0x01
"SPI","result",0.0295719,0.0000076,0x00,0x84
"SPI","result",0.029588,0.0000076,0x00,0x00
"SPI","result",0.029597,0.0000076,0xD4,0x00
"SPI","result",0.029606,0.0000076,0x00,0x00
"SPI","result",0.029615,0.0000076,0x18,0x00
"SPI","result",0.0296328,0.0000076,0x00,0x00
"SPI","result",0.0296425,0.0000076,0x00,0x00
"SPI","result",0.0296523,0.0000076,0x00,0x00
"SPI","result",0.0296619,0.0000076,0x00,0x00
"SPI","result",0.0296716,0.0000076,0x00,0x00
"SPI","result",0.0296814,0.0000076,0x00,0x00
"SPI","result",0.0296911,0.0000076,0x00,0x00
"SPI","result",0.0297008,0.0000076,0x00,0x00
"SPI","result",0.0297105,0.0000076,0x00,0x00
"SPI","result",0.0297202,0.0000076,0x00,0x00
"SPI","result",0.0297299,0.0000076,0x00,0x00
"SPI","result",0.0297397,0.0000076,0x00,0x00
"SPI","result",0.0297494,0.0000076,0x00,0x00
"SPI","result",0.0297591,0.0000076,0x00,0x01
"SPI","result",0.0297689,0.0000076,0x20,0x00
"SPI","result",0.0297854,0.0000076,0x80,0x00
"SPI","result",0.0297944,0.0000076,0xD4,0x00
"SPI","result",0.0298034,0.0000076,0x00,0x00
"SPI","result",0.0298124,0.0000076,0x18,0x00
"SPI","result",0.0298312,0.0000077,0x00,0x00
"SPI","result",0.029841,0.0000076,0x00,0x00
"SPI","result",0.0298508,0.0000076,0x00,0x00
"SPI","result",0.0298606,0.0000076,0x00,0x00
"SPI","result",0.0298703,0.0000076,0x00,0x00
"SPI","result",0.02988,0.0000076,0x00,0x00
"SPI","result",0.0298898,0.0000076,0x00,0x00
"SPI","result",0.0298995,0.0000076,0x00,0x00
"SPI","result",0.0299093,0.0000076,0x00,0x00
"SPI","result",0.0299189,0.0000076,0x00,0x00
"SPI","result",0.0299286,0.0000076,0x00,0x00
"SPI","result",0.0299383,0.0000076,0x00,0x00
"SPI","result",0.0299481,0.0000076,0x00,0x00
"SPI","result",0.0299578,0.0000076,0x00,0x01
"SPI","result",0.0299675,0.0000076,0x00,0x84
"SPI","result",0.030997,0.0000076,0x80,0x00
"SPI","result",0.031006,0.0000076,0xD4,0x00
"SPI","result",0.031015,0.0000076,0x00,0x00
"SPI","result",0.031024,0.0000076,0x18,0x00
"SPI","result",0.0310429,0.0000076,0x00,0x00
"SPI","result",0.0310527,0.0000076,0x00,0x00
"SPI","result",0.0310625,0.0000076,0x00,0x00
"SPI","result",0.0310724,0.0000076,0x00,0x00
"SPI","result",0.0310822,0.0000076,0x00,0x00
"SPI","result",0.0310919,0.0000076,0x00,0x00
"SPI","result",0.0311016,0.0000076,0x00,0x00
"SPI","result",0.0311113,0.0000076,0x00,0x00
"SPI","result",0.031121,0.0000076,0x00,0x00
"SPI","result",0.0311308,0.0000076,0x00,0x00
"SPI","result",0.0311405,0.0000076,0x00,0x00
"SPI","result",0.0311503,0.0000076,0x00,0x00
"SPI","result",0.0311602,0.0000076,0x00,0x01
"SPI","result",0.03117,0.0000076,0x00,0x94
"SPI","result",0.0311874,0.0000076,0x80,0x00
"SPI","result",0.0311964,0.0000076,0xD4,0x00
"SPI","result",0.0312054,0.0000076,0x00,0x00
"SPI","result",0.0312144,0.0000076,0x18,0x00
"SPI","result",0.0312308,0.0000076,0x00,0x00
"SPI","result",0.0312406,0.0000076,0x00,0x00
"SPI","result",0.0312503,0.0000076,0x00,0x00
"SPI","result",0.03126,0.0000076,0x00,0x00
"SPI","result",0.0312697,0.0000076,0x00,0x00
"SPI","result",0.0312795,0.0000076,0x00,0x00
"SPI","result",0.0312893,0.0000076,0x00,0x00
"SPI","result",0.031299,0.0000076,0x00,0x00
"SPI","result",0.0313087,0.0000076,0x00,0x00
"SPI","result",0.0313184,0.0000076,0x00,0x00
"SPI","result",0.0313281,0.0000076,0x00,0x00
"SPI","result",0.0313378,0.0000076,0x00,0x00
"SPI","result",0.0313475,0.0000076,0x00,0x00
"SPI","result",0.0313572,0.0000076,0x00,0x00
"SPI","result",0.0313669,0.0000076,0x00,0x01
"SPI","result",0.0313767,0.0000076,0x00,0x94
"SPI","result",0.0313929,0.0000076,0x83,0x00
"SPI","result",0.0314019,0.0000076,0xD4,0x00
"SPI","result",0.0314109,0.0000076,0x00,0x00
"SPI","result",0.0314199,0.0000076,0x18,0x00
"SPI","result",0.0314389,0.0000076,0x00,0x00
"SPI","result",0.0314486,0.0000076,0x00,0x00
"SPI","result",0.0314584,0.0000076,0x00,0x00
"SPI","result",0.0314692,0.0000076,0x00,0x00
"SPI","result",0.0314792,0.0000076,0x00,0x00
"SPI","result",0.0314895,0.0000076,0x00,0x00
"SPI","result",0.0314994,0.0000076,0x00,0x00
"SPI","result",0.0315102,0.0000076,0x00,0x00
"SPI","result",0.0315199,0.0000076,0x00,0x00
"SPI","result",0.0315299,0.0000076,0x00,0x00
"SPI","result",0.0315406,0.0000076,0x00,0x00
"SPI","result",0.0315505,0.0000076,0x00,0x00
"SPI","result",0.0315602,0.0000076,0x00,0x00
"SPI","result",0.0315699,0.0000076,0x00,0x01
"SPI","result",0.0315796,0.0000076,0x00,0x04
"SPI","result",0.0315886,0.0000076,0x00,0x00
"SPI","result",0.0315976,0.0000076,0x00,0x01
"SPI","result",0.0316066,0.0000076,0x00,0x94
"SPI","result",0.0316283,0.0000076,0x89,0x00
"SPI","result",0.0316373,0.0000076,0xD4,0x00
"SPI","result",0.0316463,0.0000076,0x00,0x00
"SPI","result",0.0316553,0.0000076,0x24,0x00
"SPI","result",0.0316709,0.0000076,0x00,0x00
"SPI","result",0.0316806,0.0000076,0x00,0x00
"SPI","result",0.0316904,0.0000076,0x00,0x00
"SPI","result",0.0317001,0.0000076,0x00,0x00
"SPI","result",0.0317098,0.0000076,0x00,0x00
"SPI","result",0.0317195,0.0000076,0x00,0x00
"SPI","result",0.0317292,0.0000076,0x00,0x00
"SPI","result",0.0317389,0.0000076,0x00,0x00
"SPI","result",0.0317486,0.0000076,0x00,0x00
"SPI","result",0.0317583,0.0000076,0x00,0x00
"SPI","result",0.031768,0.0000076,0x00,0x00
"SPI","result",0.0317777,0.0000076,0x00,0x00
"SPI","result",0.0317874,0.0000076,0x00,0x00
"SPI","result",0.0317971,0.0000076,0x00,0x00
"SPI","result",0.0318068,0.0000076,0x00,0x01
"SPI","result",0.0318166,0.0000076,0x00,0x80
"SPI","result",0.0318256,0.0000076,0x00,0x01
"SPI","result",0.0318346,0.0000076,0x00,0x00
"SPI","result",0.0318436,0.0000076,0x00,0x00
"SPI","result",0.0318526,0.0000076,0x00,0x00
"SPI","result",0.0318616,0.0000076,0x00,0x0A
"SPI","result",0.0318706,0.0000076,0x00,0x00
"SPI","result",0.0318796,0.0000076,0x00,0x00
"SPI","result",0.0318886,0.0000076,0x00,0x00
"SPI","result",0.0318976,0.0000076,0x00,0x00
"SPI","result",0.0319374,0.0000076,0x80,0x00
"SPI","result",0.0319464,0.0000076,0xD4,0x00
"SPI","result",0.0319554,0.0000076,0x00,0x00
"SPI","result",0.0319644,0.0000076,0x18,0x00
"SPI","result",0.0319812,0.0000076,0x00,0x00
"SPI","result",0.031991,0.0000076,0x00,0x00
"SPI","result",0.0320008,0.0000076,0x00,0x00
"SPI","result",0.0320105,0.0000076,0x00,0x00
"SPI","result",0.0320203,0.0000076,0x00,0x00
"SPI","result",0.03203,0.0000076,0x00,0x00
"SPI","result",0.0320401,0.0000076,0x00,0x00
"SPI","result",0.0320499,0.0000076,0x00,0x00
"SPI","result",0.0320596,0.0000076,0x00,0x00
"SPI","result",0.0320694,0.0000076,0x00,0x00
"SPI","result",0.0320791,0.0000076,0x00,0x00
"SPI","result",0.0320888,0.0000076,0x00,0x01
"SPI","result",0.0320986,0.0000076,0x00,0x84
"SPI","result",0.0321144,0.0000076,0x80,0x00
"SPI","result",0.0321234,0.0000076,0xD4,0x00
"SPI","result",0.0321324,0.0000076,0x00,0x00
"SPI","result",0.0321414,0.0000076,0x18,0x00
"SPI","result",0.0323688,0.0000076,0x00,0x00
"SPI","result",0.0323786,0.0000076,0x00,0x00
"SPI","result",0.0323883,0.0000076,0x00,0x00
"SPI","result",0.032398,0.0000076,0x00,0x00
"SPI","result",0.0324078,0.0000076,0x00,0x00
"SPI","result",0.0324175,0.0000076,0x00,0x00
"SPI","result",0.0324272,0.0000076,0x00,0x00
"SPI","result",0.0324369,0.0000077,0x00,0x00
"SPI","result",0.0324467,0.0000076,0x00,0x00
"SPI","result",0.0324564,0.0000076,0x00,0x00
"SPI","result",0.0324661,0.0000076,0x00,0x01
"SPI","result",0.0324759,0.0000076,0x00,0x84
"SPI","result",0.0324923,0.0000076,0x00,0x00
"SPI","result",0.0325013,0.0000076,0xD4,0x00
"SPI","result",0.0325103,0.0000076,0x00,0x00
"SPI","result",0.0325193,0.0000076,0x18,0x00
"SPI","result",0.0325362,0.0000077,0x00,0x00
"SPI","result",0.032546,0.0000076,0x00,0x00
"SPI","result",0.0325557,0.0000076,0x00,0x00
"SPI","result",0.0325654,0.0000076,0x00,0x00
"SPI","result",0.0325751,0.0000076,0x00,0x00
"SPI","result",0.0325849,0.0000076,0x00,0x00
"SPI","result",0.0325946,0.0000076,0x00,0x00
"SPI","result",0.0326043,0.0000076,0x00,0x00
"SPI","result",0.032614,0.0000076,0x00,0x00
"SPI","result",0.0326237,0.0000076,0x00,0x00
"SPI","result",0.0326335,0.0000076,0x00,0x00
"SPI","result",0.0326432,0.0000076,0x00,0x01
"SPI","result",0.032653,0.0000076,0x40,0x00
"SPI","result",0.0326737,0.0000076,0x00,0x00
"SPI","result",0.0326827,0.0000076,0xD4,0x00
"SPI","result",0.0326917,0.0000076,0x00,0x00
"SPI","result",0.0327007,0.0000076,0x00,0x00
"SPI","result",0.0327166,0.0000076,0x00,0x00
"SPI","result",0.0327263,0.0000076,0x00,0x00
"SPI","result",0.0327361,0.0000076,0x00,0x00
"SPI","result",0.0327458,0.0000076,0x00,0x00
"SPI","result",0.0327556,0.0000076,0x00,0x00
"SPI","result",0.0327653,0.0000076,0x00,0x00
"SPI","result",0.032775,0.0000076,0x00,0x00
"SPI","result",0.0327848,0.0000076,0x00,0x00
"SPI","result",0.0327945,0.0000076,0x00,0x00
"SPI","result",0.0328042,0.0000076,0x00,0x00
"SPI","result",0.0328139,0.0000076,0x00,0x00
"SPI","result",0.0328237,0.0000076,0x00,0x00
"SPI","result",0.0328334,0.0000076,0x00,0x00
"SPI","result",0.0328432,0.0000076,0x00,0x00
"SPI","result",0.0328529,0.0000076,0x00,0x00
"SPI","result",0.0328626,0.0000076,0x00,0x00
"SPI","result",0.0328723,0.0000076,0x00,0x00
"SPI","result",0.032882,0.0000076,0x00,0x01
"SPI","result",0.0328919,0.0000076,0x20,0x00
"SPI","result",0.033036,0.0000076,0x80,0x00
"SPI","result",0.033045,0.0000076,0xD4,0x00
"SPI","result",0.033054,0.0000076,0x00,0x00
"SPI","result",0.033063,0.0000076,0x00,0x00
"SPI","result",0.0330806,0.0000076,0x00,0x00
"SPI","result",0.0330904,0.0000076,0x00,0x00
"SPI","result",0.0331002,0.0000076,0x00,0x00
"SPI","result",0.0331099,0.0000076,0x00,0x00
"SPI","result",0.0331196,0.0000076,0x00,0x00
"SPI","result",0.0331293,0.0000076,0x00,0x00
"SPI","result",0.033139,0.0000076,0x00,0x00
"SPI","result",0.0331487,0.0000076,0x00,0x00
"SPI","result",0.0331584,0.0000076,0x00,0x00
"SPI","result",0.0331682,0.0000076,0x00,0x00
"SPI","result",0.0331778,0.0000077,0x00,0x00
"SPI","result",0.0331875,0.0000076,0x00,0x00
"SPI","result",0.0331977,0.0000076,0x00,0x00
"SPI","result",0.0332077,0.0000076,0x00,0x01
"SPI","result",0.0332174,0.0000076,0x00,0x81
"SPI","result",0.0332334,0.0000076,0x00,0x00
"SPI","result",0.0332424,0.0000076,0xD4,0x00
"SPI","result",0.0332514,0.0000076,0x00,0x00
"SPI","result",0.0332604,0.0000076,0x00,0x00
"SPI","result",0.0337397,0.0000076,0x00,0x00
"SPI","result",0.0337496,0.0000076,0x00,0x00
"SPI","result",0.0337593,0.0000077,0x00,0x00
"SPI","result",0.0337691,0.0000076,0x00,0x00
"SPI","result",0.0337788,0.0000076,0x00,0x00
"SPI","result",0.0337886,0.0000076,0x00,0x00
"SPI","result",0.0337983,0.0000076,0x00,0x00
"SPI","result",0.033808,0.0000076,0x00,0x00
"SPI","result",0.0338177,0.0000076,0x00,0x00
"SPI","result",0.0338274,0.0000076,0x00,0x00
"SPI","result",0.0338371,0.0000076,0x00,0x01
"SPI","result",0.033847,0.0000076,0x02,0x00
"SPI","result",0.0338647,0.0000076,0x80,0x00
"SPI","result",0.0338737,0.0000076,0xD4,0x00
"SPI","result",0.0338827,0.0000076,0x00,0x00
"SPI","result",0.0338917,0.0000076,0x00,0x00
"SPI","result",0.0339138,0.0000076,0x00,0x00
"SPI","result",0.0339236,0.0000076,0x00,0x00
"SPI","result",0.0339333,0.0000076,0x00,0x00
"SPI","result",0.0339431,0.0000076,0x00,0x00
"SPI","result",0.0339528,0.0000076,0x00,0x00
"SPI","result",0.0339625,0.0000076,0x00,0x00
"SPI","result",0.0339722,0.0000076,0x00,0x00
"SPI","result",0.0339819,0.0000076,0x00,0x00
"SPI","result",0.0339916,0.0000076,0x00,0x00
"SPI","result",0.0340014,0.0000076,0x00,0x00
"SPI","result",0.0340111,0.0000076,0x00,0x01
"SPI","result",0.0340208,0.0000076,0x00,0xA1
"SPI","result",0.0340686,0.0000076,0x80,0x00
"SPI","result",0.0340776,0.0000076,0xD4,0x00
"SPI","result",0.0340866,0.0000076,0x00,0x00
"SPI","result",0.0340956,0.0000076,0x18,0x00
"SPI","result",0.0341151,0.0000076,0x00,0x00
"SPI","result",0.0341248,0.0000076,0x00,0x00
"SPI","result",0.0341346,0.0000076,0x00,0x00
"SPI","result",0.0341443,0.0000077,0x00,0x00
"SPI","result",0.0341541,0.0000076,0x00,0x00
"SPI","result",0.0341638,0.0000076,0x00,0x00
"SPI","result",0.0341735,0.0000077,0x00,0x00
"SPI","result",0.0341833,0.0000076,0x00,0x00
"SPI","result",0.034193,0.0000076,0x00,0x00
"SPI","result",0.0342028,0.0000076,0x00,0x00
"SPI","result",0.0342125,0.0000076,0x00,0x01
"SPI","result",0.0342223,0.0000076,0x00,0x84
"SPI","result",0.0342384,0.0000076,0x00,0x00
"SPI","result",0.0342474,0.0000076,0xD4,0x00
"SPI","result",0.0342564,0.0000076,0x00,0x00
"SPI","result",0.0342654,0.0000076,0x18,0x00
"SPI","result",0.0342854,0.0000076,0x00,0x00
"SPI","result",0.0342953,0.0000076,0x00,0x00
"SPI","result",0.0343051,0.0000076,0x00,0x00
"SPI","result",0.0343148,0.0000076,0x00,0x00
"SPI","result",0.0343246,0.0000076,0x00,0x00
"SPI","result",0.0343343,0.0000076,0x00,0x00
"SPI","result",0.034344,0.0000076,0x00,0x00
"SPI","result",0.0343538,0.0000076,0x00,0x00
"SPI","result",0.0343635,0.0000076,0x00,0x00
"SPI","result",0.0343732,0.0000076,0x00,0x00
"SPI","result",0.034383,0.0000076,0x00,0x00
"SPI","result",0.0343927,0.0000076,0x00,0x00
"SPI","result",0.0344024,0.0000076,0x00,0x00
"SPI","result",0.0344121,0.0000076,0x00,0x01
"SPI","result",0.034422,0.0000076,0x40,0x00
"SPI","result",0.0344379,0.0000076,0x80,0x00
"SPI","result",0.0344469,0.0000076,0xD4,0x00
"SPI","result",0.0344559,0.0000076,0x00,0x00
"SPI","result",0.0344649,0.0000076,0x18,0x00
"SPI","result",0.034484,0.0000076,0x00,0x00
"SPI","result",0.0344938,0.0000076,0x00,0x00
"SPI","result",0.0345035,0.0000076,0x00,0x00
"SPI","result",0.0345133,0.0000076,0x00,0x00
"SPI","result",0.034523,0.0000076,0x00,0x00
"SPI","result",0.0345327,0.0000076,0x00,0x00
"SPI","result",0.0345425,0.0000076,0x00,0x00
"SPI","result",0.0345522,0.0000076,0x00,0x00
"SPI","result",0.0345619,0.0000076,0x00,0x00
"SPI","result",0.0345717,0.0000076,0x00,0x00
"SPI","result",0.0345814,0.0000076,0x00,0x00
"SPI","result",0.0345911,0.0000076,0x00,0x00
"SPI","result",0.0346008,0.0000076,0x00,0x00
"SPI","result",0.0346106,0.0000076,0x00,0x01
"SPI","result",0.0346203,0.0000076,0x00,0xC4
"SPI","result",0.0346368,0.0000076,0x83,0x00
"SPI","result",0.0346458,0.0000076,0xD4,0x00
"SPI","result",0.0346548,0.0000076,0x00,0x00
"SPI","result",0.0346638,0.0000076,0x18,0x00
"SPI","result",0.0347568,0.0000076,0x00,0x00
"SPI","result",0.0347665,0.0000076,0x00,0x00
"SPI","result",0.0347764,0.0000076,0x00,0x00
"SPI","result",0.0347861,0.0000076,0x00,0x00
"SPI","result",0.0347958,0.0000076,0x00,0x00
"SPI","result",0.0348055,0.0000076,0x00,0x00
"SPI","result",0.0348153,0.0000076,0x00,0x00
"SPI","result",0.034825,0.0000076,0x00,0x00
"SPI","result",0.0348347,0.0000076,0x00,0x00
"SPI","result",0.0348444,0.0000076,0x00,0x00
"SPI","result",0.0348542,0.0000076,0x00,0x01
"SPI","result",0.0348639,0.0000076,0x00,0x04
"SPI","result",0.0348729,0.0000076,0x00,0x00
"SPI","result",0.0348819,0.0000076,0x00,0x01
"SPI","result",0.0348909,0.0000076,0x00,0xC4
"SPI","result",0.0349154,0.0000076,0x3F,0x00
"SPI","result",0.0349244,0.0000076,0xD4,0x00
"SPI","result",0.0349334,0.0000076,0x00,0x00
"SPI","result",0.0349424,0.0000076,0x24,0x00
"SPI","result",0.0349576,0.0000076,0x00,0x00
"SPI","result",0.0349674,0.0000076,0x00,0x00
"SPI","result",0.0349771,0.0000076,0x00,0x00
"SPI","result",0.0349868,0.0000076,0x00,0x00
"SPI","result",0.0349965,0.0000076,0x00,0x00
"SPI","result",0.0350063,0.0000076,0x00,0x00
"SPI","result",0.035016,0.0000076,0x00,0x00
"SPI","result",0.0350257,0.0000076,0x00,0x00
"SPI","result",0.0350355,0.0000076,0x00,0x00
"SPI","result",0.0350456,0.0000076,0x00,0x00
"SPI","result",0.0350555,0.0000076,0x00,0x00
"SPI","result",0.0350652,0.0000076,0x00,0x00
"SPI","result",0.0350752,0.0000076,0x00,0x00
"SPI","result",0.0350849,0.0000076,0x00,0x00
"SPI","result",0.0350949,0.0000076,0x00,0x01
"SPI","result",0.0351053,0.0000076,0x80,0x00
"SPI","result",0.0351143,0.0000076,0x01,0x00
"SPI","result",0.0351233,0.0000076,0x00,0x00
"SPI","result",0.0351323,0.0000076,0x00,0x00
"SPI","result",0.0351413,0.0000076,0x04,0x00
"SPI","result",0.0351503,0.0000076,0x16,0x00
"SPI","result",0.0351593,0.0000076,0x00,0x00
"SPI","result",0.0351683,0.0000076,0x00,0x00
"SPI","result",0.0351773,0.0000076,0x01,0x00
"SPI","result",0.0351863,0.0000076,0x61,0x00
"SPI","result",0.0351953,0.0000076,0x00,0x00
"SPI","result",0.0352043,0.0000076,0x00,0x00
"SPI","result",0.0352133,0.0000076,0x00,0x00
"SPI","result",0.0352223,0.0000076,0x00,0x00
"SPI","result",0.0352313,0.0000076,0x00,0x00
"SPI","result",0.0352403,0.0000076,0x00,0x00
"SPI","result",0.0352493,0.0000076,0x00,0x00
"SPI","result",0.0352583,0.0000076,0x01,0x00
"SPI","result",0.0352673,0.0000076,0x80,0x00
"SPI","result",0.0352763,0.0000076,0x00,0x00
"SPI","result",0.0352853,0.0000076,0x00,0x00
"SPI","result",0.0352943,0.0000076,0x01,0x00
"SPI","result",0.0353033,0.0000076,0x00,0x00
"SPI","result",0.0353123,0.0000076,0x00,0x00
"SPI","result",0.0353213,0.0000076,0x00,0x00
"SPI","result",0.0353303,0.0000076,0x00,0x00
"SPI","result",0.0353393,0.0000076,0x03,0x00
"SPI","result",0.0353483,0.0000076,0xFA,0x00
"SPI","result",0.0353573,0.0000076,0x00,0x00
"SPI","result",0.0353663,0.0000076,0x40,0x00
"SPI","result",0.0353753,0.0000076,0x2C,0x00
"SPI","result",0.0353843,0.0000076,0x28,0x00
"SPI","result",0.0353933,0.0000076,0x5C,0x00
"SPI","result",0.0354023,0.0000076,0xE9,0x00
"SPI","result",0.0354113,0.0000076,0x2D,0x00
"SPI","result",0.0354203,0.0000076,0x89,0x00
"SPI","result",0.0354293,0.0000076,0xF2,0x00
"SPI","result",0.0354383,0.0000076,0x40,0x00
"SPI","result",0.0354473,0.0000076,0x31,0x00
"SPI","result",0.0354563,0.0000076,0xD4,0x00
"SPI","result",0.0354653,0.0000076,0x01,0x00
"SPI","result",0.0354743,0.0000076,0xF1,0x00
"SPI","result",0.0354833,0.0000076,0x02,0x00
"SPI","result",0.0354923,0.0000076,0x1D,0x00
"SPI","result",0.0355013,0.0000076,0x4C,0x00
"SPI","result",0.0355103,0.0000076,0xE4,0x00
"SPI","result",0.0355193,0.0000076,0x81,0x00
"SPI","result",0.0355283,0.0000076,0x09,0x00
"SPI","result",0.0355373,0.0000076,0x3F,0x00
"SPI","result",0.0355463,0.0000076,0xA7,0x00
"SPI","result",0.0355553,0.0000076,0xB5,0x00
"SPI","result",0.0355643,0.0000076,0x3E,0x00
"SPI","result",0.0355733,0.0000076,0x00,0x00
"SPI","result",0.0355823,0.0000076,0x89,0x00
"SPI","result",0.0355913,0.0000076,0x0E,0x00
"SPI","result",0.0356003,0.0000076,0x59,0x00
"SPI","result",0.0356093,0.0000076,0x41,0x00
"SPI","result",0.0356183,0.0000076,0x30,0x00
"SPI","result",0.0356273,0.0000076,0x3C,0x00
"SPI","result",0.0356363,0.0000076,0x9C,0x00
"SPI","result",0.0356453,0.0000076,0xDF,0x00
"SPI","result",0.0356543,0.0000076,0x2D,0x00
"SPI","result",0.0356633,0.0000076,0x5E,0x00
"SPI","result",0.0356723,0.0000076,0x40,0x00
"SPI","result",0.0378122,0.0000076,0x3F,0x00
"SPI","result",0.0378212,0.0000076,0xD4,0x00
"SPI","result",0.0378302,0.0000076,0x00,0x00
"SPI","result",0.0378392,0.0000076,0x24,0x00
"SPI","result",0.0378622,0.0000076,0x00,0x00
"SPI","result",0.037872,0.0000076,0x00,0x00
"SPI","result",0.0378817,0.0000076,0x00,0x00
"SPI","result",0.0378913,0.0000077,0x00,0x00
"SPI","result",0.037901,0.0000076,0x00,0x00
"SPI","result",0.0379108,0.0000076,0x00,0x00
"SPI","result",0.0379205,0.0000076,0x00,0x00
"SPI","result",0.0379301,0.0000077,0x00,0x00
"SPI","result",0.0379398,0.0000076,0x00,0x00
"SPI","result",0.0379495,0.0000076,0x00,0x00
"SPI","result",0.0379592,0.0000076,0x00,0x00
"SPI","result",0.0379689,0.0000076,0x00,0x00
"SPI","result",0.0379786,0.0000076,0x00,0x01
"SPI","result",0.0379887,0.0000076,0x3D,0x00
"SPI","result",0.0379977,0.0000076,0xD9,0x00
"SPI","result",0.0380067,0.0000076,0x42,0x00
"SPI","result",0.0380157,0.0000076,0xC6,0x00
"SPI","result",0.0380247,0.0000076,0x9A,0x00
"SPI","result",0.0380337,0.0000076,0x5D,0x00
"SPI","result",0.0380427,0.0000076,0xDF,0x00
"SPI","result",0.0380517,0.0000076,0x54,0x00
"SPI","result",0.0380607,0.0000076,0x33,0x00
"SPI","result",0.0380697,0.0000076,0xFC,0x00
"SPI","result",0.0380787,0.0000076,0xBF,0x00
"SPI","result",0.0380877,0.0000076,0x6D,0x00
"SPI","result",0.0380967,0.0000076,0x8E,0x00
"SPI","result",0.0381057,0.0000076,0x6C,0x00
"SPI","result",0.0381147,0.0000076,0x48,0x00
"SPI","result",0.0381237,0.0000076,0x7B,0x00
"SPI","result",0.0381327,0.0000076,0xD8,0x00
"SPI","result",0.0381417,0.0000076,0xBB,0x00
"SPI","result",0.0381507,0.0000076,0xE0,0x00
"SPI","result",0.0381597,0.0000076,0xE7,0x00
"SPI","result",0.0381687,0.0000076,0xF1,0x00
"SPI","result",0.0381777,0.0000076,0x2B,0x00
"SPI","result",0.0381867,0.0000076,0xB0,0x00
"SPI","result",0.0381957,0.0000076,0x37,0x00
"SPI","result",0.0382047,0.0000076,0xD4,0x00
"SPI","result",0.0382137,0.0000076,0x14,0x00
"SPI","result",0.0382227,0.0000076,0x9F,0x00
"SPI","result",0.0382317,0.0000076,0x07,0x00
"SPI","result",0.0382407,0.0000076,0xA2,0x00
"SPI","result",0.0382497,0.0000076,0xA4,0x00
"SPI","result",0.0382587,0.0000076,0x04,0x00
"SPI","result",0.0382677,0.0000076,0xD9,0x00
"SPI","result",0.0382767,0.0000076,0xAB,0x00
"SPI","result",0.0382857,0.0000076,0xA2,0x00
"SPI","result",0.0382947,0.0000076,0x59,0x00
"SPI","result",0.0383037,0.0000076,0xA3,0x00
"SPI","result",0.0383127,0.0000076,0xB9,0x00
"SPI","result",0.0383217,0.0000076,0xC5,0x00
"SPI","result",0.0383307,0.0000076,0x56,0x00
"SPI","result",0.0383397,0.0000076,0xD0,0x00
"SPI","result",0.0383487,0.0000076,0xDF,0x00
"SPI","result",0.0383577,0.0000076,0x6F,0x00
"SPI","result",0.0383667,0.0000076,0xFD,0x00
"SPI","result",0.0383757,0.0000076,0x17,0x00
"SPI","result",0.0383847,0.0000076,0x3C,0x00
"SPI","result",0.0383937,0.0000076,0xA3,0x00
"SPI","result",0.0384027,0.0000076,0xF6,0x00
"SPI","result",0.0384117,0.0000076,0x4F,0x00
"SPI","result",0.0384207,0.0000076,0x7E,0x00
"SPI","result",0.0384297,0.0000076,0x64,0x00
"SPI","result",0.0384387,0.0000076,0xBE,0x00
"SPI","result",0.0384477,0.0000076,0x0E,0x00
"SPI","result",0.0384567,0.0000076,0x92,0x00
"SPI","result",0.0384657,0.0000076,0xDC,0x00
"SPI","result",0.0384747,0.0000076,0x65,0x00
"SPI","result",0.0384837,0.0000076,0x06,0x00
"SPI","result",0.0384927,0.0000076,0xC2,0x00
"SPI","result",0.0385017,0.0000076,0x01,0x00
"SPI","result",0.0385107,0.0000076,0xE8,0x00
"SPI","result",0.0385197,0.0000076,0xDA,0x00
"SPI","result",0.0385287,0.0000076,0x10,0x00
"SPI","result",0.0385377,0.0000076,0xF1,0x00
"SPI","result",0.0385467,0.0000076,0xCE,0x00
"SPI","result",0.0385557,0.0000076,0xEB,0x00
"SPI","result",0.0385785,0.0000076,0x3F,0x00
"SPI","result",0.0385875,0.0000076,0xD4,0x00
"SPI","result",0.0385965,0.0000076,0x00,0x00
"SPI","result",0.0386055,0.0000076,0x24,0x00
"SPI","result",0.0386214,0.0000076,0x00,0x00
"SPI","result",0.0386311,0.0000076,0x00,0x00
"SPI","result",0.0386408,0.0000076,0x00,0x00
"SPI","result",0.0386505,0.0000076,0x00,0x00
"SPI","result",0.0386602,0.0000076,0x00,0x00
"SPI","result",0.0386699,0.0000076,0x00,0x00
"SPI","result",0.0386796,0.0000077,0x00,0x00
"SPI","result",0.0386894,0.0000076,0x00,0x00
"SPI","result",0.0386991,0.0000076,0x00,0x00
"SPI","result",0.0387088,0.0000076,0x00,0x00
"SPI","result",0.0387186,0.0000076,0x00,0x00
"SPI","result",0.0387283,0.0000076,0x00,0x00
"SPI","result",0.038738,0.0000076,0x00,0x01
"SPI","result",0.0387479,0.0000076,0xE6,0x00
"SPI","result",0.0387569,0.0000076,0xA7,0x00
"SPI","result",0.0387659,0.0000076,0xD7,0x00
"SPI","result",0.0387749,0.0000076,0xFF,0x00
"SPI","result",0.0387839,0.0000076,0x7F,0x00
"SPI","result",0.0387929,0.0000076,0x6E,0x00
"SPI","result",0.0388019,0.0000076,0x77,0x00
"SPI","result",0.0388109,0.0000076,0x06,0x00
"SPI","result",0.0388199,0.0000076,0x65,0x00
"SPI","result",0.0388289,0.0000076,0xB3,0x00
"SPI","result",0.0388379,0.0000076,0xA1,0x00
"SPI","result",0.0388469,0.0000076,0x43,0x00
"SPI","result",0.0388559,0.0000076,0x05,0x00
"SPI","result",0.0388649,0.0000076,0x51,0x00
"SPI","result",0.0388739,0.0000076,0x43,0x00
"SPI","result",0.0388829,0.0000076,0x18,0x00
"SPI","result",0.0388919,0.0000076,0xF4,0x00
"SPI","result",0.0389009,0.0000076,0x6A,0x00
"SPI","result",0.0389099,0.0000076,0xFA,0x00
"SPI","result",0.0389189,0.0000076,0x28,0x00
"SPI","result",0.0389279,0.0000076,0xC3,0x00
"SPI","result",0.0389369,0.0000076,0xD8,0x00
"SPI","result",0.0389459,0.0000076,0x57,0x00
"SPI","result",0.0389549,0.0000076,0xDF,0x00
"SPI","result",0.0389639,0.0000076,0x3C,0x00
"SPI","result",0.0389729,0.0000076,0xA9,0x00
"SPI","result",0.0389819,0.0000076,0x4C,0x00
"SPI","result",0.0389909,0.0000076,0xA0,0x00
"SPI","result",0.0389999,0.0000076,0x3E,0x00
"SPI","result",0.0390089,0.0000076,0x38,0x00
"SPI","result",0.0390179,0.0000076,0x95,0x00
"SPI","result",0.0390269,0.0000076,0xBF,0x00
"SPI","result",0.0390359,0.0000076,0xEF,0x00
"SPI","result",0.0390449,0.0000076,0x66,0x00
"SPI","result",0.0390539,0.0000076,0x74,0x00
"SPI","result",0.0390629,0.0000076,0x24,0x00
"SPI","result",0.0390719,0.0000076,0x1E,0x00
"SPI","result",0.0390809,0.0000076,0x0D,0x00
"SPI","result",0.0390899,0.0000076,0xF9,0x00
"SPI","result",0.0390989,0.0000076,0x2D,0x00
"SPI","result",0.0391079,0.0000076,0xCF,0x00
"SPI","result",0.0391169,0.0000076,0xD6,0x00
"SPI","result",0.0391259,0.0000076,0x9E,0x00
"SPI","result",0.0391349,0.0000076,0x7D,0x00
"SPI","result",0.0391439,0.0000076,0x70,0x00
"SPI","result",0.0391529,0.0000076,0x8E,0x00
"SPI","result",0.0391619,0.0000076,0x8C,0x00
"SPI","result",0.0391709,0.0000076,0xF4,0x00
"SPI","result",0.0391799,0.0000076,0x4E,0x00
"SPI","result",0.0391889,0.0000076,0x3A,0x00
"SPI","result",0.0391979,0.0000076,0xCA,0x00
"SPI","result",0.0392069,0.0000076,0x7E,0x00
"SPI","result",0.0392159,0.0000076,0xDD,0x00
"SPI","result",0.0392249,0.0000076,0x6D,0x00
"SPI","result",0.0392339,0.0000076,0xF3,0x00
"SPI","result",0.0392429,0.0000076,0xA5,0x00
"SPI","result",0.0392519,0.0000076,0x36,0x00
"SPI","result",0.0392609,0.0000076,0xF8,0x00
"SPI","result",0.0392699,0.0000076,0x9A,0x00
"SPI","result",0.0392789,0.0000076,0xD3,0x00
"SPI","result",0.0392879,0.0000076,0x0C,0x00
"SPI","result",0.0392969,0.0000076,0x61,0x00
"SPI","result",0.0393059,0.0000076,0xFD,0x00
"SPI","result",0.0393149,0.0000076,0x28,0x00
"SPI","result",0.039346,0.0000076,0x3F,0x00
"SPI","result",0.039355,0.0000076,0xD4,0x00
"SPI","result",0.039364,0.0000076,0x00,0x00
"SPI","result",0.039373,0.0000076,0x24,0x00
"SPI","result",0.0393892,0.0000076,0x00,0x00
"SPI","result",0.0393991,0.0000076,0x00,0x00
"SPI","result",0.0394088,0.0000076,0x00,0x00
"SPI","result",0.0394186,0.0000076,0x00,0x00
"SPI","result",0.0394283,0.0000076,0x00,0x00
"SPI","result",0.039438,0.0000077,0x00,0x00
"SPI","result",0.0394477,0.0000076,0x00,0x00
"SPI","result",0.0394577,0.0000076,0x00,0x00
"SPI","result",0.0394675,0.0000076,0x00,0x00
"SPI","result",0.0394773,0.0000076,0x00,0x00
"SPI","result",0.039487,0.0000076,0x00,0x00
"SPI","result",0.0394968,0.0000076,0x00,0x01
"SPI","result",0.0395067,0.0000076,0x00,0x00
"SPI","result",0.0395157,0.0000076,0x65,0x00
"SPI","result",0.0395247,0.0000076,0x6C,0x00
"SPI","result",0.0395337,0.0000076,0xE9,0x00
"SPI","result",0.0395427,0.0000076,0x84,0x00
"SPI","result",0.0395517,0.0000076,0x79,0x00
"SPI","result",0.0395607,0.0000076,0xAC,0x00
"SPI","result",0.0395697,0.0000076,0x56,0x00
"SPI","result",0.0395787,0.0000076,0x01,0x00
"SPI","result",0.0395877,0.0000076,0x4E,0x00
"SPI","result",0.0395967,0.0000076,0xB6,0x00
"SPI","result",0.0396057,0.0000076,0xA9,0x00
"SPI","result",0.0396147,0.0000076,0x58,0x00
"SPI","result",0.0396237,0.0000076,0x68,0x00
"SPI","result",0.0396327,0.0000076,0x8E,0x00
"SPI","result",0.0396417,0.0000076,0x69,0x00
"SPI","result",0.0396507,0.0000076,0x20,0x00
"SPI","result",0.0396597,0.0000076,0x8F,0x00
"SPI","result",0.0396687,0.0000076,0x8B,0x00
"SPI","result",0.0396777,0.0000076,0x21,0x00
"SPI","result",0.0396867,0.0000076,0x22,0x00
"SPI","result",0.0396957,0.0000076,0x47,0x00
"SPI","result",0.0397047,0.0000076,0x22,0x00
"SPI","result",0.0397137,0.0000076,0x8F,0x00
"SPI","result",0.0397227,0.0000076,0x85,0x00
"SPI","result",0.0397317,0.0000076,0x44,0x00
"SPI","result",0.0397407,0.0000076,0x7F,0x00
"SPI","result",0.0397497,0.0000076,0xD9,0x00
"SPI","result",0.0397587,0.0000076,0xFA,0x00
"SPI","result",0.0397677,0.0000076,0xC5,0x00
"SPI","result",0.0397767,0.0000076,0xFE,0x00
"SPI","result",0.0397857,0.0000076,0xB5,0x00
"SPI","result",0.0397947,0.0000076,0x83,0x00
"SPI","result",0.0398037,0.0000076,0xC9,0x00
"SPI","result",0.0398127,0.0000076,0xF3,0x00
"SPI","result",0.0398217,0.0000076,0x80,0x00
"SPI","result",0.0398307,0.0000076,0x13,0x00
"SPI","result",0.0398397,0.0000076,0x49,0x00
"SPI","result",0.0398487,0.0000076,0xA9,0x00
"SPI","result",0.0398577,0.0000076,0x51,0x00
"SPI","result",0.0398667,0.0000076,0x68,0x00
"SPI","result",0.0398757,0.0000076,0x71,0x00
"SPI","result",0.0398847,0.0000076,0x02,0x00
"SPI","result",0.0398937,0.0000076,0x34,0x00
"SPI","result",0.0399027,0.0000076,0x3B,0x00
"SPI","result",0.0399117,0.0000076,0x69,0x00
"SPI","result",0.0399207,0.0000076,0x31,0x00
"SPI","result",0.0399297,0.0000076,0x6C,0x00
"SPI","result",0.0399387,0.0000076,0x5F,0x00
"SPI","result",0.0399477,0.0000076,0x6F,0x00
"SPI","result",0.0399567,0.0000076,0xA5,0x00
"SPI","result",0.0399657,0.0000076,0xCC,0x00
"SPI","result",0.0399747,0.0000076,0x31,0x00
"SPI","result",0.0399837,0.0000076,0xDD,0x00
"SPI","result",0.0399927,0.0000076,0x5F,0x00
"SPI","result",0.0400017,0.0000076,0x90,0x00
"SPI","result",0.0400107,0.0000076,0x0E,0x00
"SPI","result",0.0400197,0.0000076,0x2B,0x00
"SPI","result",0.0400287,0.0000076,0x66,0x00
"SPI","result",0.0400377,0.0000076,0x45,0x00
"SPI","result",0.0400467,0.0000076,0xAE,0x00
"SPI","result",0.0400557,0.0000076,0x93,0x00
"SPI","result",0.0400647,0.0000076,0x6E,0x00
"SPI","result",0.0400737,0.0000076,0x2C,0x00
"SPI","result",0.0402492,0.0000076,0x80,0x00
"SPI","result",0.0402582,0.0000076,0xD4,0x00
"SPI","result",0.0402672,0.0000076,0x00,0x00
"SPI","result",0.0402762,0.0000076,0x18,0x00
"SPI","result",0.0402987,0.0000076,0x00,0x00
"SPI","result",0.0403086,0.0000076,0x00,0x00
"SPI","result",0.0403184,0.0000076,0x00,0x00
"SPI","result",0.0403281,0.0000076,0x00,0x00
"SPI","result",0.0403378,0.0000076,0x00,0x00
"SPI","result",0.0403476,0.0000076,0x00,0x00
"SPI","result",0.0403573,0.0000076,0x00,0x00
"SPI","result",0.0403671,0.0000076,0x00,0x00
"SPI","result",0.0403768,0.0000077,0x00,0x00
"SPI","result",0.0403867,0.0000076,0x00,0x00
"SPI","result",0.0403964,0.0000076,0x00,0x00
"SPI","result",0.0404062,0.0000076,0x00,0x00
"SPI","result",0.0404159,0.0000076,0x00,0x00
"SPI","result",0.0404257,0.0000076,0x00,0x01
"SPI","result",0.0404354,0.0000077,0x00,0x8C
"SPI","result",0.0404518,0.0000076,0x80,0x00
"SPI","result",0.0404608,0.0000076,0xD4,0x00
"SPI","result",0.0404698,0.0000076,0x00,0x00
"SPI","result",0.0404788,0.0000076,0x18,0x00
"SPI","result",0.0408964,0.0000076,0x00,0x00
"SPI","result",0.0409064,0.0000076,0x00,0x00
"SPI","result",0.0409162,0.0000076,0x00,0x00
"SPI","result",0.0409259,0.0000076,0x00,0x00
"SPI","result",0.0409356,0.0000076,0x00,0x00
"SPI","result",0.0409453,0.0000076,0x00,0x00
"SPI","result",0.040955,0.0000076,0x00,0x00
"SPI","result",0.0409648,0.0000076,0x00,0x00
"SPI","result",0.0409744,0.0000076,0x00,0x00
"SPI","result",0.0409841,0.0000077,0x00,0x00
"SPI","result",0.0409938,0.0000076,0x00,0x01
"SPI","result",0.0410036,0.0000076,0x00,0x8C
"SPI","result",0.0410317,0.0000076,0x83,0x00
"SPI","result",0.0410407,0.0000076,0xD4,0x00
"SPI","result",0.0410497,0.0000076,0x00,0x00
"SPI","result",0.0410587,0.0000076,0x18,0x00
"SPI","result",0.0410827,0.0000076,0x00,0x00
"SPI","result",0.0410926,0.0000076,0x00,0x00
"SPI","result",0.0411023,0.0000076,0x00,0x00
"SPI","result",0.041112,0.0000076,0x00,0x00
"SPI","result",0.0411217,0.0000076,0x00,0x00
"SPI","result",0.0411314,0.0000076,0x00,0x00
"SPI","result",0.0411411,0.0000076,0x00,0x00
"SPI","result",0.0411508,0.0000076,0x00,0x00
"SPI","result",0.0411606,0.0000076,0x00,0x00
"SPI","result",0.0411702,0.0000076,0x00,0x00
"SPI","result",0.0411799,0.0000076,0x00,0x01
"SPI","result",0.0411897,0.0000076,0x00,0x04
"SPI","result",0.0411987,0.0000076,0x00,0x00
"SPI","result",0.0412077,0.0000076,0x00,0x01
"SPI","result",0.0412167,0.0000076,0x00,0x8C
"SPI","result",0.0412392,0.0000076,0x3F,0x00
"SPI","result",0.0412482,0.0000076,0xD4,0x00
"SPI","result",0.0412572,0.0000076,0x00,0x00
"SPI","result",0.0412662,0.0000076,0x24,0x00
"SPI","result",0.0412815,0.0000076,0x00,0x00
"SPI","result",0.0412912,0.0000076,0x00,0x00
"SPI","result",0.041301,0.0000076,0x00,0x00
"SPI","result",0.0413107,0.0000076,0x00,0x00
"SPI","result",0.0413204,0.0000076,0x00,0x00
"SPI","result",0.0413301,0.0000076,0x00,0x00
"SPI","result",0.0413398,0.0000076,0x00,0x00
"SPI","result",0.0413495,0.0000076,0x00,0x00
"SPI","result",0.0413592,0.0000076,0x00,0x00
"SPI","result",0.0413689,0.0000076,0x00,0x00
"SPI","result",0.0413787,0.0000076,0x00,0x01
"SPI","result",0.0413889,0.0000076,0x09,0x00
"SPI","result",0.0413979,0.0000076,0xED,0x00
"SPI","result",0.0414069,0.0000076,0x1E,0x00
"SPI","result",0.0414159,0.0000076,0xC0,0x00
"SPI","result",0.0414249,0.0000076,0x03,0x00
"SPI","result",0.0414339,0.0000076,0xC9,0x00
"SPI","result",0.0414429,0.0000076,0xB5,0x00
"SPI","result",0.0414519,0.0000076,0xB0,0x00
"SPI","result",0.0414609,0.0000076,0x85,0x00
"SPI","result",0.0414699,0.0000076,0x4B,0x00
"SPI","result",0.0414789,0.0000076,0x02,0x00
"SPI","result",0.0414879,0.0000076,0x74,0x00
"SPI","result",0.0414969,0.0000076,0x32,0x00
"SPI","result",0.0415059,0.0000076,0x48,0x00
"SPI","result",0.0415149,0.0000076,0x84,0x00
"SPI","result",0.0415239,0.0000076,0x75,0x00
"SPI","result",0.0415329,0.0000076,0x7F,0x00
"SPI","result",0.0415419,0.0000076,0x86,0x00
"SPI","result",0.0415509,0.0000076,0x07,0x00
"SPI","result",0.0415599,0.0000076,0xC3,0x00
"SPI","result",0.0415689,0.0000076,0x1C,0x00
"SPI","result",0.0415779,0.0000076,0xE8,0x00
"SPI","result",0.0415869,0.0000076,0xCE,0x00
"SPI","result",0.0415959,0.0000076,0x17,0x00
"SPI","result",0.0416049,0.0000076,0x83,0x00
"SPI","result",0.0416139,0.0000076,0x3E,0x00
"SPI","result",0.0416229,0.0000076,0x27,0x00
"SPI","result",0.0416319,0.0000076,0x42,0x00
"SPI","result",0.0416409,0.0000076,0x61,0x00
"SPI","result",0.0416499,0.0000076,0x4D,0x00
"SPI","result",0.0416589,0.0000076,0xF4,0x00
"SPI","result",0.0416679,0.0000076,0x78,0x00
"SPI","result",0.0416769,0.0000076,0x46,0x00
"SPI","result",0.0416859,0.0000076,0x70,0x00
"SPI","result",0.0416949,0.0000076,0xC2,0x00
"SPI","result",0.0417039,0.0000076,0x8D,0x00
"SPI","result",0.0417129,0.0000076,0x6E,0x00
"SPI","result",0.0417219,0.0000076,0x04,0x00
"SPI","result",0.0417309,0.0000076,0x93,0x00
"SPI","result",0.0417399,0.0000076,0x93,0x00
"SPI","result",0.0417489,0.0000076,0x84,0x00
"SPI","result",0.0417579,0.0000076,0x86,0x00
"SPI","result",0.0417669,0.0000076,0x68,0x00
"SPI","result",0.0417759,0.0000076,0xBB,0x00
"SPI","result",0.0417849,0.0000076,0xA1,0x00
"SPI","result",0.0417939,0.0000076,0x5A,0x00
"SPI","result",0.0418029,0.0000076,0xAD,0x00
"SPI","result",0.0418119,0.0000076,0xAC,0x00
"SPI","result",0.0418209,0.0000076,0xFD,0x00
"SPI","result",0.0418299,0.0000076,0xB2,0x00
"SPI","result",0.0418389,0.0000076,0x80,0x00
"SPI","result",0.0418479,0.0000076,0x14,0x00
"SPI","result",0.0418569,0.0000076,0xDF,0x00
"SPI","result",0.0418659,0.0000076,0x34,0x00
"SPI","result",0.0418749,0.0000076,0x4C,0x00
"SPI","result",0.0418839,0.0000076,0x40,0x00
"SPI","result",0.0418929,0.0000076,0x7F,0x00
"SPI","result",0.0419019,0.0000076,0x4C,0x00
"SPI","result",0.0419109,0.0000076,0xD1,0x00
"SPI","result",0.0419199,0.0000076,0x3B,0x00
"SPI","result",0.0419289,0.0000076,0x46,0x00
"SPI","result",0.0419379,0.0000076,0xB0,0x00
"SPI","result",0.0419469,0.0000076,0x43,0x00
"SPI","result",0.0419559,0.0000076,0x05,0x00
"SPI","result",0.0419798,0.0000076,0x3F,0x00
"SPI","result",0.0419888,0.0000076,0xD4,0x00
"SPI","result",0.0419978,0.0000076,0x00,0x00
"SPI","result",0.0420068,0.0000076,0x24,0x00
"SPI","result",0.0420225,0.0000076,0x00,0x00
"SPI","result",0.0420324,0.0000076,0x00,0x00
"SPI","result",0.0420422,0.0000076,0x00,0x00
"SPI","result",0.0420519,0.0000076,0x00,0x00
"SPI","result",0.0420617,0.0000076,0x00,0x00
"SPI","result",0.0420714,0.0000076,0x00,0x00
"SPI","result",0.0420811,0.0000076,0x00,0x00
"SPI","result",0.0420908,0.0000076,0x00,0x00
"SPI","result",0.0421005,0.0000076,0x00,0x00
"SPI","result",0.0421102,0.0000076,0x00,0x00
"SPI","result",0.04212,0.0000076,0x00,0x00
"SPI","result",0.0421297,0.0000076,0x00,0x00
"SPI","result",0.0421394,0.0000076,0x00,0x00
"SPI","result",0.0421491,0.0000077,0x00,0x01
"SPI","result",0.0421591,0.0000076,0x27,0x00
"SPI","result",0.0421681,0.0000076,0x7C,0x00
"SPI","result",0.0421771,0.0000076,0x37,0x00
"SPI","result",0.0421861,0.0000076,0xA7,0x00
"SPI","result",0.0421951,0.0000076,0x3B,0x00
"SPI","result",0.0422041,0.0000076,0x5B,0x00
"SPI","result",0.0422131,0.0000076,0x50,0x00
"SPI","result",0.0422221,0.0000076,0xC4,0x00
"SPI","result",0.0422311,0.0000076,0xC2,0x00
"SPI","result",0.0422401,0.0000076,0x80,0x00
"SPI","result",0.0422491,0.0000076,0x99,0x00
"SPI","result",0.0422581,0.0000076,0x46,0x00
"SPI","result",0.0422671,0.0000076,0x8C,0x00
"SPI","result",0.0422761,0.0000076,0x80,0x00
"SPI","result",0.0422851,0.0000076,0x34,0x00
"SPI","result",0.0422941,0.0000076,0x7D,0x00
"SPI","result",0.0423031,0.0000076,0xCD,0x00
"SPI","result",0.0423121,0.0000076,0x74,0x00
"SPI","result",0.0423211,0.0000076,0x58,0x00
"SPI","result",0.0423301,0.0000076,0x15,0x00
"SPI","result",0.0423391,0.0000076,0x4E,0x00
"SPI","result",0.0423481,0.0000076,0x64,0x00
"SPI","result",0.0423571,0.0000076,0x46,0x00
"SPI","result",0.0423661,0.0000076,0x3C,0x00
"SPI","result",0.0423751,0.0000076,0x4F,0x00
"SPI","result",0.0423841,0.0000076,0x1D,0x00
"SPI","result",0.0423931,0.0000076,0x0A,0x00
"SPI","result",0.0424021,0.0000076,0xE0,0x00
"SPI","result",0.0424111,0.0000076,0x9B,0x00
"SPI","result",0.0424201,0.0000076,0xB9,0x00
"SPI","result",0.0424291,0.0000076,0xF9,0x00
"SPI","result",0.0424381,0.0000076,0x49,0x00
"SPI","result",0.0424471,0.0000076,0xF6,0x00
"SPI","result",0.0424561,0.0000076,0x2A,0x00
"SPI","result",0.0424651,0.0000076,0x42,0x00
"SPI","result",0.0424741,0.0000076,0x20,0x00
"SPI","result",0.0424831,0.0000076,0xDC,0x00
"SPI","result",0.0424921,0.0000076,0x21,0x00
"SPI","result",0.0425011,0.0000076,0x01,0x00
"SPI","result",0.0425101,0.0000076,0x36,0x00
"SPI","result",0.0425191,0.0000076,0x5A,0x00
"SPI","result",0.0425281,0.0000076,0xE7,0x00
"SPI","result",0.0425371,0.0000076,0x5E,0x00
"SPI","result",0.0425461,0.0000076,0xA8,0x00
"SPI","result",0.0425551,0.0000076,0xD8,0x00
"SPI","result",0.0425641,0.0000076,0x79,0x00
"SPI","result",0.0425731,0.0000076,0xF6,0x00
"SPI","result",0.0425821,0.0000076,0xF2,0x00
"SPI","result",0.0425911,0.0000076,0xD4,0x00
"SPI","result",0.0426001,0.0000076,0x86,0x00
"SPI","result",0.0426091,0.0000076,0xF0,0x00
"SPI","result",0.0426181,0.0000076,0x69,0x00
"SPI","result",0.0426271,0.0000076,0xD5,0x00
"SPI","result",0.0426361,0.0000076,0xC9,0x00
"SPI","result",0.0426451,0.0000076,0xE4,0x00
"SPI","result",0.0426541,0.0000076,0xEE,0x00
"SPI","result",0.0426631,0.0000076,0x00,0x00
"SPI","result",0.0426721,0.0000076,0x20,0x00
"SPI","result",0.0426811,0.0000076,0x9C,0x00
"SPI","result",0.0426901,0.0000076,0xE7,0x00
"SPI","result",0.0426991,0.0000076,0xFA,0x00
"SPI","result",0.0427081,0.0000076,0xFE,0x00
"SPI","result",0.0427171,0.0000076,0x28,0x00
"SPI","result",0.0427261,0.0000076,0xA3,0x00
"SPI","result",0.0427512,0.0000076,0x3F,0x00
"SPI","result",0.0427602,0.0000076,0xD4,0x00
"SPI","result",0.0427692,0.0000076,0x00,0x00
"SPI","result",0.0427782,0.0000076,0x24,0x00
"SPI","result",0.0430026,0.0000076,0x00,0x00
"SPI","result",0.0430126,0.0000076,0x00,0x00
"SPI","result",0.0430224,0.0000076,0x00,0x00
"SPI","result",0.0430321,0.0000076,0x00,0x00
"SPI","result",0.0430419,0.0000076,0x00,0x00
"SPI","result",0.0430516,0.0000076,0x00,0x00
"SPI","result",0.0430613,0.0000076,0x00,0x00
"SPI","result",0.0430711,0.0000076,0x00,0x00
"SPI","result",0.0430808,0.0000076,0x00,0x00
"SPI","result",0.0430906,0.0000076,0x00,0x00
"SPI","result",0.0431003,0.0000076,0x00,0x01
"SPI","result",0.0431103,0.0000076,0xD2,0x00
"SPI","result",0.0431193,0.0000076,0x38,0x00
"SPI","result",0.0431283,0.0000076,0x78,0x00
"SPI","result",0.0431373,0.0000076,0x4D,0x00
"SPI","result",0.0431463,0.0000076,0xE4,0x00
"SPI","result",0.0431553,0.0000076,0x44,0x00
"SPI","result",0.0431643,0.0000076,0x40,0x00
"SPI","result",0.0431733,0.0000076,0x6F,0x00
"SPI","result",0.0431823,0.0000076,0x90,0x00
"SPI","result",0.0431913,0.0000076,0x26,0x00
"SPI","result",0.0432003,0.0000076,0xDD,0x00
"SPI","result",0.0432093,0.0000076,0x44,0x00
"SPI","result",0.0432183,0.0000076,0x34,0x00
"SPI","result",0.0432273,0.0000076,0x6F,0x00
"SPI","result",0.0432363,0.0000076,0x87,0x00
"SPI","result",0.0432453,0.0000076,0x83,0x00
"SPI","result",0.0432543,0.0000076,0x3F,0x00
"SPI","result",0.0432633,0.0000076,0xB7,0x00
"SPI","result",0.0432723,0.0000076,0x9B,0x00
"SPI","result",0.0432813,0.0000076,0x05,0x00
"SPI","result",0.0432903,0.0000076,0xAB,0x00
"SPI","result",0.0432993,0.0000076,0x54,0x00
"SPI","result",0.0433083,0.0000076,0x46,0x00
"SPI","result",0.0433173,0.0000076,0xCF,0x00
"SPI","result",0.0433263,0.0000076,0x94,0x00
"SPI","result",0.0433353,0.0000076,0x96,0x00
"SPI","result",0.0433443,0.0000076,0x69,0x00
"SPI","result",0.0433533,0.0000076,0x20,0x00
"SPI","result",0.0433623,0.0000076,0x05,0x00
"SPI","result",0.0433713,0.0000076,0x49,0x00
"SPI","result",0.0433803,0.0000076,0xEA,0x00
"SPI","result",0.0433893,0.0000076,0x04,0x00
"SPI","result",0.0433983,0.0000076,0x67,0x00
"SPI","result",0.0434073,0.0000076,0xCD,0x00
"SPI","result",0.0434163,0.0000076,0x0D,0x00
"SPI","result",0.0434253,0.0000076,0x94,0x00
"SPI","result",0.0434343,0.0000076,0x03,0x00
"SPI","result",0.0434433,0.0000076,0x7F,0x00
"SPI","result",0.0434523,0.0000076,0x76,0x00
"SPI","result",0.0434613,0.0000076,0x1E,0x00
"SPI","result",0.0434703,0.0000076,0xBF,0x00
"SPI","result",0.0434793,0.0000076,0xF6,0x00
"SPI","result",0.0434883,0.0000076,0x84,0x00
"SPI","result",0.0434973,0.0000076,0x08,0x00
"SPI","result",0.0435063,0.0000076,0x86,0x00
"SPI","result",0.0435153,0.0000076,0x1F,0x00
"SPI","result",0.0435243,0.0000076,0x47,0x00
"SPI","result",0.0435333,0.0000076,0xA3,0x00
"SPI","result",0.0435423,0.0000076,0x2A,0x00
"SPI","result",0.0435513,0.0000076,0xB9,0x00
"SPI","result",0.0435603,0.0000076,0x96,0x00
"SPI","result",0.0435693,0.0000076,0x26,0x00
"SPI","result",0.0435783,0.0000076,0xF3,0x00
"SPI","result",0.0435873,0.0000076,0x81,0x00
"SPI","result",0.0435963,0.0000076,0xAB,0x00
"SPI","result",0.0436053,0.0000076,0x51,0x00
"SPI","result",0.0436143,0.0000076,0x33,0x00
"SPI","result",0.0436233,0.0000076,0x38,0x00
"SPI","result",0.0436323,0.0000076,0xDD,0x00
"SPI","result",0.0436413,0.0000076,0xAE,0x00
"SPI","result",0.0436503,0.0000076,0x70,0x00
"SPI","result",0.0436593,0.0000076,0x1D,0x00
"SPI","result",0.0436683,0.0000076,0xF1,0x00
"SPI","result",0.0436773,0.0000076,0x91,0x00
"SPI","result",0.0437017,0.0000076,0x3F,0x00
"SPI","result",0.0437107,0.0000076,0xD4,0x00
"SPI","result",0.0437197,0.0000076,0x00,0x00
"SPI","result",0.0437287,0.0000076,0x24,0x00
"SPI","result",0.0437442,0.0000076,0x00,0x00
"SPI","result",0.043754,0.0000076,0x00,0x00
"SPI","result",0.0437637,0.0000076,0x00,0x00
"SPI","result",0.0437734,0.0000076,0x00,0x00
"SPI","result",0.0437831,0.0000076,0x00,0x00
"SPI","result",0.0437928,0.0000076,0x00,0x00
"SPI","result",0.0438025,0.0000076,0x00,0x00
"SPI","result",0.0438122,0.0000076,0x00,0x00
"SPI","result",0.0438219,0.0000076,0x00,0x00
"SPI","result",0.0438317,0.0000076,0x00,0x00
"SPI","result",0.0438414,0.0000076,0x00,0x00
"SPI","result",0.043851,0.0000076,0x00,0x00
"SPI","result",0.0438607,0.0000076,0x00,0x00
"SPI","result",0.0438704,0.0000076,0x00,0x01
"SPI","result",0.0438803,0.0000076,0xAA,0x00
"SPI","result",0.0438893,0.0000076,0xD1,0x00
"SPI","result",0.0438983,0.0000076,0x96,0x00
"SPI","result",0.0439073,0.0000076,0x2E,0x00
"SPI","result",0.0439163,0.0000076,0x25,0x00
"SPI","result",0.0439253,0.0000076,0xE6,0x00
"SPI","result",0.0439343,0.0000076,0xBF,0x00
"SPI","result",0.0439433,0.0000076,0x6D,0x00
"SPI","result",0.0439523,0.0000076,0xAC,0x00
"SPI","result",0.0439613,0.0000076,0xC3,0x00
"SPI","result",0.0439703,0.0000076,0x3A,0x00
"SPI","result",0.0439793,0.0000076,0x21,0x00
"SPI","result",0.0439883,0.0000076,0x12,0x00
"SPI","result",0.0439973,0.0000076,0xA2,0x00
"SPI","result",0.0440063,0.0000076,0x91,0x00
"SPI","result",0.0440153,0.0000076,0xE3,0x00
"SPI","result",0.0440243,0.0000076,0x3C,0x00
"SPI","result",0.0440333,0.0000076,0x0E,0x00
"SPI","result",0.0440423,0.0000076,0x99,0x00
"SPI","result",0.0440513,0.0000076,0x5A,0x00
"SPI","result",0.0440603,0.0000076,0x2F,0x00
"SPI","result",0.0440693,0.0000076,0xF8,0x00
"SPI","result",0.0440783,0.0000076,0x12,0x00
"SPI","result",0.0440873,0.0000076,0x2C,0x00
"SPI","result",0.0440963,0.0000076,0xF1,0x00
"SPI","result",0.0441053,0.0000076,0x08,0x00
"SPI","result",0.0441143,0.0000076,0x01,0x00
"SPI","result",0.0441233,0.0000076,0x78,0x00
"SPI","result",0.0441323,0.0000076,0x34,0x00
"SPI","result",0.0441413,0.0000076,0xF0,0x00
"SPI","result",0.0441503,0.0000076,0x95,0x00
"SPI","result",0.0441593,0.0000076,0x59,0x00
"SPI","result",0.0441683,0.0000076,0xB3,0x00
"SPI","result",0.0441773,0.0000076,0xB8,0x00
"SPI","result",0.0441863,0.0000076,0x5D,0x00
"SPI","result",0.0441953,0.0000076,0xBD,0x00
"SPI","result",0.0442043,0.0000076,0xFF,0x00
"SPI","result",0.0442133,0.0000076,0x43,0x00
"SPI","result",0.0442223,0.0000076,0x9A,0x00
"SPI","result",0.0442313,0.0000076,0x54,0x00
"SPI","result",0.0442403,0.0000076,0x32,0x00
"SPI","result",0.0442493,0.0000076,0x56,0x00
"SPI","result",0.0442583,0.0000076,0x7B,0x00
"SPI","result",0.0442673,0.0000076,0xB8,0x00
"SPI","result",0.0442763,0.0000076,0x22,0x00
"SPI","result",0.0442853,0.0000076,0xE6,0x00
"SPI","result",0.0442943,0.0000076,0x2E,0x00
"SPI","result",0.0443033,0.0000076,0x61,0x00
"SPI","result",0.0443123,0.0000076,0xB0,0x00
"SPI","result",0.0443213,0.0000076,0xFF,0x00
"SPI","result",0.0443303,0.0000076,0x68,0x00
"SPI","result",0.0443393,0.0000076,0x92,0x00
"SPI","result",0.0443483,0.0000076,0x71,0x00
"SPI","result",0.0443573,0.0000076,0x37,0x00
"SPI","result",0.0443663,0.0000076,0x04,0x00
"SPI","result",0.0443753,0.0000076,0x1C,0x00
"SPI","result",0.0443843,0.0000076,0xE7,0x00
"SPI","result",0.0443933,0.0000076,0x5F,0x00
"SPI","result",0.0444023,0.0000076,0x81,0x00
"SPI","result",0.0444113,0.0000076,0x94,0x00
"SPI","result",0.0444203,0.0000076,0x41,0x00
"SPI","result",0.0444293,0.0000076,0x61,0x00
"SPI","result",0.0444383,0.0000076,0xE8,0x00
"SPI","result",0.0444473,0.0000076,0x79,0x00
"SPI","result",0.0444766,0.0000076,0x80,0x00
"SPI","result",0.0444856,0.0000076,0xD4,0x00
"SPI","result",0.0444946,0.0000076,0x00,0x00
"SPI","result",0.0445036,0.0000076,0x18,0x00
"SPI","result",0.0445193,0.0000076,0x00,0x00
"SPI","result",0.044529,0.0000076,0x00,0x00
"SPI","result",0.0445388,0.0000076,0x00,0x00
"SPI","result",0.0445485,0.0000076,0x00,0x00
"SPI","result",0.0445582,0.0000076,0x00,0x00
"SPI","result",0.0445679,0.0000076,0x00,0x00
"SPI","result",0.0445776,0.0000076,0x00,0x00
"SPI","result",0.0445873,0.0000076,0x00,0x00
"SPI","result",0.044597,0.0000076,0x00,0x00
"SPI","result",0.0446067,0.0000076,0x00,0x00
"SPI","result",0.0446164,0.0000076,0x00,0x00
"SPI","result",0.0446261,0.0000076,0x00,0x00
"SPI","result",0.0446358,0.0000076,0x00,0x01
"SPI","result",0.0446455,0.0000076,0x00,0x8C
"SPI","result",0.0446614,0.0000076,0x80,0x00
"SPI","result",0.0446704,0.0000076,0xD4,0x00
"SPI","result",0.0446794,0.0000076,0x00,0x00
"SPI","result",0.0446884,0.0000076,0x18,0x00
"SPI","result",0.0447042,0.0000076,0x00,0x00
"SPI","result",0.0447139,0.0000076,0x00,0x00
"SPI","result",0.0447237,0.0000076,0x00,0x00
"SPI","result",0.0447334,0.0000076,0x00,0x00
"SPI","result",0.0447431,0.0000076,0x00,0x00
"SPI","result",0.0447528,0.0000076,0x00,0x00
"SPI","result",0.0447625,0.0000076,0x00,0x00
"SPI","result",0.0447723,0.0000076,0x00,0x00
"SPI","result",0.044782,0.0000076,0x00,0x00
"SPI","result",0.0447917,0.0000076,0x00,0x00
"SPI","result",0.0448014,0.0000076,0x00,0x00
"SPI","result",0.0448111,0.0000076,0x00,0x00
"SPI","result",0.0448208,0.0000076,0x00,0x00
"SPI","result",0.0448305,0.0000076,0x00,0x01
"SPI","result",0.0448402,0.0000076,0x00,0x8C
"SPI","result",0.0448562,0.0000076,0x83,0x00
"SPI","result",0.0448652,0.0000076,0xD4,0x00
"SPI","result",0.0448742,0.0000076,0x00,0x00
"SPI","result",0.0448832,0.0000076,0x18,0x00
"SPI","result",0.0448988,0.0000076,0x00,0x00
"SPI","result",0.0449086,0.0000076,0x00,0x00
"SPI","result",0.0449183,0.0000076,0x00,0x00
"SPI","result",0.044928,0.0000076,0x00,0x00
"SPI","result",0.0449377,0.0000076,0x00,0x00
"SPI","result",0.0449474,0.0000076,0x00,0x00
"SPI","result",0.0449571,0.0000076,0x00,0x00
"SPI","result",0.0449668,0.0000076,0x00,0x00
"SPI","result",0.0449765,0.0000076,0x00,0x00
"SPI","result",0.0449862,0.0000076,0x00,0x00
"SPI","result",0.0449959,0.0000076,0x00,0x00
"SPI","result",0.0450056,0.0000076,0x00,0x00
"SPI","result",0.0450153,0.0000076,0x00,0x00
"SPI","result",0.045025,0.0000076,0x00,0x00
"SPI","result",0.0450347,0.0000076,0x00,0x01
"SPI","result",0.0450444,0.0000076,0x00,0x04
"SPI","result",0.0450534,0.0000076,0x00,0x00
"SPI","result",0.0450624,0.0000076,0x00,0x01
"SPI","result",0.0450714,0.0000076,0x00,0x8C
"SPI","result",0.0450928,0.0000076,0x3F,0x00
"SPI","result",0.0451018,0.0000076,0xD4,0x00
"SPI","result",0.0451108,0.0000076,0x00,0x00
"SPI","result",0.0451198,0.0000076,0x24,0x00
"SPI","result",0.0451352,0.0000076,0x00,0x00
"SPI","result",0.0451449,0.0000076,0x00,0x00
"SPI","result",0.0451546,0.0000076,0x00,0x00
"SPI","result",0.0451643,0.0000076,0x00,0x00
"SPI","result",0.045174,0.0000076,0x00,0x00
"SPI","result",0.0451838,0.0000076,0x00,0x00
"SPI","result",0.0451934,0.0000076,0x00,0x00
"SPI","result",0.0452032,0.0000076,0x00,0x00
"SPI","result",0.0452129,0.0000076,0x00,0x00
"SPI","result",0.0452225,0.0000076,0x00,0x00
"SPI","result",0.0452323,0.0000076,0x00,0x01
"SPI","result",0.0452422,0.0000076,0x14,0x00
"SPI","result",0.0452512,0.0000076,0xAE,0x00
"SPI","result",0.0452602,0.0000076,0x07,0x00
"SPI","result",0.0452692,0.0000076,0xA4,0x00
"SPI","result",0.0452782,0.0000076,0x34,0x00
"SPI","result",0.0452872,0.0000076,0x2A,0x00
"SPI","result",0.0452962,0.0000076,0x3C,0x00
"SPI","result",0.0453052,0.0000076,0xEB,0x00
"SPI","result",0.0453142,0.0000076,0xC1,0x00
"SPI","result",0.0453232,0.0000076,0xDD,0x00
"SPI","result",0.0453322,0.0000076,0xC4,0x00
"SPI","result",0.0453412,0.0000076,0x14,0x00
"SPI","result",0.0453502,0.0000076,0x53,0x00
"SPI","result",0.0453592,0.0000076,0x8E,0x00
"SPI","result",0.0453682,0.0000076,0xF9,0x00
"SPI","result",0.0453772,0.0000076,0xBD,0x00
"SPI","result",0.0453862,0.0000076,0xAC,0x00
"SPI","result",0.0453952,0.0000076,0xD9,0x00
"SPI","result",0.0454042,0.0000076,0xB1,0x00
"SPI","result",0.0454132,0.0000076,0x8C,0x00
"SPI","result",0.0454222,0.0000076,0x09,0x00
"SPI","result",0.0454312,0.0000076,0x64,0x00
"SPI","result",0.0454402,0.0000076,0x15,0x00
"SPI","result",0.0454492,0.0000076,0x6E,0x00
"SPI","result",0.0454581,0.0000077,0x3C,0x00
"SPI","result",0.0454671,0.0000077,0x5A,0x00
"SPI","result",0.0454761,0.0000077,0x8A,0x00
"SPI","result",0.0454851,0.0000077,0x24,0x00
"SPI","result",0.0454941,0.0000077,0xB0,0x00
"SPI","result",0.0455031,0.0000077,0x66,0x00
"SPI","result",0.0455121,0.0000077,0x75,0x00
"SPI","result",0.0455211,0.0000077,0xA9,0x00
"SPI","result",0.0455301,0.0000077,0x22,0x00
"SPI","result",0.0455391,0.0000077,0x24,0x00
"SPI","result",0.0455481,0.0000077,0x47,0x00
"SPI","result",0.0455571,0.0000077,0x9C,0x00
"SPI","result",0.0455661,0.0000077,0xF5,0x00
"SPI","result",0.0455751,0.0000077,0x68,0x00
"SPI","result",0.0455841,0.0000077,0xC2,0x00
"SPI","result",0.0455931,0.0000077,0x4B,0x00
"SPI","result",0.0456021,0.0000077,0xC0,0x00
"SPI","result",0.0456111,0.0000077,0x13,0x00
"SPI","result",0.0456201,0.0000077,0xBD,0x00
"SPI","result",0.0456291,0.0000077,0x4C,0x00
"SPI","result",0.0456381,0.0000077,0xEE,0x00
"SPI","result",0.0456471,0.0000077,0xD9,0x00
"SPI","result",0.0456561,0.0000077,0x23,0x00
"SPI","result",0.0456651,0.0000077,0xCA,0x00
"SPI","result",0.0456741,0.0000077,0xAE,0x00
"SPI","result",0.0456831,0.0000077,0x67,0x00
"SPI","result",0.0456921,0.0000077,0x97,0x00
"SPI","result",0.0457011,0.0000077,0x59,0x00
"SPI","result",0.0457101,0.0000077,0x7E,0x00
"SPI","result",0.0457191,0.0000077,0x70,0x00
"SPI","result",0.0457281,0.0000077,0xB2,0x00
"SPI","result",0.0457371,0.0000077,0xBB,0x00
"SPI","result",0.0457461,0.0000077,0x4C,0x00
"SPI","result",0.0457551,0.0000077,0xC1,0x00
"SPI","result",0.0457641,0.0000076,0xCA,0x00
"SPI","result",0.0457731,0.0000076,0x5D,0x00
"SPI","result",0.0457821,0.0000076,0x4B,0x00
"SPI","result",0.0457911,0.0000076,0x75,0x00
"SPI","result",0.0458001,0.0000076,0x42,0x00
"SPI","result",0.0458091,0.0000076,0x77,0x00
"SPI","result",0.0458318,0.0000076,0x3F,0x00
"SPI","result",0.0458408,0.0000076,0xD4,0x00
"SPI","result",0.0458498,0.0000076,0x00,0x00
"SPI","result",0.0458588,0.0000076,0x24,0x00
"SPI","result",0.0458736,0.0000076,0x00,0x00
"SPI","result",0.0458834,0.0000076,0x00,0x00
"SPI","result",0.045893,0.0000077,0x00,0x00
"SPI","result",0.0459028,0.0000076,0x00,0x00
"SPI","result",0.0459125,0.0000076,0x00,0x00
"SPI","result",0.0459222,0.0000076,0x00,0x00
"SPI","result",0.0459319,0.0000076,0x00,0x00
"SPI","result",0.0459416,0.0000076,0x00,0x00
"SPI","result",0.0459513,0.0000076,0x00,0x00
"SPI","result",0.045961,0.0000076,0x00,0x00
"SPI","result",0.0459707,0.0000077,0x00,0x00
"SPI","result",0.0459804,0.0000076,0x00,0x00
"SPI","result",0.0459901,0.0000076,0x00,0x01
"SPI","result",0.046,0.0000076,0x3B,0x00
"SPI","result",0.046009,0.0000076,0xB7,0x00
"SPI","result",0.046018,0.0000076,0x7A,0x00
"SPI","result",0.046027,0.0000076,0x16,0x00
"SPI","result",0.046036,0.0000076,0xB2,0x00
"SPI","result",0.046045,0.0000076,0x27,0x00
"SPI","result",0.046054,0.0000076,0x39,0x00
"SPI","result",0.046063,0.0000076,0xF8,0x00
"SPI","result",0.046072,0.0000076,0x4B,0x00
"SPI","result",0.046081,0.0000076,0x22,0x00
"SPI","result",0.04609,0.0000076,0xE3,0x00
"SPI","result",0.046099,0.0000076,0x05,0x00
"SPI","result",0.046108,0.0000076,0xFC,0x00
"SPI","result",0.046117,0.0000076,0xD9,0x00
"SPI","result",0.046126,0.0000076,0x7A,0x00
"SPI","result",0.046135,0.0000076,0xCC,0x00
"SPI","result",0.046144,0.0000076,0xC8,0x00
"SPI","result",0.046153,0.0000076,0x2C,0x00
"SPI","result",0.046162,0.0000076,0x9D,0x00
"SPI","result",0.046171,0.0000076,0x16,0x00
"SPI","result",0.04618,0.0000076,0xB3,0x00
"SPI","result",0.046189,0.0000076,0xB2,0x00
"SPI","result",0.046198,0.0000076,0x90,0x00
"SPI","result",0.046207,0.0000076,0xE9,0x00
"SPI","result",0.046216,0.0000076,0x81,0x00
"SPI","result",0.046225,0.0000076,0xDB,0x00
"SPI","result",0.046234,0.0000076,0x6E,0x00
"SPI","result",0.046243,0.0000076,0xB1,0x00
"SPI","result",0.046252,0.0000076,0x1A,0x00
"SPI","result",0.046261,0.0000076,0x13,0x00
"SPI","result",0.04627,0.0000076,0x13,0x00
"SPI","result",0.046279,0.0000076,0x93,0x00
"SPI","result",0.046288,0.0000076,0x75,0x00
"SPI","result",0.046297,0.0000076,0xED,0x00
"SPI","result",0.046306,0.0000076,0xDA,0x00
"SPI","result",0.046315,0.0000076,0xC5,0x00
"SPI","result",0.046324,0.0000076,0x89,0x00
"SPI","result",0.046333,0.0000076,0x0B,0x00
"SPI","result",0.046342,0.0000076,0x55,0x00
"SPI","result",0.046351,0.0000076,0xF2,0x00
"SPI","result",0.04636,0.0000076,0x95,0x00
"SPI","result",0.046369,0.0000076,0xCE,0x00
"SPI","result",0.046378,0.0000076,0x0F,0x00
"SPI","result",0.046387,0.0000076,0x04,0x00
"SPI","result",0.046396,0.0000076,0x74,0x00
"SPI","result",0.046405,0.0000076,0xE8,0x00
"SPI","result",0.046414,0.0000076,0x01,0x00
"SPI","result",0.046423,0.0000076,0x05,0x00
"SPI","result",0.046432,0.0000076,0x36,0x00
"SPI","result",0.046441,0.0000076,0x57,0x00
"SPI","result",0.04645,0.0000076,0xD7,0x00
"SPI","result",0.046459,0.0000076,0xE8,0x00
"SPI","result",0.046468,0.0000076,0xFF,0x00
"SPI","result",0.046477,0.0000076,0x1E,0x00
"SPI","result",0.046486,0.0000076,0x5C,0x00
"SPI","result",0.046495,0.0000076,0x01,0x00
"SPI","result",0.046504,0.0000076,0x3B,0x00
"SPI","result",0.046513,0.0000076,0x3D,0x00
"SPI","result",0.046522,0.0000076,0x85,0x00
"SPI","result",0.046531,0.0000076,0x92,0x00
"SPI","result",0.04654,0.0000076,0xFD,0x00
"SPI","result",0.046549,0.0000076,0xCE,0x00
"SPI","result",0.046558,0.0000076,0x3E,0x00
"SPI","result",0.046567,0.0000076,0x3D,0x00
"SPI","result",0.0466181,0.0000076,0x3F,0x00
"SPI","result",0.0466271,0.0000076,0xD4,0x00
"SPI","result",0.0466361,0.0000076,0x00,0x00
"SPI","result",0.0466451,0.0000076,0x24,0x00
"SPI","result",0.0466618,0.0000077,0x00,0x00
"SPI","result",0.0466716,0.0000076,0x00,0x00
"SPI","result",0.0466813,0.0000076,0x00,0x00
"SPI","result",0.0466911,0.0000076,0x00,0x00
"SPI","result",0.0467008,0.0000076,0x00,0x00
"SPI","result",0.0467105,0.0000076,0x00,0x00
"SPI","result",0.0467202,0.0000076,0x00,0x00
"SPI","result",0.0467299,0.0000076,0x00,0x00
"SPI","result",0.0467396,0.0000076,0x00,0x00
"SPI","result",0.0467493,0.0000076,0x00,0x00
"SPI","result",0.046759,0.0000076,0x00,0x00
"SPI","result",0.0467687,0.0000076,0x00,0x00
"SPI","result",0.0467784,0.0000076,0x00,0x00
"SPI","result",0.046788,0.0000077,0x00,0x00
"SPI","result",0.0467978,0.0000076,0x00,0x01
"SPI","result",0.0468078,0.0000076,0x94,0x00
"SPI","result",0.0468168,0.0000076,0x76,0x00
"SPI","result",0.0468258,0.0000076,0xE9,0x00
"SPI","result",0.0468348,0.0000076,0xB1,0x00
"SPI","result",0.0468438,0.0000076,0x3D,0x00
"SPI","result",0.0468528,0.0000076,0xB8,0x00
"SPI","result",0.0468618,0.0000076,0xCD,0x00
"SPI","result",0.0468708,0.0000076,0xCC,0x00
"SPI","result",0.0468798,0.0000076,0x08,0x00
"SPI","result",0.0468888,0.0000076,0x06,0x00
"SPI","result",0.0468978,0.0000076,0xEB,0x00
"SPI","result",0.0469068,0.0000076,0x7B,0x00
"SPI","result",0.0469158,0.0000076,0xF5,0x00
"SPI","result",0.0469248,0.0000076,0x88,0x00
"SPI","result",0.0469338,0.0000076,0xDB,0x00
"SPI","result",0.0469428,0.0000076,0xE5,0x00
"SPI","result",0.0469518,0.0000076,0x93,0x00
"SPI","result",0.0469608,0.0000076,0x41,0x00
"SPI","result",0.0469698,0.0000076,0xC2,0x00
"SPI","result",0.0469788,0.0000076,0x29,0x00
"SPI","result",0.0469878,0.0000076,0xAB,0x00
"SPI","result",0.0469968,0.0000076,0x87,0x00
"SPI","result",0.0470058,0.0000076,0xB8,0x00
"SPI","result",0.0470148,0.0000076,0x93,0x00
"SPI","result",0.0470238,0.0000076,0x3D,0x00
"SPI","result",0.0470328,0.0000076,0xC3,0x00
"SPI","result",0.0470418,0.0000076,0x74,0x00
"SPI","result",0.0470508,0.0000076,0x61,0x00
"SPI","result",0.0470598,0.0000076,0x85,0x00
"SPI","result",0.0470688,0.0000076,0x47,0x00
"SPI","result",0.0470778,0.0000076,0x8F,0x00
"SPI","result",0.0470868,0.0000076,0x53,0x00
"SPI","result",0.0470958,0.0000076,0x83,0x00
"SPI","result",0.0471048,0.0000076,0xBD,0x00
"SPI","result",0.0471138,0.0000076,0x61,0x00
"SPI","result",0.0471228,0.0000076,0xC9,0x00
"SPI","result",0.0471318,0.0000076,0x6D,0x00
"SPI","result",0.0471408,0.0000076,0xE5,0x00
"SPI","result",0.0471498,0.0000076,0x68,0x00
"SPI","result",0.0471588,0.0000076,0x68,0x00
"SPI","result",0.0471678,0.0000076,0xFC,0x00
"SPI","result",0.0471768,0.0000076,0xBB,0x00
"SPI","result",0.0471858,0.0000076,0x06,0x00
"SPI","result",0.0471948,0.0000076,0xC2,0x00
"SPI","result",0.0472038,0.0000076,0x5A,0x00
"SPI","result",0.0472128,0.0000076,0x2A,0x00
"SPI","result",0.0472218,0.0000076,0xB0,0x00
"SPI","result",0.0472308,0.0000076,0xF2,0x00
"SPI","result",0.0472398,0.0000076,0xE7,0x00
"SPI","result",0.0472488,0.0000076,0x93,0x00
"SPI","result",0.0472578,0.0000076,0x88,0x00
"SPI","result",0.0472668,0.0000076,0x8B,0x00
"SPI","result",0.0472758,0.0000076,0xB7,0x00
"SPI","result",0.0472848,0.0000076,0x96,0x00
"SPI","result",0.0472938,0.0000076,0x4D,0x00
"SPI","result",0.0473028,0.0000076,0x30,0x00
"SPI","result",0.0473118,0.0000076,0x25,0x00
"SPI","result",0.0473208,0.0000076,0xCC,0x00
"SPI","result",0.0473298,0.0000076,0x0D,0x00
"SPI","result",0.0473388,0.0000076,0x4B,0x00
"SPI","result",0.0473478,0.0000076,0xAA,0x00
"SPI","result",0.0473568,0.0000076,0x31,0x00
"SPI","result",0.0473658,0.0000076,0xDE,0x00
"SPI","result",0.0473748,0.0000076,0xBA,0x00
"SPI","result",0.0474017,0.0000076,0x3F,0x00
"SPI","result",0.0474107,0.0000076,0xD4,0x00
"SPI","result",0.0474197,0.0000076,0x00,0x00
"SPI","result",0.0474287,0.0000076,0x24,0x00
"SPI","result",0.0474443,0.0000076,0x00,0x00
"SPI","result",0.047454,0.0000076,0x00,0x00
"SPI","result",0.0474637,0.0000077,0x00,0x00
"SPI","result",0.0474735,0.0000076,0x00,0x00
"SPI","result",0.0474832,0.0000076,0x00,0x00
"SPI","result",0.047493,0.0000076,0x00,0x00
"SPI","result",0.0475027,0.0000076,0x00,0x00
"SPI","result",0.0475125,0.0000076,0x00,0x00
"SPI","result",0.0475222,0.0000076,0x00,0x00
"SPI","result",0.0475319,0.0000076,0x00,0x00
"SPI","result",0.0475417,0.0000076,0x00,0x00
"SPI","result",0.0475514,0.0000076,0x00,0x00
"SPI","result",0.0475612,0.0000076,0x00,0x01
"SPI","result",0.0475713,0.0000076,0xD5,0x00
"SPI","result",0.0475803,0.0000076,0x4F,0x00
"SPI","result",0.0475893,0.0000076,0x74,0x00
"SPI","result",0.0475983,0.0000076,0xC5,0x00
"SPI","result",0.0476073,0.0000076,0xA6,0x00
"SPI","result",0.0476163,0.0000076,0x82,0x00
"SPI","result",0.0476253,0.0000076,0xE7,0x00
"SPI","result",0.0476343,0.0000076,0xA1,0x00
"SPI","result",0.0476433,0.0000076,0x69,0x00
"SPI","result",0.0476523,0.0000076,0x66,0x00
"SPI","result",0.0476613,0.0000076,0xA3,0x00
"SPI","result",0.0476703,0.0000076,0x32,0x00
"SPI","result",0.0476793,0.0000076,0x76,0x00
"SPI","result",0.0476883,0.0000076,0xEF,0x00
"SPI","result",0.0476973,0.0000076,0x84,0x00
"SPI","result",0.0477063,0.0000076,0x8D,0x00
"SPI","result",0.0477153,0.0000076,0x32,0x00
"SPI","result",0.0477243,0.0000076,0xEF,0x00
"SPI","result",0.0477333,0.0000076,0x27,0x00
"SPI","result",0.0477423,0.0000076,0x51,0x00
"SPI","result",0.0477513,0.0000076,0x49,0x00
"SPI","result",0.0477603,0.0000076,0x4C,0x00
"SPI","result",0.0477693,0.0000076,0xB2,0x00
"SPI","result",0.0477783,0.0000076,0x07,0x00
"SPI","result",0.0477873,0.0000076,0x32,0x00
"SPI","result",0.0477963,0.0000076,0x0F,0x00
"SPI","result",0.0478053,0.0000076,0x53,0x00
"SPI","result",0.0478143,0.0000076,0x6D,0x00
"SPI","result",0.0478233,0.0000076,0x73,0x00
"SPI","result",0.0478323,0.0000076,0x1A,0x00
"SPI","result",0.0478413,0.0000076,0x1A,0x00
"SPI","result",0.0478503,0.0000076,0x67,0x00
"SPI","result",0.0478593,0.0000076,0xDD,0x00
"SPI","result",0.0478683,0.0000076,0x66,0x00
"SPI","result",0.0478773,0.0000076,0xEC,0x00
"SPI","result",0.0478863,0.0000076,0x10,0x00
"SPI","result",0.0478953,0.0000076,0x04,0x00
"SPI","result",0.0479043,0.0000076,0xCD,0x00
"SPI","result",0.0479133,0.0000076,0x74,0x00
"SPI","result",0.0479223,0.0000076,0x9A,0x00
"SPI","result",0.0479313,0.0000076,0xF0,0x00
"SPI","result",0.0479403,0.0000076,0xB4,0x00
"SPI","result",0.0479493,0.0000076,0xD8,0x00
"SPI","result",0.0479583,0.0000076,0x1B,0x00
"SPI","result",0.0479673,0.0000076,0xA2,0x00
"SPI","result",0.0479763,0.0000076,0xC7,0x00
"SPI","result",0.0479853,0.0000076,0x0F,0x00
"SPI","result",0.0479943,0.0000076,0xCC,0x00
"SPI","result",0.0480033,0.0000076,0xFC,0x00
"SPI","result",0.0480123,0.0000076,0x5C,0x00
"SPI","result",0.0480213,0.0000076,0x7D,0x00
"SPI","result",0.0480303,0.0000076,0x65,0x00
"SPI","result",0.0480393,0.0000076,0xAB,0x00
"SPI","result",0.0480483,0.0000076,0x9D,0x00
"SPI","result",0.0480573,0.0000076,0x09,0x00
"SPI","result",0.0480663,0.0000076,0xFC,0x00
"SPI","result",0.0480753,0.0000076,0x85,0x00
"SPI","result",0.0480843,0.0000076,0x58,0x00
"SPI","result",0.0480933,0.0000076,0xD6,0x00
"SPI","result",0.0481023,0.0000076,0xF8,0x00
"SPI","result",0.0481113,0.0000076,0x09,0x00
"SPI","result",0.0481203,0.0000076,0xA8,0x00
"SPI","result",0.0481293,0.0000076,0x1B,0x00
"SPI","result",0.0481383,0.0000076,0xE5,0x00
"SPI","result",0.0481698,0.0000076,0x80,0x00
"SPI","result",0.0481788,0.0000076,0xD4,0x00
"SPI","result",0.0481878,0.0000076,0x00,0x00
"SPI","result",0.0481968,0.0000076,0x18,0x00
"SPI","result",0.0482165,0.0000076,0x00,0x00
"SPI","result",0.0482262,0.0000076,0x00,0x00
"SPI","result",0.048236,0.0000076,0x00,0x00
"SPI","result",0.0482457,0.0000076,0x00,0x00
"SPI","result",0.0482555,0.0000076,0x00,0x00
"SPI","result",0.0482652,0.0000076,0x00,0x00
"SPI","result",0.048275,0.0000076,0x00,0x00
"SPI","result",0.0482846,0.0000076,0x00,0x00
"SPI","result",0.0482944,0.0000076,0x00,0x00
"SPI","result",0.0483041,0.0000076,0x00,0x00
"SPI","result",0.0483138,0.0000076,0x00,0x00
"SPI","result",0.0483235,0.0000076,0x00,0x01
"SPI","result",0.0483332,0.0000076,0x00,0x8C
"SPI","result",0.048349,0.0000076,0x80,0x00
"SPI","result",0.048358,0.0000076,0xD4,0x00
"SPI","result",0.048367,0.0000076,0x00,0x00
"SPI","result",0.048376,0.0000076,0x18,0x00
"SPI","result",0.0485186,0.0000076,0x00,0x00
"SPI","result",0.0485285,0.0000076,0x00,0x00
"SPI","result",0.0485382,0.0000076,0x00,0x00
"SPI","result",0.0485479,0.0000076,0x00,0x00
"SPI","result",0.0485576,0.0000077,0x00,0x00
"SPI","result",0.0485674,0.0000076,0x00,0x00
"SPI","result",0.0485771,0.0000076,0x00,0x00
"SPI","result",0.0485868,0.0000076,0x00,0x00
"SPI","result",0.0485965,0.0000076,0x00,0x00
"SPI","result",0.0486062,0.0000076,0x00,0x00
"SPI","result",0.0486159,0.0000076,0x00,0x01
"SPI","result",0.0486257,0.0000076,0x00,0x8C
"SPI","result",0.0486419,0.0000077,0x83,0x00
"SPI","result",0.0486509,0.0000077,0xD4,0x00
"SPI","result",0.0486599,0.0000077,0x00,0x00
"SPI","result",0.0486689,0.0000077,0x18,0x00
"SPI","result",0.0486876,0.0000076,0x00,0x00
"SPI","result",0.0486973,0.0000076,0x00,0x00
"SPI","result",0.048707,0.0000076,0x00,0x00
"SPI","result",0.0487168,0.0000076,0x00,0x00
"SPI","result",0.0487265,0.0000076,0x00,0x00
"SPI","result",0.0487362,0.0000076,0x00,0x00
"SPI","result",0.0487459,0.0000076,0x00,0x00
"SPI","result",0.0487556,0.0000076,0x00,0x00
"SPI","result",0.0487653,0.0000076,0x00,0x00
"SPI","result",0.048775,0.0000076,0x00,0x00
"SPI","result",0.0487847,0.0000076,0x00,0x00
"SPI","result",0.0487945,0.0000076,0x00,0x00
"SPI","result",0.0488042,0.0000076,0x00,0x01
"SPI","result",0.048814,0.0000076,0x00,0x04
"SPI","result",0.048823,0.0000076,0x00,0x00
"SPI","result",0.048832,0.0000076,0x00,0x01
"SPI","result",0.048841,0.0000076,0x00,0x8C
"SPI","result",0.0493273,0.0000076,0x3F,0x00
"SPI","result",0.0493363,0.0000076,0xD4,0x00
"SPI","result",0.0493453,0.0000076,0x00,0x00
"SPI","result",0.0493543,0.0000076,0x24,0x00
"SPI","result",0.049376,0.0000076,0x00,0x00
"SPI","result",0.0493858,0.0000076,0x00,0x00
"SPI","result",0.0493956,0.0000076,0x00,0x00
"SPI","result",0.0494053,0.0000076,0x00,0x00
"SPI","result",0.0494151,0.0000076,0x00,0x00
"SPI","result",0.0494248,0.0000076,0x00,0x00
"SPI","result",0.0494345,0.0000076,0x00,0x00
"SPI","result",0.0494443,0.0000076,0x00,0x00
"SPI","result",0.049454,0.0000076,0x00,0x00
"SPI","result",0.0494637,0.0000076,0x00,0x00
"SPI","result",0.0494734,0.0000076,0x00,0x00
"SPI","result",0.049483,0.0000076,0x00,0x01
"SPI","result",0.0494931,0.0000076,0xD1,0x00
"SPI","result",0.0495021,0.0000076,0x75,0x00
"SPI","result",0.0495111,0.0000076,0x22,0x00
"SPI","result",0.0495201,0.0000076,0x90,0x00
"SPI","result",0.0495291,0.0000076,0xE2,0x00
"SPI","result",0.0495381,0.0000076,0x86,0x00
"SPI","result",0.0495471,0.0000076,0x7A,0x00
"SPI","result",0.0495561,0.0000076,0xB2,0x00
"SPI","result",0.0495651,0.0000076,0xFB,0x00
"SPI","result",0.0495741,0.0000076,0xDA,0x00
"SPI","result",0.0495831,0.0000076,0xF3,0x00
"SPI","result",0.0495921,0.0000076,0x04,0x00
"SPI","result",0.0496011,0.0000076,0x0B,0x00
"SPI","result",0.0496101,0.0000076,0x58,0x00
"SPI","result",0.0496191,0.0000076,0xB1,0x00
"SPI","result",0.0496281,0.0000076,0x4A,0x00
"SPI","result",0.0496371,0.0000076,0x07,0x00
"SPI","result",0.0496461,0.0000076,0x9D,0x00
"SPI","result",0.0496551,0.0000076,0x42,0x00
"SPI","result",0.0496641,0.0000076,0xC7,0x00
"SPI","result",0.0496731,0.0000076,0x25,0x00
"SPI","result",0.0496821,0.0000076,0x9C,0x00
"SPI","result",0.0496911,0.0000076,0x1E,0x00
"SPI","result",0.0497001,0.0000076,0x85,0x00
"SPI","result",0.0497091,0.0000076,0xF7,0x00
"SPI","result",0.0497181,0.0000076,0x62,0x00
"SPI","result",0.0497271,0.0000076,0xC4,0x00
"SPI","result",0.0497361,0.0000076,0x68,0x00
"SPI","result",0.0497451,0.0000076,0x74,0x00
"SPI","result",0.0497541,0.0000076,0x15,0x00
"SPI","result",0.0497631,0.0000076,0xEA,0x00
"SPI","result",0.0497721,0.0000076,0x69,0x00
"SPI","result",0.0497811,0.0000076,0x77,0x00
"SPI","result",0.0497901,0.0000076,0x12,0x00
"SPI","result",0.0497991,0.0000076,0x40,0x00
"SPI","result",0.0498081,0.0000076,0x93,0x00
"SPI","result",0.0498171,0.0000076,0x7E,0x00
"SPI","result",0.0498261,0.0000076,0x80,0x00
"SPI","result",0.0498351,0.0000076,0xD7,0x00
"SPI","result",0.0498441,0.0000076,0x29,0x00
"SPI","result",0.0498531,0.0000076,0xE6,0x00
"SPI","result",0.0498621,0.0000076,0x11,0x00
"SPI","result",0.0498711,0.0000076,0x0E,0x00
"SPI","result",0.0498801,0.0000076,0xD1,0x00
"SPI","result",0.0498891,0.0000076,0x13,0x00
"SPI","result",0.0498981,0.0000076,0x2F,0x00
"SPI","result",0.0499071,0.0000076,0x62,0x00
"SPI","result",0.0499161,0.0000076,0x93,0x00
"SPI","result",0.0499251,0.0000076,0xFF,0x00
"SPI","result",0.0499341,0.0000076,0x7E,0x00
"SPI","result",0.0499431,0.0000076,0xD5,0x00
"SPI","result",0.0499521,0.0000076,0x79,0x00
"SPI","result",0.0499611,0.0000076,0x5E,0x00
"SPI","result",0.0499701,0.0000076,0x0F,0x00
"SPI","result",0.0499791,0.0000076,0x06,0x00
"SPI","result",0.0499881,0.0000076,0x7B,0x00
"SPI","result",0.0499971,0.0000076,0x0A,0x00
"SPI","result",0.0500061,0.0000076,0xE2,0x00
"SPI","result",0.0500151,0.0000076,0x08,0x00
"SPI","result",0.0500241,0.0000076,0xCE,0x00
"SPI","result",0.0500331,0.0000076,0xF6,0x00
"SPI","result",0.0500421,0.0000076,0x41,0x00
"SPI","result",0.0500511,0.0000076,0xEE,0x00
"SPI","result",0.0500601,0.0000076,0xE6,0x00
"SPI","result",0.0500836,0.0000077,0x3F,0x00
"SPI","result",0.0500926,0.0000077,0xD4,0x00
"SPI","result",0.0501016,0.0000077,0x00,0x00
"SPI","result",0.0501106,0.0000077,0x24,0x00
"SPI","result",0.0501265,0.0000076,0x00,0x00
"SPI","result",0.0501362,0.0000076,0x00,0x00
"SPI","result",0.0501459,0.0000077,0x00,0x00
"SPI","result",0.0501556,0.0000077,0x00,0x00
"SPI","result",0.0501654,0.0000076,0x00,0x00
"SPI","result",0.0501751,0.0000076,0x00,0x00
"SPI","result",0.0501848,0.0000076,0x00,0x00
"SPI","result",0.0501945,0.0000076,0x00,0x00
"SPI","result",0.0502042,0.0000076,0x00,0x00
"SPI","result",0.0502139,0.0000076,0x00,0x00
"SPI","result",0.0502236,0.0000076,0x00,0x00
"SPI","result",0.0502333,0.0000076,0x00,0x00
"SPI","result",0.050243,0.0000076,0x00,0x01
"SPI","result",0.0502531,0.0000076,0x56,0x00
"SPI","result",0.0502621,0.0000076,0xC2,0x00
"SPI","result",0.0502711,0.0000076,0xC8,0x00
"SPI","result",0.0502801,0.0000076,0xED,0x00
"SPI","result",0.0502891,0.0000076,0x33,0x00
"SPI","result",0.0502981,0.0000076,0x3D,0x00
"SPI","result",0.0503071,0.0000076,0x89,0x00
"SPI","result",0.0503161,0.0000076,0x80,0x00
"SPI","result",0.0503251,0.0000076,0x50,0x00
"SPI","result",0.0503341,0.0000076,0x2E,0x00
"SPI","result",0.0503431,0.0000076,0x3E,0x00
"SPI","result",0.0503521,0.0000076,0x15,0x00
"SPI","result",0.0503611,0.0000076,0x91,0x00
"SPI","result",0.0503701,0.0000076,0xA8,0x00
"SPI","result",0.0503791,0.0000076,0x71,0x00
"SPI","result",0.0503881,0.0000076,0x56,0x00
"SPI","result",0.0503971,0.0000076,0x32,0x00
"SPI","result",0.0504061,0.0000076,0x56,0x00
"SPI","result",0.0504151,0.0000076,0xFD,0x00
"SPI","result",0.0504241,0.0000076,0xCB,0x00
"SPI","result",0.0504331,0.0000076,0x1E,0x00
"SPI","result",0.0504421,0.0000076,0x23,0x00
"SPI","result",0.0504511,0.0000076,0x92,0x00
"SPI","result",0.0504601,0.0000076,0xAC,0x00
"SPI","result",0.0504691,0.0000076,0x39,0x00
"SPI","result",0.0504781,0.0000076,0x18,0x00
"SPI","result",0.0504871,0.0000076,0x6A,0x00
"SPI","result",0.0504961,0.0000076,0x6A,0x00
"SPI","result",0.0505051,0.0000076,0xDD,0x00
"SPI","result",0.0505141,0.0000076,0xCD,0x00
"SPI","result",0.0505231,0.0000076,0xCB,0x00
"SPI","result",0.0505321,0.0000076,0x91,0x00
"SPI","result",0.0505411,0.0000076,0xB2,0x00
"SPI","result",0.0505501,0.0000076,0x04,0x00
"SPI","result",0.0505591,0.0000076,0xB7,0x00
"SPI","result",0.0505681,0.0000076,0x6C,0x00
"SPI","result",0.0505771,0.0000076,0x6F,0x00
"SPI","result",0.0505861,0.0000076,0x64,0x00
"SPI","result",0.0505951,0.0000076,0x98,0x00
"SPI","result",0.0506041,0.0000076,0xEF,0x00
"SPI","result",0.0506131,0.0000076,0xAA,0x00
"SPI","result",0.0506221,0.0000076,0xC6,0x00
"SPI","result",0.0506311,0.0000076,0x29,0x00
"SPI","result",0.0506401,0.0000076,0x7F,0x00
"SPI","result",0.0506491,0.0000076,0xA1,0x00
"SPI","result",0.0506581,0.0000076,0x17,0x00
"SPI","result",0.0506671,0.0000076,0xA6,0x00
"SPI","result",0.0506761,0.0000076,0x51,0x00
"SPI","result",0.0506851,0.0000076,0xD2,0x00
"SPI","result",0.0506941,0.0000076,0x8C,0x00
"SPI","result",0.0507031,0.0000076,0x92,0x00
"SPI","result",0.0507121,0.0000076,0xFA,0x00
"SPI","result",0.0507211,0.0000076,0xB7,0x00
"SPI","result",0.0507301,0.0000076,0xE8,0x00
"SPI","result",0.0507391,0.0000076,0x72,0x00
"SPI","result",0.0507481,0.0000076,0x91,0x00
"SPI","result",0.050757,0.0000077,0xBF,0x00
"SPI","result",0.050766,0.0000077,0xEB,0x00
"SPI","result",0.050775,0.0000077,0xEC,0x00
"SPI","result",0.050784,0.0000077,0x3C,0x00
"SPI","result",0.050793,0.0000077,0xAC,0x00
"SPI","result",0.050802,0.0000077,0x14,0x00
"SPI","result",0.050811,0.0000077,0x01,0x00
"SPI","result",0.05082,0.0000077,0xE7,0x00
"SPI","result",0.0508432,0.0000076,0x3F,0x00
"SPI","result",0.0508522,0.0000076,0xD4,0x00
"SPI","result",0.0508612,0.0000076,0x00,0x00
"SPI","result",0.0508702,0.0000076,0x24,0x00
"SPI","result",0.0508855,0.0000076,0x00,0x00
"SPI","result",0.0508953,0.0000076,0x00,0x00
"SPI","result",0.050905,0.0000076,0x00,0x00
"SPI","result",0.0509147,0.0000076,0x00,0x00
"SPI","result",0.0509244,0.0000076,0x00,0x00
"SPI","result",0.0509341,0.0000076,0x00,0x00
"SPI","result",0.0509438,0.0000076,0x00,0x00
"SPI","result",0.0509535,0.0000076,0x00,0x00
"SPI","result",0.0509632,0.0000076,0x00,0x00
"SPI","result",0.0509729,0.0000076,0x00,0x00
"SPI","result",0.0509826,0.0000076,0x00,0x00
"SPI","result",0.0509923,0.0000076,0x00,0x00
"SPI","result",0.051002,0.0000076,0x00,0x01
"SPI","result",0.0510119,0.0000076,0xB3,0x00
"SPI","result",0.0510209,0.0000076,0xEB,0x00
"SPI","result",0.0510299,0.0000076,0xF4,0x00
"SPI","result",0.0510389,0.0000076,0xD7,0x00
"SPI","result",0.0510479,0.0000076,0x17,0x00
"SPI","result",0.0510569,0.0000076,0x35,0x00
"SPI","result",0.0510659,0.0000076,0x1A,0x00
"SPI","result",0.0510749,0.0000076,0xBE,0x00
"SPI","result",0.0510839,0.0000076,0x11,0x00
"SPI","result",0.0510929,0.0000076,0x83,0x00
"SPI","result",0.0511019,0.0000076,0x24,0x00
"SPI","result",0.0511109,0.0000076,0xA3,0x00
"SPI","result",0.0511199,0.0000076,0xAC,0x00
"SPI","result",0.0511289,0.0000076,0x27,0x00
"SPI","result",0.0511379,0.0000076,0x45,0x00
"SPI","result",0.0511469,0.0000076,0xE4,0x00
"SPI","result",0.0511559,0.0000076,0x42,0x00
"SPI","result",0.0511649,0.0000076,0x39,0x00
"SPI","result",0.0511739,0.0000076,0x2B,0x00
"SPI","result",0.0511829,0.0000076,0x3D,0x00
"SPI","result",0.0511919,0.0000076,0x09,0x00
"SPI","result",0.0512009,0.0000076,0xCB,0x00
"SPI","result",0.0512099,0.0000076,0x9E,0x00
"SPI","result",0.0512189,0.0000076,0x3E,0x00
"SPI","result",0.0512279,0.0000076,0xBD,0x00
"SPI","result",0.0512369,0.0000076,0x35,0x00
"SPI","result",0.0512459,0.0000076,0x1F,0x00
"SPI","result",0.0512549,0.0000076,0xD1,0x00
"SPI","result",0.0512639,0.0000076,0xAB,0x00
"SPI","result",0.0512729,0.0000076,0x8C,0x00
"SPI","result",0.0512819,0.0000076,0x91,0x00
"SPI","result",0.0512909,0.0000076,0xE9,0x00
"SPI","result",0.0512999,0.0000076,0x27,0x00
"SPI","result",0.0513089,0.0000076,0xBB,0x00
"SPI","result",0.0513179,0.0000076,0x34,0x00
"SPI","result",0.0513269,0.0000076,0xB2,0x00
"SPI","result",0.0513359,0.0000076,0x35,0x00
"SPI","result",0.0513449,0.0000076,0x6B,0x00
"SPI","result",0.0513539,0.0000076,0x73,0x00
"SPI","result",0.0513629,0.0000076,0x5E,0x00
"SPI","result",0.0513719,0.0000076,0x0F,0x00
"SPI","result",0.0513809,0.0000076,0x2D,0x00
"SPI","result",0.0513899,0.0000076,0x9E,0x00
"SPI","result",0.0513989,0.0000076,0x08,0x00
"SPI","result",0.0514079,0.0000076,0x0C,0x00
"SPI","result",0.0514169,0.0000076,0x1F,0x00
"SPI","result",0.0514259,0.0000076,0x32,0x00
"SPI","result",0.0514349,0.0000076,0x5D,0x00
"SPI","result",0.0514439,0.0000076,0x5C,0x00
"SPI","result",0.0514529,0.0000076,0xEC,0x00
"SPI","result",0.0514619,0.0000076,0x17,0x00
"SPI","result",0.0514709,0.0000076,0xAA,0x00
"SPI","result",0.0514799,0.0000076,0x8C,0x00
"SPI","result",0.0514889,0.0000076,0x0B,0x00
"SPI","result",0.0514979,0.0000076,0x8C,0x00
"SPI","result",0.0515069,0.0000076,0x6B,0x00
"SPI","result",0.0515159,0.0000076,0x14,0x00
"SPI","result",0.0515249,0.0000076,0xDE,0x00
"SPI","result",0.0515339,0.0000076,0x08,0x00
"SPI","result",0.0515429,0.0000076,0x1B,0x00
"SPI","result",0.0515519,0.0000076,0x13,0x00
"SPI","result",0.0515609,0.0000076,0x1C,0x00
"SPI","result",0.0515699,0.0000076,0xF2,0x00
"SPI","result",0.0515789,0.0000076,0x6A,0x00
"SPI","result",0.0516019,0.0000076,0x3F,0x00
"SPI","result",0.0516109,0.0000076,0xD4,0x00
"SPI","result",0.0516199,0.0000076,0x00,0x00
"SPI","result",0.0516289,0.0000076,0x24,0x00
"SPI","result",0.0516444,0.0000076,0x00,0x00
"SPI","result",0.0516542,0.0000076,0x00,0x00
"SPI","result",0.051664,0.0000076,0x00,0x00
"SPI","result",0.0516737,0.0000076,0x00,0x00
"SPI","result",0.0516835,0.0000076,0x00,0x00
"SPI","result",0.0516931,0.0000076,0x00,0x00
"SPI","result",0.0517028,0.0000076,0x00,0x00
"SPI","result",0.0517125,0.0000076,0x00,0x00
"SPI","result",0.0517222,0.0000076,0x00,0x00
"SPI","result",0.0517318,0.0000076,0x00,0x00
"SPI","result",0.0517415,0.0000076,0x00,0x00
"SPI","result",0.0517512,0.0000076,0x00,0x00
"SPI","result",0.0517609,0.0000076,0x00,0x00
"SPI","result",0.0517705,0.0000076,0x00,0x01
"SPI","result",0.0517804,0.0000076,0xE4,0x00
"SPI","result",0.0517894,0.0000076,0x0C,0x00
"SPI","result",0.0517984,0.0000076,0xC6,0x00
"SPI","result",0.0518074,0.0000076,0xB9,0x00
"SPI","result",0.0518164,0.0000076,0x84,0x00
"SPI","result",0.0518254,0.0000076,0x1B,0x00
"SPI","result",0.0518344,0.0000076,0x9F,0x00
"SPI","result",0.0518434,0.0000076,0xB6,0x00
"SPI","result",0.0518524,0.0000076,0x7A,0x00
"SPI","result",0.0518614,0.0000076,0xBC,0x00
"SPI","result",0.0518704,0.0000076,0xFD,0x00
"SPI","result",0.0518794,0.0000076,0x06,0x00
"SPI","result",0.0518884,0.0000076,0x83,0x00
"SPI","result",0.0518974,0.0000076,0xB5,0x00
"SPI","result",0.0519064,0.0000076,0x4A,0x00
"SPI","result",0.0519154,0.0000076,0x4B,0x00
"SPI","result",0.0519244,0.0000076,0x4F,0x00
"SPI","result",0.0519334,0.0000076,0x88,0x00
"SPI","result",0.0519424,0.0000076,0x1E,0x00
"SPI","result",0.0519514,0.0000076,0xFB,0x00
"SPI","result",0.0519604,0.0000076,0x69,0x00
"SPI","result",0.0519694,0.0000076,0xF8,0x00
"SPI","result",0.0519784,0.0000076,0x87,0x00
"SPI","result",0.0519874,0.0000076,0x07,0x00
"SPI","result",0.0519964,0.0000076,0xB6,0x00
"SPI","result",0.0520054,0.0000076,0xF5,0x00
"SPI","result",0.0520144,0.0000076,0xF2,0x00
"SPI","result",0.0520234,0.0000076,0xE3,0x00
"SPI","result",0.0520324,0.0000076,0xEA,0x00
"SPI","result",0.0520414,0.0000076,0xCA,0x00
"SPI","result",0.0520504,0.0000076,0xE6,0x00
"SPI","result",0.0520594,0.0000076,0x26,0x00
"SPI","result",0.0520684,0.0000076,0x02,0x00
"SPI","result",0.0520774,0.0000076,0x30,0x00
"SPI","result",0.0520864,0.0000076,0xDC,0x00
"SPI","result",0.0520954,0.0000076,0x1B,0x00
"SPI","result",0.0521044,0.0000076,0x95,0x00
"SPI","result",0.0521134,0.0000076,0x9B,0x00
"SPI","result",0.0521224,0.0000076,0x68,0x00
"SPI","result",0.0521314,0.0000076,0x45,0x00
"SPI","result",0.0521404,0.0000076,0x81,0x00
"SPI","result",0.0521494,0.0000076,0x7C,0x00
"SPI","result",0.0521584,0.0000076,0x4C,0x00
"SPI","result",0.0521674,0.0000076,0x85,0x00
"SPI","result",0.0521764,0.0000076,0x7B,0x00
"SPI","result",0.0521854,0.0000076,0xAA,0x00
"SPI","result",0.0521944,0.0000076,0x23,0x00
"SPI","result",0.0522034,0.0000076,0x6A,0x00
"SPI","result",0.0522124,0.0000076,0x43,0x00
"SPI","result",0.0522214,0.0000076,0x30,0x00
"SPI","result",0.0522304,0.0000076,0x62,0x00
"SPI","result",0.0522394,0.0000076,0xD8,0x00
"SPI","result",0.0522484,0.0000076,0x38,0x00
"SPI","result",0.0522574,0.0000076,0xFA,0x00
"SPI","result",0.0522664,0.0000076,0x61,0x00
"SPI","result",0.0522754,0.0000076,0x02,0x00
"SPI","result",0.0522844,0.0000076,0xCA,0x00
"SPI","result",0.0522934,0.0000076,0x47,0x00
"SPI","result",0.0523024,0.0000076,0x8B,0x00
"SPI","result",0.0523114,0.0000076,0xDC,0x00
"SPI","result",0.0523204,0.0000076,0x26,0x00
"SPI","result",0.0523294,0.0000076,0x76,0x00
"SPI","result",0.0523384,0.0000076,0x84,0x00
"SPI","result",0.0523474,0.0000076,0x3F,0x00
"SPI","result",0.0523771,0.0000076,0x80,0x00
"SPI","result",0.0523861,0.0000076,0xD4,0x00
"SPI","result",0.0523951,0.0000076,0x00,0x00
"SPI","result",0.0524041,0.0000076,0x18,0x00
"SPI","result",0.0524196,0.0000076,0x00,0x00
"SPI","result",0.0524293,0.0000076,0x00,0x00
"SPI","result",0.052439,0.0000076,0x00,0x00
"SPI","result",0.0524487,0.0000076,0x00,0x00
"SPI","result",0.0524584,0.0000076,0x00,0x00
"SPI","result",0.0524681,0.0000076,0x00,0x00
"SPI","result",0.0524778,0.0000076,0x00,0x00
"SPI","result",0.0524875,0.0000076,0x00,0x00
"SPI","result",0.0524972,0.0000076,0x00,0x00
"SPI","result",0.0525069,0.0000076,0x00,0x00
"SPI","result",0.0525165,0.0000076,0x00,0x00
"SPI","result",0.0525262,0.0000076,0x00,0x01
"SPI","result",0.0525359,0.0000076,0x00,0x8C
"SPI","result",0.0525517,0.0000076,0x80,0x00
"SPI","result",0.0525607,0.0000076,0xD4,0x00
"SPI","result",0.0525697,0.0000076,0x00,0x00
"SPI","result",0.0525787,0.0000076,0x18,0x00
"SPI","result",0.052594,0.0000076,0x00,0x00
"SPI","result",0.0526037,0.0000076,0x00,0x00
"SPI","result",0.0526134,0.0000076,0x00,0x00
"SPI","result",0.0526231,0.0000076,0x00,0x00
"SPI","result",0.0526328,0.0000077,0x00,0x00
"SPI","result",0.0526425,0.0000076,0x00,0x00
"SPI","result",0.0526522,0.0000076,0x00,0x00
"SPI","result",0.0526619,0.0000076,0x00,0x00
"SPI","result",0.0526715,0.0000077,0x00,0x00
"SPI","result",0.0526813,0.0000076,0x00,0x00
"SPI","result",0.0526909,0.0000076,0x00,0x00
"SPI","result",0.0527006,0.0000076,0x00,0x00
"SPI","result",0.0527103,0.0000076,0x00,0x00
"SPI","result",0.05272,0.0000076,0x00,0x00
"SPI","result",0.0527297,0.0000076,0x00,0x01
"SPI","result",0.0527394,0.0000076,0x00,0x8C
"SPI","result",0.0527555,0.0000076,0x83,0x00
"SPI","result",0.0527645,0.0000076,0xD4,0x00
"SPI","result",0.0527735,0.0000076,0x00,0x00
"SPI","result",0.0527825,0.0000076,0x18,0x00
"SPI","result",0.0527979,0.0000076,0x00,0x00
"SPI","result",0.0528076,0.0000076,0x00,0x00
"SPI","result",0.0528174,0.0000076,0x00,0x00
"SPI","result",0.0528272,0.0000076,0x00,0x00
"SPI","result",0.052837,0.0000076,0x00,0x00
"SPI","result",0.0528467,0.0000076,0x00,0x00
"SPI","result",0.0528564,0.0000076,0x00,0x00
"SPI","result",0.0528661,0.0000077,0x00,0x00
"SPI","result",0.0528759,0.0000076,0x00,0x00
"SPI","result",0.0528856,0.0000076,0x00,0x00
"SPI","result",0.0528953,0.0000076,0x00,0x00
"SPI","result",0.052905,0.0000076,0x00,0x00
"SPI","result",0.0529148,0.0000076,0x00,0x00
"SPI","result",0.0529245,0.0000076,0x00,0x00
"SPI","result",0.0529342,0.0000076,0x00,0x01
"SPI","result",0.052944,0.0000076,0x00,0x04
"SPI","result",0.052953,0.0000076,0x00,0x00
"SPI","result",0.052962,0.0000076,0x00,0x01
"SPI","result",0.052971,0.0000076,0x00,0x8C
"SPI","result",0.052992,0.0000076,0x14,0x00
"SPI","result",0.053001,0.0000076,0xD4,0x00
"SPI","result",0.05301,0.0000076,0x00,0x00
"SPI","result",0.053019,0.0000076,0x24,0x00
"SPI","result",0.053034,0.0000076,0x00,0x00
"SPI","result",0.0530438,0.0000076,0x00,0x00
"SPI","result",0.0530535,0.0000076,0x00,0x00
"SPI","result",0.0530632,0.0000076,0x00,0x00
"SPI","result",0.0530769,0.0000076,0x00,0x00
"SPI","result",0.0530866,0.0000076,0x00,0x00
"SPI","result",0.0530963,0.0000076,0x00,0x00
"SPI","result",0.053106,0.0000076,0x00,0x00
"SPI","result",0.0531157,0.0000076,0x00,0x00
"SPI","result",0.0531254,0.0000076,0x00,0x00
"SPI","result",0.0531351,0.0000076,0x00,0x00
"SPI","result",0.0531448,0.0000076,0x00,0x00
"SPI","result",0.0531545,0.0000076,0x00,0x00
"SPI","result",0.0531642,0.0000076,0x00,0x00
"SPI","result",0.0531739,0.0000076,0x00,0x01
"SPI","result",0.0531838,0.0000076,0x23,0x00
"SPI","result",0.0531928,0.0000076,0x1D,0x00
"SPI","result",0.0532018,0.0000076,0x31,0x00
"SPI","result",0.0532108,0.0000076,0x24,0x00
"SPI","result",0.0532198,0.0000076,0xCC,0x00
"SPI","result",0.0532288,0.0000076,0x09,0x00
"SPI","result",0.0532378,0.0000076,0x7D,0x00
"SPI","result",0.0532468,0.0000076,0x03,0x00
"SPI","result",0.0532558,0.0000076,0xAD,0x00
"SPI","result",0.0532648,0.0000076,0x3C,0x00
"SPI","result",0.0532738,0.0000076,0x9E,0x00
"SPI","result",0.0532828,0.0000076,0xBC,0x00
"SPI","result",0.0532918,0.0000076,0x86,0x00
"SPI","result",0.0533008,0.0000076,0x2E,0x00
"SPI","result",0.0533098,0.0000076,0x29,0x00
"SPI","result",0.0533188,0.0000076,0xC1,0x00
"SPI","result",0.0533278,0.0000076,0x3E,0x00
"SPI","result",0.0533368,0.0000076,0xBF,0x00
"SPI","result",0.0533458,0.0000076,0x26,0x00
"SPI","result",0.0533548,0.0000076,0x38,0x00
"SPI","result",0.0533638,0.0000076,0x76,0x00
"SPI","result",0.0533905,0.0000076,0x80,0x00
"SPI","result",0.0533995,0.0000076,0xD4,0x00
"SPI","result",0.0534085,0.0000076,0x00,0x00
"SPI","result",0.0534175,0.0000076,0x18,0x00
"SPI","result",0.0534334,0.0000076,0x00,0x00
"SPI","result",0.0534432,0.0000076,0x00,0x00
"SPI","result",0.053453,0.0000076,0x00,0x00
"SPI","result",0.0534627,0.0000076,0x00,0x00
"SPI","result",0.0534724,0.0000076,0x00,0x00
"SPI","result",0.0534821,0.0000077,0x00,0x00
"SPI","result",0.0534919,0.0000076,0x00,0x00
"SPI","result",0.0535016,0.0000076,0x00,0x00
"SPI","result",0.0535113,0.0000076,0x00,0x00
"SPI","result",0.053521,0.0000076,0x00,0x00
"SPI","result",0.0535307,0.0000076,0x00,0x01
"SPI","result",0.0535405,0.0000076,0x00,0x8C
"SPI","result",0.0535563,0.0000076,0x80,0x00
"SPI","result",0.0535653,0.0000076,0xD4,0x00
"SPI","result",0.0535743,0.0000076,0x00,0x00
"SPI","result",0.0535833,0.0000076,0x18,0x00
"SPI","result",0.0535986,0.0000076,0x00,0x00
"SPI","result",0.0536083,0.0000076,0x00,0x00
"SPI","result",0.053618,0.0000076,0x00,0x00
"SPI","result",0.0536277,0.0000076,0x00,0x00
"SPI","result",0.0536374,0.0000076,0x00,0x00
"SPI","result",0.0536471,0.0000076,0x00,0x00
"SPI","result",0.0536568,0.0000076,0x00,0x00
"SPI","result",0.0536665,0.0000076,0x00,0x00
"SPI","result",0.0536762,0.0000076,0x00,0x00
"SPI","result",0.0536859,0.0000076,0x00,0x00
"SPI","result",0.0536955,0.0000076,0x00,0x00
"SPI","result",0.0537052,0.0000076,0x00,0x00
"SPI","result",0.0537149,0.0000076,0x00,0x00
"SPI","result",0.0537245,0.0000077,0x00,0x00
"SPI","result",0.0537342,0.0000076,0x00,0x01
"SPI","result",0.053744,0.0000076,0x00,0x8C
"SPI","result",0.0537598,0.0000076,0x00,0x00
"SPI","result",0.0537688,0.0000076,0xD4,0x00
"SPI","result",0.0537778,0.0000076,0x00,0x00
"SPI","result",0.0537868,0.0000076,0x24,0x00
"SPI","result",0.0538019,0.0000076,0x00,0x00
"SPI","result",0.0538117,0.0000076,0x00,0x00
"SPI","result",0.0538214,0.0000076,0x00,0x00
"SPI","result",0.0538311,0.0000076,0x00,0x00
"SPI","result",0.0538408,0.0000076,0x00,0x00
"SPI","result",0.0538505,0.0000076,0x00,0x00
"SPI","result",0.0538602,0.0000076,0x00,0x00
"SPI","result",0.0538699,0.0000076,0x00,0x00
"SPI","result",0.0538796,0.0000076,0x00,0x00
"SPI","result",0.0538893,0.0000076,0x00,0x00
"SPI","result",0.053899,0.0000076,0x00,0x00
"SPI","result",0.0539087,0.0000076,0x00,0x00
"SPI","result",0.0539184,0.0000076,0x00,0x00
"SPI","result",0.0539281,0.0000076,0x00,0x01
"SPI","result",0.0539378,0.0000076,0x09,0x00
"SPI","result",0.0539534,0.0000076,0x80,0x00
"SPI","result",0.0539624,0.0000076,0xD4,0x00
"SPI","result",0.0539714,0.0000076,0x00,0x00
"SPI","result",0.0539804,0.0000076,0x18,0x00
"SPI","result",0.0539956,0.0000076,0x00,0x00
"SPI","result",0.0540054,0.0000076,0x00,0x00
"SPI","result",0.0540151,0.0000076,0x00,0x00
"SPI","result",0.0540248,0.0000076,0x00,0x00
"SPI","result",0.0540346,0.0000076,0x00,0x00
"SPI","result",0.0540442,0.0000076,0x00,0x00
"SPI","result",0.0540539,0.0000076,0x00,0x00
"SPI","result",0.0540636,0.0000077,0x00,0x00
"SPI","result",0.0540733,0.0000076,0x00,0x00
"SPI","result",0.054083,0.0000076,0x00,0x00
"SPI","result",0.0540927,0.0000076,0x00,0x01
"SPI","result",0.0541024,0.0000077,0x00,0x84
"SPI","result",0.0541181,0.0000076,0x80,0x00
"SPI","result",0.0541271,0.0000076,0xD4,0x00
"SPI","result",0.0541361,0.0000076,0x00,0x00
"SPI","result",0.0541451,0.0000076,0x18,0x00
"SPI","result",0.0541602,0.0000076,0x00,0x00
"SPI","result",0.05417,0.0000076,0x00,0x00
"SPI","result",0.0541797,0.0000076,0x00,0x00
"SPI","result",0.0541893,0.0000076,0x00,0x00
"SPI","result",0.0541991,0.0000076,0x00,0x00
"SPI","result",0.0542088,0.0000076,0x00,0x00
"SPI","result",0.0542185,0.0000076,0x00,0x00
"SPI","result",0.0542281,0.0000076,0x00,0x00
"SPI","result",0.0542378,0.0000076,0x00,0x00
"SPI","result",0.0542477,0.0000076,0x00,0x00
"SPI","result",0.0542575,0.0000076,0x00,0x00
"SPI","result",0.0542672,0.0000076,0x00,0x00
"SPI","result",0.0542769,0.0000076,0x00,0x00
"SPI","result",0.0542866,0.0000076,0x00,0x00
"SPI","result",0.0542963,0.0000076,0x00,0x01
"SPI","result",0.054306,0.0000076,0x00,0x84
"SPI","result",0.0543221,0.0000076,0x00,0x00
"SPI","result",0.0543311,0.0000076,0xD4,0x00
"SPI","result",0.0543401,0.0000076,0x00,0x00
"SPI","result",0.0543491,0.0000076,0x18,0x00
"SPI","result",0.0543642,0.0000076,0x00,0x00
"SPI","result",0.0543739,0.0000076,0x00,0x00
"SPI","result",0.0543836,0.0000076,0x00,0x00
"SPI","result",0.0543933,0.0000076,0x00,0x00
"SPI","result",0.054403,0.0000076,0x00,0x00
"SPI","result",0.0544127,0.0000076,0x00,0x00
"SPI","result",0.0544225,0.0000076,0x00,0x00
"SPI","result",0.0544322,0.0000076,0x00,0x00
"SPI","result",0.0544418,0.0000076,0x00,0x00
"SPI","result",0.0544515,0.0000076,0x00,0x00
"SPI","result",0.0544612,0.0000077,0x00,0x00
"SPI","result",0.0544709,0.0000076,0x00,0x00
"SPI","result",0.0544806,0.0000076,0x00,0x00
"SPI","result",0.0544903,0.0000076,0x00,0x01
"SPI","result",0.0545,0.0000077,0x20,0x00
"SPI","result",0.0545169,0.0000076,0x80,0x00
"SPI","result",0.0545259,0.0000076,0xD4,0x00
"SPI","result",0.0545349,0.0000076,0x00,0x00
"SPI","result",0.0545439,0.0000076,0x18,0x00
"SPI","result",0.054559,0.0000076,0x00,0x00
"SPI","result",0.0545687,0.0000076,0x00,0x00
"SPI","result",0.0545784,0.0000076,0x00,0x00
"SPI","result",0.0545882,0.0000077,0x00,0x00
"SPI","result",0.0545982,0.0000076,0x00,0x00
"SPI","result",0.0546079,0.0000076,0x00,0x00
"SPI","result",0.0546176,0.0000076,0x00,0x00
"SPI","result",0.0546273,0.0000076,0x00,0x00
"SPI","result",0.054637,0.0000076,0x00,0x00
"SPI","result",0.0546466,0.0000076,0x00,0x00
"SPI","result",0.0546563,0.0000076,0x00,0x00
"SPI","result",0.054666,0.0000076,0x00,0x00
"SPI","result",0.0546757,0.0000076,0x00,0x00
"SPI","result",0.0546854,0.0000076,0x00,0x00
"SPI","result",0.0546951,0.0000076,0x00,0x01
"SPI","result",0.0547048,0.0000076,0x00,0x84
"SPI","result",0.0557309,0.0000076,0x80,0x00
"SPI","result",0.0557399,0.0000076,0xD4,0x00
"SPI","result",0.0557489,0.0000076,0x00,0x00
"SPI","result",0.0557579,0.0000076,0x18,0x00
"SPI","result",0.0557763,0.0000076,0x00,0x00
"SPI","result",0.055786,0.0000076,0x00,0x00
"SPI","result",0.0557956,0.0000077,0x00,0x00
"SPI","result",0.0558053,0.0000076,0x00,0x00
"SPI","result",0.055815,0.0000076,0x00,0x00
"SPI","result",0.0558247,0.0000076,0x00,0x00
"SPI","result",0.0558343,0.0000076,0x00,0x00
"SPI","result",0.055844,0.0000076,0x00,0x00
"SPI","result",0.0558537,0.0000076,0x00,0x00
"SPI","result",0.0558634,0.0000076,0x00,0x00
"SPI","result",0.0558731,0.0000076,0x00,0x00
"SPI","result",0.0558827,0.0000076,0x00,0x00
"SPI","result",0.0558924,0.0000076,0x00,0x01
"SPI","result",0.0559021,0.0000076,0x00,0x94
"SPI","result",0.0559356,0.0000076,0x80,0x00
"SPI","result",0.0559446,0.0000076,0xD4,0x00
"SPI","result",0.0559536,0.0000076,0x00,0x00
"SPI","result",0.0559626,0.0000076,0x18,0x00
"SPI","result",0.0559792,0.0000076,0x00,0x00
"SPI","result",0.0559889,0.0000076,0x00,0x00
"SPI","result",0.0559986,0.0000077,0x00,0x00
"SPI","result",0.0560084,0.0000076,0x00,0x00
"SPI","result",0.0560181,0.0000076,0x00,0x00
"SPI","result",0.0560278,0.0000076,0x00,0x00
"SPI","result",0.0560376,0.0000076,0x00,0x00
"SPI","result",0.0560473,0.0000076,0x00,0x00
"SPI","result",0.056057,0.0000076,0x00,0x00
"SPI","result",0.0560667,0.0000076,0x00,0x00
"SPI","result",0.0560764,0.0000076,0x00,0x00
"SPI","result",0.0560862,0.0000076,0x00,0x00
"SPI","result",0.0560959,0.0000076,0x00,0x01
"SPI","result",0.0561056,0.0000076,0x00,0x94
"SPI","result",0.0561218,0.0000076,0x83,0x00
"SPI","result",0.0561308,0.0000076,0xD4,0x00
"SPI","result",0.0561398,0.0000076,0x00,0x00
"SPI","result",0.0561488,0.0000076,0x18,0x00
"SPI","result",0.0561645,0.0000076,0x00,0x00
"SPI","result",0.0561742,0.0000076,0x00,0x00
"SPI","result",0.0561838,0.0000077,0x00,0x00
"SPI","result",0.0561935,0.0000077,0x00,0x00
"SPI","result",0.0562033,0.0000076,0x00,0x00
"SPI","result",0.0562129,0.0000076,0x00,0x00
"SPI","result",0.0562226,0.0000076,0x00,0x00
"SPI","result",0.0562323,0.0000076,0x00,0x00
"SPI","result",0.056242,0.0000076,0x00,0x00
"SPI","result",0.0562517,0.0000076,0x00,0x00
"SPI","result",0.0562613,0.0000076,0x00,0x00
"SPI","result",0.056271,0.0000076,0x00,0x00
"SPI","result",0.0562807,0.0000076,0x00,0x00
"SPI","result",0.0562903,0.0000076,0x00,0x00
"SPI","result",0.0563,0.0000076,0x00,0x01
"SPI","result",0.0563097,0.0000076,0x00,0x04
"SPI","result",0.0563187,0.0000076,0x00,0x00
"SPI","result",0.0563277,0.0000076,0x00,0x01
"SPI","result",0.0563367,0.0000076,0x00,0x94
"SPI","result",0.0563575,0.0000076,0x89,0x00
"SPI","result",0.0563665,0.0000076,0xD4,0x00
"SPI","result",0.0563755,0.0000076,0x00,0x00
"SPI","result",0.0563845,0.0000076,0x24,0x00
"SPI","result",0.0563994,0.0000076,0x00,0x00
"SPI","result",0.0564092,0.0000076,0x00,0x00
"SPI","result",0.0564189,0.0000076,0x00,0x00
"SPI","result",0.0564286,0.0000076,0x00,0x00
"SPI","result",0.0564383,0.0000076,0x00,0x00
"SPI","result",0.056448,0.0000076,0x00,0x00
"SPI","result",0.0564577,0.0000076,0x00,0x00
"SPI","result",0.0564674,0.0000076,0x00,0x00
"SPI","result",0.0564771,0.0000076,0x00,0x00
"SPI","result",0.0564868,0.0000076,0x00,0x00
"SPI","result",0.0564965,0.0000076,0x00,0x01
"SPI","result",0.0565062,0.0000076,0x00,0x80
"SPI","result",0.0565152,0.0000076,0x00,0x01
"SPI","result",0.0565242,0.0000076,0x00,0x00
"SPI","result",0.0565332,0.0000076,0x00,0x00
"SPI","result",0.0565422,0.0000076,0x00,0x00
"SPI","result",0.0565512,0.0000076,0x00,0x0A
"SPI","result",0.0565602,0.0000076,0x00,0x00
"SPI","result",0.0565692,0.0000076,0x00,0x00
"SPI","result",0.0565782,0.0000076,0x00,0x01
"SPI","result",0.0565872,0.0000076,0x00,0xC4
"SPI","result",0.0566091,0.0000076,0x80,0x00
"SPI","result",0.0566181,0.0000076,0xD4,0x00
"SPI","result",0.0566271,0.0000076,0x00,0x00
"SPI","result",0.0566361,0.0000076,0x18,0x00
"SPI","result",0.056651,0.0000076,0x00,0x00
"SPI","result",0.0566607,0.0000076,0x00,0x00
"SPI","result",0.0566705,0.0000076,0x00,0x00
"SPI","result",0.0566802,0.0000076,0x00,0x00
"SPI","result",0.0566899,0.0000076,0x00,0x00
"SPI","result",0.0566997,0.0000076,0x00,0x00
"SPI","result",0.0567094,0.0000076,0x00,0x00
"SPI","result",0.0567191,0.0000076,0x00,0x00
"SPI","result",0.0567288,0.0000076,0x00,0x00
"SPI","result",0.0567386,0.0000076,0x00,0x00
"SPI","result",0.0567484,0.0000076,0x00,0x00
"SPI","result",0.0567581,0.0000076,0x00,0x00
"SPI","result",0.0567678,0.0000076,0x00,0x00
"SPI","result",0.0567775,0.0000076,0x00,0x01
"SPI","result",0.0567872,0.0000076,0x00,0x84
"SPI","result",0.0568029,0.0000076,0x80,0x00
"SPI","result",0.0568119,0.0000076,0xD4,0x00
"SPI","result",0.0568209,0.0000076,0x00,0x00
"SPI","result",0.0568299,0.0000076,0x18,0x00
"SPI","result",0.0568449,0.0000076,0x00,0x00
"SPI","result",0.0568546,0.0000076,0x00,0x00
"SPI","result",0.0568643,0.0000076,0x00,0x00
"SPI","result",0.056874,0.0000076,0x00,0x00
"SPI","result",0.0568837,0.0000077,0x00,0x00
"SPI","result",0.0568934,0.0000077,0x00,0x00
"SPI","result",0.0569032,0.0000076,0x00,0x00
"SPI","result",0.0569129,0.0000076,0x00,0x00
"SPI","result",0.0569226,0.0000076,0x00,0x00
"SPI","result",0.0569323,0.0000076,0x00,0x00
"SPI","result",0.056942,0.0000076,0x00,0x00
"SPI","result",0.0569517,0.0000076,0x00,0x00
"SPI","result",0.0569615,0.0000076,0x00,0x00
"SPI","result",0.0569711,0.0000077,0x00,0x00
"SPI","result",0.0569808,0.0000076,0x00,0x01
"SPI","result",0.0569906,0.0000076,0x00,0x84
"SPI","result",0.0570062,0.0000076,0x00,0x00
"SPI","result",0.0570152,0.0000076,0xD4,0x00
"SPI","result",0.0570242,0.0000076,0x00,0x00
"SPI","result",0.0570332,0.0000076,0x18,0x00
"SPI","result",0.0570482,0.0000076,0x00,0x00
"SPI","result",0.057058,0.0000076,0x00,0x00
"SPI","result",0.0570677,0.0000076,0x00,0x00
"SPI","result",0.0570774,0.0000076,0x00,0x00
"SPI","result",0.0570872,0.0000076,0x00,0x00
"SPI","result",0.0570969,0.0000076,0x00,0x00
"SPI","result",0.0571066,0.0000076,0x00,0x00
"SPI","result",0.0571163,0.0000076,0x00,0x00
"SPI","result",0.057126,0.0000076,0x00,0x00
"SPI","result",0.0571357,0.0000076,0x00,0x00
"SPI","result",0.0571454,0.0000076,0x00,0x00
"SPI","result",0.0571551,0.0000076,0x00,0x00
"SPI","result",0.0571648,0.0000076,0x00,0x00
"SPI","result",0.0571745,0.0000076,0x00,0x01
"SPI","result",0.0571843,0.0000076,0x40,0x00
"SPI","result",0.0572339,0.0000076,0x80,0x00
"SPI","result",0.0572429,0.0000076,0xD4,0x00
"SPI","result",0.0572519,0.0000076,0x00,0x00
"SPI","result",0.0572609,0.0000076,0x18,0x00
"SPI","result",0.057277,0.0000076,0x00,0x00
"SPI","result",0.0572868,0.0000076,0x00,0x00
"SPI","result",0.0572966,0.0000076,0x00,0x00
"SPI","result",0.0573064,0.0000076,0x00,0x00
"SPI","result",0.0573161,0.0000076,0x00,0x00
"SPI","result",0.0573258,0.0000076,0x00,0x00
"SPI","result",0.0573356,0.0000076,0x00,0x00
"SPI","result",0.0573453,0.0000076,0x00,0x00
"SPI","result",0.057355,0.0000076,0x00,0x00
"SPI","result",0.0573648,0.0000076,0x00,0x00
"SPI","result",0.0573745,0.0000076,0x00,0x00
"SPI","result",0.0573842,0.0000076,0x00,0x00
"SPI","result",0.0573939,0.0000076,0x00,0x00
"SPI","result",0.0574037,0.0000076,0x00,0x00
"SPI","result",0.0574134,0.0000076,0x00,0x01
"SPI","result",0.0574231,0.0000076,0x00,0x84
"SPI","result",0.0574387,0.0000076,0x00,0x00
"SPI","result",0.0574477,0.0000076,0xD4,0x00
"SPI","result",0.0574567,0.0000076,0x00,0x00
"SPI","result",0.0574657,0.0000076,0x18,0x00
"SPI","result",0.0574809,0.0000076,0x00,0x00
"SPI","result",0.0574907,0.0000076,0x00,0x00
"SPI","result",0.0575004,0.0000076,0x00,0x00
"SPI","result",0.0575101,0.0000076,0x00,0x00
"SPI","result",0.0575198,0.0000076,0x00,0x00
"SPI","result",0.0575295,0.0000076,0x00,0x00
"SPI","result",0.0575392,0.0000076,0x00,0x00
"SPI","result",0.0575489,0.0000076,0x00,0x00
"SPI","result",0.0575586,0.0000076,0x00,0x00
"SPI","result",0.0575683,0.0000076,0x00,0x00
"SPI","result",0.057578,0.0000076,0x00,0x01
"SPI","result",0.0575877,0.0000076,0x40,0x00
"SPI","result",0.0576033,0.0000076,0x80,0x00
"SPI","result",0.0576123,0.0000076,0xD4,0x00
"SPI","result",0.0576213,0.0000076,0x00,0x00
"SPI","result",0.0576303,0.0000076,0x18,0x00
"SPI","result",0.0576454,0.0000076,0x00,0x00
"SPI","result",0.0576551,0.0000076,0x00,0x00
"SPI","result",0.0576649,0.0000076,0x00,0x00
"SPI","result",0.0576746,0.0000076,0x00,0x00
"SPI","result",0.0576843,0.0000076,0x00,0x00
"SPI","result",0.057694,0.0000077,0x00,0x00
"SPI","result",0.0577037,0.0000076,0x00,0x00
"SPI","result",0.0577135,0.0000076,0x00,0x00
"SPI","result",0.0577232,0.0000076,0x00,0x00
"SPI","result",0.0577329,0.0000076,0x00,0x00
"SPI","result",0.0577426,0.0000076,0x00,0x00
"SPI","result",0.0577523,0.0000076,0x00,0x00
"SPI","result",0.057762,0.0000076,0x00,0x00
"SPI","result",0.0577717,0.0000076,0x00,0x00
"SPI","result",0.0577814,0.0000076,0x00,0x01
"SPI","result",0.0577911,0.0000076,0x00,0xC4
"SPI","result",0.0578068,0.0000076,0x83,0x00
"SPI","result",0.0578158,0.0000076,0xD4,0x00
"SPI","result",0.0578248,0.0000076,0x00,0x00
"SPI","result",0.0578338,0.0000076,0x18,0x00
"SPI","result",0.0578488,0.0000076,0x00,0x00
"SPI","result",0.0578586,0.0000076,0x00,0x00
"SPI","result",0.0578683,0.0000076,0x00,0x00
"SPI","result",0.057878,0.0000076,0x00,0x00
"SPI","result",0.0578878,0.0000076,0x00,0x00
"SPI","result",0.0578975,0.0000076,0x00,0x00
"SPI","result",0.0579072,0.0000076,0x00,0x00
"SPI","result",0.0579169,0.0000076,0x00,0x00
"SPI","result",0.0579266,0.0000076,0x00,0x00
"SPI","result",0.0579363,0.0000077,0x00,0x00
"SPI","result",0.0579461,0.0000076,0x00,0x00
"SPI","result",0.0579558,0.0000076,0x00,0x00
"SPI","result",0.0579655,0.0000076,0x00,0x00
"SPI","result",0.0579752,0.0000076,0x00,0x00
"SPI","result",0.0579849,0.0000076,0x00,0x01
"SPI","result",0.0579946,0.0000076,0x00,0x04
"SPI","result",0.0580036,0.0000076,0x00,0x00
"SPI","result",0.0580126,0.0000076,0x00,0x01
"SPI","result",0.0580216,0.0000076,0x00,0xC4
"SPI","result",0.0580423,0.0000077,0x0C,0x00
"SPI","result",0.0580513,0.0000077,0xD4,0x00
"SPI","result",0.0580603,0.0000076,0x00,0x00
"SPI","result",0.0580693,0.0000076,0x24,0x00
"SPI","result",0.0580843,0.0000076,0x00,0x00
"SPI","result",0.0580941,0.0000076,0x00,0x00
"SPI","result",0.0581039,0.0000076,0x00,0x00
"SPI","result",0.0581135,0.0000077,0x00,0x00
"SPI","result",0.0581233,0.0000076,0x00,0x00
"SPI","result",0.058133,0.0000076,0x00,0x00
"SPI","result",0.0581427,0.0000076,0x00,0x00
"SPI","result",0.0581525,0.0000076,0x00,0x00
"SPI","result",0.0581622,0.0000076,0x00,0x00
"SPI","result",0.0581719,0.0000076,0x00,0x00
"SPI","result",0.0581816,0.0000076,0x00,0x01
"SPI","result",0.0581914,0.0000076,0x80,0x00
"SPI","result",0.0582004,0.0000076,0x01,0x00
"SPI","result",0.0582094,0.0000076,0x00,0x00
"SPI","result",0.0582184,0.0000076,0x00,0x00
"SPI","result",0.0582274,0.0000076,0x00,0x00
"SPI","result",0.0582364,0.0000076,0x0E,0x00
"SPI","result",0.0582454,0.0000076,0x00,0x00
"SPI","result",0.0582544,0.0000076,0x00,0x00
"SPI","result",0.0582634,0.0000076,0x01,0x00
"SPI","result",0.0582724,0.0000076,0x65,0x00
"SPI","result",0.0582814,0.0000076,0x03,0x00
"SPI","result",0.0582904,0.0000076,0x00,0x00
"SPI","result",0.0582994,0.0000076,0x00,0x00
"SPI","result",0.0583217,0.0000076,0x80,0x00
"SPI","result",0.0583307,0.0000076,0xD4,0x00
"SPI","result",0.0583397,0.0000076,0x00,0x00
"SPI","result",0.0583487,0.0000076,0x18,0x00
"SPI","result",0.0583637,0.0000076,0x00,0x00
"SPI","result",0.0583734,0.0000076,0x00,0x00
"SPI","result",0.0583831,0.0000076,0x00,0x00
"SPI","result",0.0583928,0.0000076,0x00,0x00
"SPI","result",0.0584025,0.0000076,0x00,0x00
"SPI","result",0.0584123,0.0000076,0x00,0x00
"SPI","result",0.058422,0.0000076,0x00,0x00
"SPI","result",0.0584316,0.0000077,0x00,0x00
"SPI","result",0.0584414,0.0000076,0x00,0x00
"SPI","result",0.058451,0.0000076,0x00,0x00
"SPI","result",0.0584607,0.0000076,0x00,0x01
"SPI","result",0.0584705,0.0000076,0x00,0x8C
"SPI","result",0.0584861,0.0000076,0x80,0x00
"SPI","result",0.0584951,0.0000076,0xD4,0x00
"SPI","result",0.0585041,0.0000076,0x00,0x00
"SPI","result",0.0585131,0.0000076,0x18,0x00
"SPI","result",0.058528,0.0000076,0x00,0x00
"SPI","result",0.0585377,0.0000076,0x00,0x00
"SPI","result",0.0585475,0.0000076,0x00,0x00
"SPI","result",0.0585572,0.0000076,0x00,0x00
"SPI","result",0.058567,0.0000076,0x00,0x00
"SPI","result",0.0585767,0.0000076,0x00,0x00
"SPI","result",0.0585864,0.0000076,0x00,0x00
"SPI","result",0.0585961,0.0000076,0x00,0x00
"SPI","result",0.0586059,0.0000076,0x00,0x00
"SPI","result",0.0586156,0.0000076,0x00,0x00
"SPI","result",0.0586254,0.0000076,0x00,0x00
"SPI","result",0.0586351,0.0000076,0x00,0x00
"SPI","result",0.0586449,0.0000076,0x00,0x00
"SPI","result",0.0586546,0.0000076,0x00,0x00
"SPI","result",0.0586643,0.0000076,0x00,0x01
"SPI","result",0.0586741,0.0000076,0x00,0x8C
"SPI","result",0.0586897,0.0000076,0x00,0x00
"SPI","result",0.0586987,0.0000076,0xD4,0x00
"SPI","result",0.0587077,0.0000076,0x00,0x00
"SPI","result",0.0587167,0.0000076,0x24,0x00
"SPI","result",0.0587317,0.0000076,0x00,0x00
"SPI","result",0.0587414,0.0000076,0x00,0x00
"SPI","result",0.0587511,0.0000076,0x00,0x00
"SPI","result",0.0587608,0.0000076,0x00,0x00
"SPI","result",0.0587705,0.0000076,0x00,0x00
"SPI","result",0.0587802,0.0000076,0x00,0x00
"SPI","result",0.0587899,0.0000076,0x00,0x00
"SPI","result",0.0587997,0.0000076,0x00,0x00
"SPI","result",0.0588094,0.0000076,0x00,0x00
"SPI","result",0.0588191,0.0000076,0x00,0x00
"SPI","result",0.0588289,0.0000076,0x00,0x00
"SPI","result",0.0588386,0.0000076,0x00,0x00
"SPI","result",0.0588483,0.0000076,0x00,0x00
"SPI","result",0.058858,0.0000076,0x00,0x01
"SPI","result",0.0588677,0.0000076,0x00,0x00
"SPI","result",0.0588833,0.0000076,0x80,0x00
"SPI","result",0.0588923,0.0000076,0xD4,0x00
"SPI","result",0.0589013,0.0000076,0x00,0x00
"SPI","result",0.0589103,0.0000076,0x18,0x00
"SPI","result",0.0589253,0.0000076,0x00,0x00
"SPI","result",0.058935,0.0000076,0x00,0x00
"SPI","result",0.0589448,0.0000076,0x00,0x00
"SPI","result",0.0589545,0.0000076,0x00,0x00
"SPI","result",0.0589643,0.0000076,0x00,0x00
"SPI","result",0.058974,0.0000076,0x00,0x00
"SPI","result",0.0589837,0.0000076,0x00,0x00
"SPI","result",0.0589933,0.0000076,0x00,0x00
"SPI","result",0.0590031,0.0000076,0x00,0x00
"SPI","result",0.059013,0.0000076,0x00,0x00
"SPI","result",0.0590229,0.0000076,0x00,0x01
"SPI","result",0.0590328,0.0000076,0x00,0x84
"SPI","result",0.0590487,0.0000076,0x80,0x00
"SPI","result",0.0590577,0.0000076,0xD4,0x00
"SPI","result",0.0590667,0.0000076,0x00,0x00
"SPI","result",0.0590757,0.0000076,0x18,0x00
"SPI","result",0.0590917,0.0000076,0x00,0x00
"SPI","result",0.0591015,0.0000076,0x00,0x00
"SPI","result",0.0591112,0.0000076,0x00,0x00
"SPI","result",0.0591217,0.0000076,0x00,0x00
"SPI","result",0.059132,0.0000076,0x00,0x00
"SPI","result",0.0591425,0.0000076,0x00,0x00
"SPI","result",0.0591522,0.0000076,0x00,0x00
"SPI","result",0.0591623,0.0000076,0x00,0x00
"SPI","result",0.0591722,0.0000076,0x00,0x00
"SPI","result",0.0591825,0.0000076,0x00,0x00
"SPI","result",0.059193,0.0000076,0x00,0x00
"SPI","result",0.0592027,0.0000076,0x00,0x00
"SPI","result",0.0592128,0.0000076,0x00,0x00
"SPI","result",0.0592235,0.0000076,0x00,0x00
"SPI","result",0.0592332,0.0000076,0x00,0x01
"SPI","result",0.059243,0.0000076,0x00,0x84
"SPI","result",0.059259,0.0000076,0x00,0x00
"SPI","result",0.059268,0.0000076,0xD4,0x00
"SPI","result",0.059277,0.0000076,0x00,0x00
"SPI","result",0.059286,0.0000076,0x18,0x00
"SPI","result",0.0593021,0.0000076,0x00,0x00
"SPI","result",0.0593118,0.0000076,0x00,0x00
"SPI","result",0.0593215,0.0000076,0x00,0x00
"SPI","result",0.0593313,0.0000076,0x00,0x00
"SPI","result",0.059341,0.0000076,0x00,0x00
"SPI","result",0.0593507,0.0000076,0x00,0x00
"SPI","result",0.0593605,0.0000076,0x00,0x00
"SPI","result",0.0593704,0.0000076,0x00,0x00
"SPI","result",0.0593808,0.0000076,0x00,0x00
"SPI","result",0.0593905,0.0000077,0x00,0x00
"SPI","result",0.0594003,0.0000076,0x00,0x00
"SPI","result",0.0594101,0.0000076,0x00,0x00
"SPI","result",0.0594198,0.0000076,0x00,0x01
"SPI","result",0.0594296,0.0000076,0x20,0x00
"SPI","result",0.0594453,0.0000076,0x80,0x00
"SPI","result",0.0594543,0.0000076,0xD4,0x00
"SPI","result",0.0594633,0.0000076,0x00,0x00
"SPI","result",0.0594723,0.0000076,0x18,0x00
"SPI","result",0.0596466,0.0000076,0x00,0x00
"SPI","result",0.0596564,0.0000076,0x00,0x00
"SPI","result",0.0596661,0.0000076,0x00,0x00
"SPI","result",0.0596759,0.0000076,0x00,0x00
"SPI","result",0.0596856,0.0000076,0x00,0x00
"SPI","result",0.0596954,0.0000076,0x00,0x00
"SPI","result",0.0597051,0.0000076,0x00,0x00
"SPI","result",0.0597148,0.0000076,0x00,0x00
"SPI","result",0.0597245,0.0000076,0x00,0x00
"SPI","result",0.0597343,0.0000076,0x00,0x00
"SPI","result",0.059744,0.0000076,0x00,0x01
"SPI","result",0.0597537,0.0000076,0x00,0x94
"SPI","result",0.0597704,0.0000077,0x80,0x00
"SPI","result",0.0597794,0.0000077,0xD4,0x00
"SPI","result",0.0597884,0.0000077,0x00,0x00
"SPI","result",0.0597974,0.0000077,0x18,0x00
"SPI","result",0.059815,0.0000076,0x00,0x00
"SPI","result",0.0598247,0.0000076,0x00,0x00
"SPI","result",0.0598345,0.0000076,0x00,0x00
"SPI","result",0.0598441,0.0000076,0x00,0x00
"SPI","result",0.0598539,0.0000076,0x00,0x00
"SPI","result",0.0598636,0.0000076,0x00,0x00
"SPI","result",0.0598733,0.0000076,0x00,0x00
"SPI","result",0.059883,0.0000076,0x00,0x00
"SPI","result",0.0598927,0.0000076,0x00,0x00
"SPI","result",0.0599024,0.0000076,0x00,0x00
"SPI","result",0.0599121,0.0000076,0x00,0x00
"SPI","result",0.0599379,0.0000077,0x00,0x00
"SPI","result",0.0599477,0.0000076,0x00,0x00
"SPI","result",0.0599574,0.0000076,0x00,0x01
"SPI","result",0.0599672,0.0000076,0x00,0x94
"SPI","result",0.0599832,0.0000076,0x83,0x00
"SPI","result",0.0599922,0.0000076,0xD4,0x00
"SPI","result",0.0600012,0.0000076,0x00,0x00
"SPI","result",0.0600102,0.0000076,0x18,0x00
"SPI","result",0.0600269,0.0000076,0x00,0x00
"SPI","result",0.0600366,0.0000076,0x00,0x00
"SPI","result",0.0600464,0.0000076,0x00,0x00
"SPI","result",0.0600561,0.0000076,0x00,0x00
"SPI","result",0.0600658,0.0000076,0x00,0x00
"SPI","result",0.0600755,0.0000076,0x00,0x00
"SPI","result",0.0600853,0.0000076,0x00,0x00
"SPI","result",0.060095,0.0000076,0x00,0x00
"SPI","result",0.0601047,0.0000076,0x00,0x00
"SPI","result",0.0601144,0.0000076,0x00,0x00
"SPI","result",0.0601241,0.0000076,0x00,0x00
"SPI","result",0.0601338,0.0000076,0x00,0x00
"SPI","result",0.0601435,0.0000076,0x00,0x01
"SPI","result",0.0601532,0.0000076,0x00,0x04
"SPI","result",0.0601622,0.0000076,0x00,0x00
"SPI","result",0.0601712,0.0000076,0x00,0x01
"SPI","result",0.0601802,0.0000076,0x00,0x94
"SPI","result",0.0602017,0.0000076,0x89,0x00
"SPI","result",0.0602107,0.0000076,0xD4,0x00
"SPI","result",0.0602197,0.0000076,0x00,0x00
"SPI","result",0.0602287,0.0000076,0x24,0x00
"SPI","result",0.0602442,0.0000076,0x00,0x00
"SPI","result",0.0602539,0.0000077,0x00,0x00
"SPI","result",0.0602637,0.0000076,0x00,0x00
"SPI","result",0.0602733,0.0000076,0x00,0x00
"SPI","result",0.060283,0.0000076,0x00,0x00
"SPI","result",0.0602927,0.0000076,0x00,0x00
"SPI","result",0.0603024,0.0000076,0x00,0x00
"SPI","result",0.0603122,0.0000076,0x00,0x00
"SPI","result",0.0603219,0.0000076,0x00,0x00
"SPI","result",0.0603316,0.0000076,0x00,0x00
"SPI","result",0.0603413,0.0000076,0x00,0x00
"SPI","result",0.0603511,0.0000076,0x00,0x01
"SPI","result",0.0603608,0.0000076,0x00,0x80
"SPI","result",0.0603698,0.0000076,0x00,0x01
"SPI","result",0.0603788,0.0000076,0x00,0x00
"SPI","result",0.0603878,0.0000076,0x00,0x00
"SPI","result",0.0603968,0.0000076,0x00,0x00
"SPI","result",0.0604058,0.0000076,0x00,0x0A
"SPI","result",0.0604148,0.0000076,0x00,0x00
"SPI","result",0.0604238,0.0000076,0x00,0x00
"SPI","result",0.0604328,0.0000076,0x00,0x01
"SPI","result",0.0604418,0.0000076,0x00,0xCB
"SPI","result",0.0604646,0.0000076,0x80,0x00
"SPI","result",0.0604736,0.0000076,0xD4,0x00
"SPI","result",0.0604826,0.0000076,0x00,0x00
"SPI","result",0.0604916,0.0000076,0x18,0x00
"SPI","result",0.060507,0.0000076,0x00,0x00
"SPI","result",0.0605167,0.0000076,0x00,0x00
"SPI","result",0.0605264,0.0000076,0x00,0x00
"SPI","result",0.0605362,0.0000076,0x00,0x00
"SPI","result",0.0605459,0.0000076,0x00,0x00
"SPI","result",0.0605556,0.0000076,0x00,0x00
"SPI","result",0.0605653,0.0000076,0x00,0x00
"SPI","result",0.060575,0.0000076,0x00,0x00
"SPI","result",0.0605847,0.0000076,0x00,0x00
"SPI","result",0.0605945,0.0000076,0x00,0x00
"SPI","result",0.0606041,0.0000076,0x00,0x00
"SPI","result",0.0606138,0.0000076,0x00,0x00
"SPI","result",0.0606236,0.0000076,0x00,0x01
"SPI","result",0.0606333,0.0000076,0x00,0x84
"SPI","result",0.0606489,0.0000077,0x80,0x00
"SPI","result",0.0606579,0.0000077,0xD4,0x00
"SPI","result",0.0606669,0.0000077,0x00,0x00
"SPI","result",0.0606759,0.0000077,0x18,0x00
"SPI","result",0.0606915,0.0000076,0x00,0x00
"SPI","result",0.0607012,0.0000077,0x00,0x00
"SPI","result",0.060711,0.0000076,0x00,0x00
"SPI","result",0.0607207,0.0000076,0x00,0x00
"SPI","result",0.0607305,0.0000076,0x00,0x00
"SPI","result",0.0607402,0.0000076,0x00,0x00
"SPI","result",0.0607499,0.0000076,0x00,0x00
"SPI","result",0.0607597,0.0000076,0x00,0x00
"SPI","result",0.0607694,0.0000076,0x00,0x00
"SPI","result",0.0607791,0.0000076,0x00,0x00
"SPI","result",0.0607888,0.0000076,0x00,0x00
"SPI","result",0.0607985,0.0000076,0x00,0x00
"SPI","result",0.0608083,0.0000076,0x00,0x00
"SPI","result",0.0608179,0.0000076,0x00,0x00
"SPI","result",0.0608277,0.0000076,0x00,0x01
"SPI","result",0.0608373,0.0000077,0x00,0x84
"SPI","result",0.0608531,0.0000076,0x00,0x00
"SPI","result",0.0608621,0.0000076,0xD4,0x00
"SPI","result",0.0608711,0.0000076,0x00,0x00
"SPI","result",0.0608801,0.0000076,0x18,0x00
"SPI","result",0.0608956,0.0000076,0x00,0x00
"SPI","result",0.0609053,0.0000076,0x00,0x00
"SPI","result",0.0609151,0.0000076,0x00,0x00
"SPI","result",0.0609248,0.0000076,0x00,0x00
"SPI","result",0.0609345,0.0000076,0x00,0x00
"SPI","result",0.0609441,0.0000076,0x00,0x00
"SPI","result",0.0609538,0.0000076,0x00,0x00
"SPI","result",0.0609635,0.0000076,0x00,0x00
"SPI","result",0.0609732,0.0000076,0x00,0x00
"SPI","result",0.0609829,0.0000076,0x00,0x00
"SPI","result",0.0609927,0.0000076,0x00,0x00
"SPI","result",0.0610024,0.0000076,0x00,0x00
"SPI","result",0.0610121,0.0000076,0x00,0x00
"SPI","result",0.0610218,0.0000076,0x00,0x01
"SPI","result",0.0610316,0.0000076,0x40,0x00
"SPI","result",0.0610687,0.0000076,0x00,0x00
"SPI","result",0.0610777,0.0000076,0xD4,0x00
"SPI","result",0.0610867,0.0000076,0x00,0x00
"SPI","result",0.0610957,0.0000076,0x00,0x00
"SPI","result",0.0611126,0.0000076,0x00,0x00
"SPI","result",0.0611224,0.0000076,0x00,0x00
"SPI","result",0.0611322,0.0000076,0x00,0x00
"SPI","result",0.0611419,0.0000076,0x00,0x00
"SPI","result",0.0611517,0.0000076,0x00,0x00
"SPI","result",0.0611614,0.0000076,0x00,0x00
"SPI","result",0.0611712,0.0000076,0x00,0x00
"SPI","result",0.0611809,0.0000076,0x00,0x00
"SPI","result",0.0611906,0.0000077,0x00,0x00
"SPI","result",0.0612004,0.0000076,0x00,0x00
"SPI","result",0.0612101,0.0000076,0x00,0x00
"SPI","result",0.0612198,0.0000076,0x00,0x00
"SPI","result",0.0612296,0.0000076,0x00,0x00
"SPI","result",0.0612393,0.0000076,0x00,0x00
"SPI","result",0.061249,0.0000076,0x00,0x00
"SPI","result",0.0612587,0.0000076,0x00,0x01
"SPI","result",0.0612684,0.0000076,0x20,0x00
"SPI","result",0.0613933,0.0000076,0x80,0x00
"SPI","result",0.0614023,0.0000076,0xD4,0x00
"SPI","result",0.0614113,0.0000076,0x00,0x00
"SPI","result",0.0614203,0.0000076,0x00,0x00
"SPI","result",0.0614383,0.0000076,0x00,0x00
"SPI","result",0.061448,0.0000076,0x00,0x00
"SPI","result",0.0614578,0.0000076,0x00,0x00
"SPI","result",0.0614675,0.0000076,0x00,0x00
"SPI","result",0.0614772,0.0000077,0x00,0x00
"SPI","result",0.061487,0.0000076,0x00,0x00
"SPI","result",0.0614968,0.0000076,0x00,0x00
"SPI","result",0.0615065,0.0000076,0x00,0x00
"SPI","result",0.0615162,0.0000076,0x00,0x00
"SPI","result",0.0615259,0.0000076,0x00,0x00
"SPI","result",0.0615356,0.0000076,0x00,0x00
"SPI","result",0.0615454,0.0000076,0x00,0x01
"SPI","result",0.061555,0.0000076,0x00,0x81
"SPI","result",0.0615712,0.0000076,0x00,0x00
"SPI","result",0.0615802,0.0000076,0xD4,0x00
"SPI","result",0.0615892,0.0000076,0x00,0x00
"SPI","result",0.0615982,0.0000076,0x00,0x00
"SPI","result",0.0616143,0.0000076,0x00,0x00
"SPI","result",0.0616241,0.0000076,0x00,0x00
"SPI","result",0.0616338,0.0000076,0x00,0x00
"SPI","result",0.0616436,0.0000076,0x00,0x00
"SPI","result",0.0616533,0.0000076,0x00,0x00
"SPI","result",0.061663,0.0000076,0x00,0x00
"SPI","result",0.0616727,0.0000076,0x00,0x00
"SPI","result",0.0616824,0.0000076,0x00,0x00
"SPI","result",0.0616921,0.0000076,0x00,0x00
"SPI","result",0.0617018,0.0000076,0x00,0x00
"SPI","result",0.0617115,0.0000076,0x00,0x00
"SPI","result",0.0617212,0.0000076,0x00,0x00
"SPI","result",0.0617309,0.0000077,0x00,0x00
"SPI","result",0.0617407,0.0000076,0x00,0x00
"SPI","result",0.0617504,0.0000076,0x00,0x01
"SPI","result",0.0617602,0.0000076,0x02,0x00
"SPI","result",0.061776,0.0000076,0x80,0x00
"SPI","result",0.061785,0.0000076,0xD4,0x00
"SPI","result",0.061794,0.0000076,0x00,0x00
"SPI","result",0.061803,0.0000076,0x00,0x00
"SPI","result",0.0618191,0.0000076,0x00,0x00
"SPI","result",0.0618289,0.0000076,0x00,0x00
"SPI","result",0.0618386,0.0000076,0x00,0x00
"SPI","result",0.0618484,0.0000076,0x00,0x00
"SPI","result",0.061858,0.0000077,0x00,0x00
"SPI","result",0.0618678,0.0000076,0x00,0x00
"SPI","result",0.0618775,0.0000076,0x00,0x00
"SPI","result",0.0618872,0.0000076,0x00,0x00
"SPI","result",0.0618969,0.0000076,0x00,0x00
"SPI","result",0.0619066,0.0000077,0x00,0x00
"SPI","result",0.0619164,0.0000076,0x00,0x00
"SPI","result",0.061926,0.0000076,0x00,0x00
"SPI","result",0.0619358,0.0000076,0x00,0x00
"SPI","result",0.0619455,0.0000076,0x00,0x00
"SPI","result",0.0619552,0.0000076,0x00,0x01
"SPI","result",0.0619649,0.0000076,0x00,0xA1
"SPI","result",0.062012,0.0000076,0x80,0x00
"SPI","result",0.062021,0.0000076,0xD4,0x00
"SPI","result",0.06203,0.0000076,0x00,0x00
"SPI","result",0.062039,0.0000076,0x18,0x00
"SPI","result",0.0620548,0.0000076,0x00,0x00
"SPI","result",0.0620645,0.0000076,0x00,0x00
"SPI","result",0.0620742,0.0000076,0x00,0x00
"SPI","result",0.0620839,0.0000076,0x00,0x00
"SPI","result",0.0620936,0.0000076,0x00,0x00
"SPI","result",0.0621033,0.0000076,0x00,0x00
"SPI","result",0.0621131,0.0000076,0x00,0x00
"SPI","result",0.0621228,0.0000076,0x00,0x00
"SPI","result",0.0621325,0.0000076,0x00,0x00
"SPI","result",0.0621421,0.0000076,0x00,0x00
"SPI","result",0.0621519,0.0000076,0x00,0x00
"SPI","result",0.0621616,0.0000076,0x00,0x00
"SPI","result",0.0621712,0.0000076,0x00,0x00
"SPI","result",0.062181,0.0000076,0x00,0x00
"SPI","result",0.0621907,0.0000076,0x00,0x01
"SPI","result",0.0622004,0.0000076,0x00,0x84
"SPI","result",0.0622162,0.0000076,0x00,0x00
"SPI","result",0.0622252,0.0000076,0xD4,0x00
"SPI","result",0.0622342,0.0000076,0x00,0x00
"SPI","result",0.0622432,0.0000076,0x18,0x00
"SPI","result",0.0622588,0.0000076,0x00,0x00
"SPI","result",0.0622686,0.0000076,0x00,0x00
"SPI","result",0.0622783,0.0000076,0x00,0x00
"SPI","result",0.0622881,0.0000076,0x00,0x00
"SPI","result",0.0622978,0.0000076,0x00,0x00
"SPI","result",0.0623075,0.0000076,0x00,0x00
"SPI","result",0.0623171,0.0000076,0x00,0x00
"SPI","result",0.0623268,0.0000076,0x00,0x00
"SPI","result",0.0623365,0.0000076,0x00,0x00
"SPI","result",0.0623462,0.0000076,0x00,0x00
"SPI","result",0.0623559,0.0000076,0x00,0x00
"SPI","result",0.0623657,0.0000076,0x00,0x00
"SPI","result",0.0623754,0.0000076,0x00,0x00
"SPI","result",0.0623852,0.0000076,0x00,0x01
"SPI","result",0.0623951,0.0000076,0x40,0x00
"SPI","result",0.0624111,0.0000076,0x80,0x00
"SPI","result",0.0624201,0.0000076,0xD4,0x00
"SPI","result",0.0624291,0.0000076,0x00,0x00
"SPI","result",0.0624381,0.0000076,0x18,0x00
"SPI","result",0.0624547,0.0000076,0x00,0x00
"SPI","result",0.0624647,0.0000076,0x00,0x00
"SPI","result",0.0624748,0.0000076,0x00,0x00
"SPI","result",0.0624888,0.0000076,0x00,0x00
"SPI","result",0.0624986,0.0000076,0x00,0x00
"SPI","result",0.0625083,0.0000076,0x00,0x00
"SPI","result",0.062518,0.0000076,0x00,0x00
"SPI","result",0.0625278,0.0000076,0x00,0x00
"SPI","result",0.0625375,0.0000076,0x00,0x00
"SPI","result",0.0625472,0.0000076,0x00,0x00
"SPI","result",0.062557,0.0000076,0x00,0x01
"SPI","result",0.0625667,0.0000076,0x00,0xC4
"SPI","result",0.0625828,0.0000076,0x83,0x00
"SPI","result",0.0625918,0.0000076,0xD4,0x00
"SPI","result",0.0626008,0.0000076,0x00,0x00
"SPI","result",0.0626098,0.0000076,0x18,0x00
"SPI","result",0.0627912,0.0000076,0x00,0x00
"SPI","result",0.0628011,0.0000076,0x00,0x00
"SPI","result",0.0628108,0.0000076,0x00,0x00
"SPI","result",0.0628206,0.0000076,0x00,0x00
"SPI","result",0.0628302,0.0000076,0x00,0x00
"SPI","result",0.06284,0.0000076,0x00,0x00
"SPI","result",0.0628498,0.0000076,0x00,0x00
"SPI","result",0.0628594,0.0000076,0x00,0x00
"SPI","result",0.0628731,0.0000076,0x00,0x00
"SPI","result",0.0628828,0.0000076,0x00,0x00
"SPI","result",0.0628925,0.0000076,0x00,0x01
"SPI","result",0.0629024,0.0000076,0x00,0x04
"SPI","result",0.0629114,0.0000076,0x00,0x00
"SPI","result",0.0629204,0.0000076,0x00,0x01
"SPI","result",0.0629294,0.0000076,0x00,0xC4
"SPI","result",0.0629544,0.0000076,0x3F,0x00
"SPI","result",0.0629634,0.0000076,0xD4,0x00
"SPI","result",0.0629724,0.0000076,0x00,0x00
"SPI","result",0.0629814,0.0000076,0x24,0x00
"SPI","result",0.0630008,0.0000076,0x00,0x00
"SPI","result",0.0630105,0.0000076,0x00,0x00
"SPI","result",0.0630203,0.0000076,0x00,0x00
"SPI","result",0.06303,0.0000076,0x00,0x00
"SPI","result",0.0630397,0.0000076,0x00,0x00
"SPI","result",0.0630494,0.0000076,0x00,0x00
"SPI","result",0.0630592,0.0000076,0x00,0x00
"SPI","result",0.0630688,0.0000076,0x00,0x00
"SPI","result",0.0630785,0.0000076,0x00,0x00
"SPI","result",0.0630883,0.0000076,0x00,0x00
"SPI","result",0.063098,0.0000076,0x00,0x00
"SPI","result",0.0631077,0.0000076,0x00,0x01
"SPI","result",0.0631177,0.0000076,0x80,0x00
"SPI","result",0.0631267,0.0000076,0x01,0x00
"SPI","result",0.0631357,0.0000076,0x00,0x00
"SPI","result",0.0631447,0.0000076,0x00,0x00
"SPI","result",0.0631537,0.0000076,0x04,0x00
"SPI","result",0.0631627,0.0000076,0x16,0x00
"SPI","result",0.0631717,0.0000076,0x00,0x00
"SPI","result",0.0631807,0.0000076,0x00,0x00
"SPI","result",0.0631897,0.0000076,0x01,0x00
"SPI","result",0.0631987,0.0000076,0x61,0x00
"SPI","result",0.0632077,0.0000076,0x00,0x00
"SPI","result",0.0632167,0.0000076,0x00,0x00
"SPI","result",0.0632257,0.0000076,0x00,0x00
"SPI","result",0.0632347,0.0000076,0x00,0x00
"SPI","result",0.0632437,0.0000076,0x00,0x00
"SPI","result",0.0632527,0.0000076,0x00,0x00
"SPI","result",0.0632617,0.0000076,0x00,0x00
"SPI","result",0.0632707,0.0000076,0x01,0x00
"SPI","result",0.0632797,0.0000076,0x80,0x00
"SPI","result",0.0632887,0.0000076,0x00,0x00
"SPI","result",0.0632977,0.0000076,0x00,0x00
"SPI","result",0.0633067,0.0000076,0x01,0x00
"SPI","result",0.0633157,0.0000076,0x00,0x00
"SPI","result",0.0633247,0.0000076,0x00,0x00
"SPI","result",0.0633337,0.0000076,0x00,0x00
"SPI","result",0.0633427,0.0000076,0x00,0x00
"SPI","result",0.0633517,0.0000076,0x03,0x00
"SPI","result",0.0633607,0.0000076,0xFA,0x00
"SPI","result",0.0633697,0.0000076,0x00,0x00
"SPI","result",0.0633787,0.0000076,0x40,0x00
"SPI","result",0.0633877,0.0000076,0x2C,0x00
"SPI","result",0.0633967,0.0000076,0x28,0x00
"SPI","result",0.0634057,0.0000076,0x5C,0x00
"SPI","result",0.0634147,0.0000076,0xE9,0x00
"SPI","result",0.0634237,0.0000076,0x2D,0x00
"SPI","result",0.0634327,0.0000076,0x89,0x00
"SPI","result",0.0634417,0.0000076,0xF2,0x00
"SPI","result",0.0634507,0.0000076,0x40,0x00
"SPI","result",0.0634597,0.0000076,0x31,0x00
"SPI","result",0.0634687,0.0000076,0xD4,0x00
"SPI","result",0.0634777,0.0000076,0x01,0x00
"SPI","result",0.0634867,0.0000076,0xF1,0x00
"SPI","result",0.0634957,0.0000076,0x02,0x00
"SPI","result",0.0635047,0.0000076,0x1D,0x00
"SPI","result",0.0635137,0.0000076,0x4C,0x00
"SPI","result",0.0635227,0.0000076,0xE4,0x00
"SPI","result",0.0635317,0.0000076,0x81,0x00
"SPI","result",0.0635407,0.0000076,0x09,0x00
"SPI","result",0.0635497,0.0000076,0x3F,0x00
"SPI","result",0.0635587,0.0000076,0xA7,0x00
"SPI","result",0.0635677,0.0000076,0xB5,0x00
"SPI","result",0.0635767,0.0000076,0x3E,0x00
"SPI","result",0.0635857,0.0000076,0x00,0x00
"SPI","result",0.0635947,0.0000076,0x89,0x00
"SPI","result",0.0636037,0.0000076,0x0E,0x00
"SPI","result",0.0636127,0.0000076,0x59,0x00
"SPI","result",0.0636217,0.0000076,0x41,0x00
"SPI","result",0.0636307,0.0000076,0x30,0x00
"SPI","result",0.0636397,0.0000076,0x3C,0x00
"SPI","result",0.0636487,0.0000076,0x9C,0x00
"SPI","result",0.0636577,0.0000076,0xDF,0x00
"SPI","result",0.0636667,0.0000076,0x2D,0x00
"SPI","result",0.0636757,0.0000076,0x5E,0x00
"SPI","result",0.0636847,0.0000076,0x40,0x00
"SPI","result",0.0637116,0.0000076,0x3F,0x00
"SPI","result",0.0637206,0.0000076,0xD4,0x00
"SPI","result",0.0637296,0.0000076,0x00,0x00
"SPI","result",0.0637386,0.0000076,0x24,0x00
"SPI","result",0.063755,0.0000076,0x00,0x00
"SPI","result",0.0637648,0.0000076,0x00,0x00
"SPI","result",0.0637745,0.0000076,0x00,0x00
"SPI","result",0.0637842,0.0000076,0x00,0x00
"SPI","result",0.063794,0.0000076,0x00,0x00
"SPI","result",0.0638037,0.0000076,0x00,0x00
"SPI","result",0.0638134,0.0000077,0x00,0x00
"SPI","result",0.0638231,0.0000076,0x00,0x00
"SPI","result",0.0638329,0.0000076,0x00,0x00
"SPI","result",0.0638426,0.0000076,0x00,0x00
"SPI","result",0.0638523,0.0000076,0x00,0x00
"SPI","result",0.063862,0.0000076,0x00,0x00
"SPI","result",0.0638717,0.0000076,0x00,0x01
"SPI","result",0.0638816,0.0000076,0x3D,0x00
"SPI","result",0.0638906,0.0000076,0xD9,0x00
"SPI","result",0.0638996,0.0000076,0x42,0x00
"SPI","result",0.0639086,0.0000076,0xC6,0x00
"SPI","result",0.0639176,0.0000076,0x9A,0x00
"SPI","result",0.0639266,0.0000076,0x5D,0x00
"SPI","result",0.0639356,0.0000076,0xDF,0x00
"SPI","result",0.0639446,0.0000076,0x54,0x00
"SPI","result",0.0639536,0.0000076,0x33,0x00
"SPI","result",0.0639626,0.0000076,0xFC,0x00
"SPI","result",0.0639716,0.0000076,0xBF,0x00
"SPI","result",0.0639806,0.0000076,0x6D,0x00
"SPI","result",0.0639896,0.0000076,0x8E,0x00
"SPI","result",0.0639986,0.0000076,0x6C,0x00
"SPI","result",0.0640076,0.0000076,0x48,0x00
"SPI","result",0.0640166,0.0000076,0x7B,0x00
"SPI","result",0.0640256,0.0000076,0xD8,0x00
"SPI","result",0.0640346,0.0000076,0xBB,0x00
"SPI","result",0.0640436,0.0000076,0xE0,0x00
"SPI","result",0.0640526,0.0000076,0xE7,0x00
"SPI","result",0.0640616,0.0000076,0xF1,0x00
"SPI","result",0.0640706,0.0000076,0x2B,0x00
"SPI","result",0.0640796,0.0000076,0xB0,0x00
"SPI","result",0.0640886,0.0000076,0x37,0x00
"SPI","result",0.0640976,0.0000076,0xD4,0x00
"SPI","result",0.0641066,0.0000076,0x14,0x00
"SPI","result",0.0641156,0.0000076,0x9F,0x00
"SPI","result",0.0641246,0.0000076,0x07,0x00
"SPI","result",0.0641336,0.0000076,0xA2,0x00
"SPI","result",0.0641426,0.0000076,0xA4,0x00
"SPI","result",0.0641516,0.0000076,0x04,0x00
"SPI","result",0.0641606,0.0000076,0xD9,0x00
"SPI","result",0.0641696,0.0000076,0xAB,0x00
"SPI","result",0.0641786,0.0000076,0xA2,0x00
"SPI","result",0.0641876,0.0000076,0x59,0x00
"SPI","result",0.0641966,0.0000076,0xA3,0x00
"SPI","result",0.0642056,0.0000076,0xB9,0x00
"SPI","result",0.0642146,0.0000076,0xC5,0x00
"SPI","result",0.0642236,0.0000076,0x56,0x00
"SPI","result",0.0642326,0.0000076,0xD0,0x00
"SPI","result",0.0642416,0.0000076,0xDF,0x00
"SPI","result",0.0642506,0.0000076,0x6F,0x00
"SPI","result",0.0642596,0.0000076,0xFD,0x00
"SPI","result",0.0642686,0.0000076,0x17,0x00
"SPI","result",0.0642776,0.0000076,0x3C,0x00
"SPI","result",0.0642866,0.0000076,0xA3,0x00
"SPI","result",0.0642956,0.0000076,0xF6,0x00
"SPI","result",0.0643046,0.0000076,0x4F,0x00
"SPI","result",0.0643136,0.0000076,0x7E,0x00
"SPI","result",0.0643226,0.0000076,0x64,0x00
"SPI","result",0.0643316,0.0000076,0xBE,0x00
"SPI","result",0.0643406,0.0000076,0x0E,0x00
"SPI","result",0.0643496,0.0000076,0x92,0x00
"SPI","result",0.0643586,0.0000076,0xDC,0x00
"SPI","result",0.0643676,0.0000076,0x65,0x00
"SPI","result",0.0643766,0.0000076,0x06,0x00
"SPI","result",0.0643856,0.0000076,0xC2,0x00
"SPI","result",0.0643946,0.0000076,0x01,0x00
"SPI","result",0.0644036,0.0000076,0xE8,0x00
"SPI","result",0.0644126,0.0000076,0xDA,0x00
"SPI","result",0.0644216,0.0000076,0x10,0x00
"SPI","result",0.0644306,0.0000076,0xF1,0x00
"SPI","result",0.0644396,0.0000076,0xCE,0x00
"SPI","result",0.0644486,0.0000076,0xEB,0x00
"SPI","result",0.0644907,0.0000076,0x3F,0x00
"SPI","result",0.0644997,0.0000076,0xD4,0x00
"SPI","result",0.0645087,0.0000076,0x00,0x00
"SPI","result",0.0645177,0.0000076,0x24,0x00
"SPI","result",0.064535,0.0000076,0x00,0x00
"SPI","result",0.0645448,0.0000077,0x00,0x00
"SPI","result",0.0645546,0.0000076,0x00,0x00
"SPI","result",0.0645644,0.0000076,0x00,0x00
"SPI","result",0.0645741,0.0000076,0x00,0x00
"SPI","result",0.0645838,0.0000076,0x00,0x00
"SPI","result",0.0645936,0.0000076,0x00,0x00
"SPI","result",0.0646033,0.0000076,0x00,0x00
"SPI","result",0.0646131,0.0000076,0x00,0x00
"SPI","result",0.0646228,0.0000076,0x00,0x00
"SPI","result",0.0646326,0.0000076,0x00,0x01
"SPI","result",0.0646428,0.0000076,0xE6,0x00
"SPI","result",0.0646518,0.0000076,0xA7,0x00
"SPI","result",0.0646608,0.0000076,0xD7,0x00
"SPI","result",0.0646698,0.0000076,0xFF,0x00
"SPI","result",0.0646788,0.0000076,0x7F,0x00
"SPI","result",0.0646878,0.0000076,0x6E,0x00
"SPI","result",0.0646968,0.0000076,0x77,0x00
"SPI","result",0.0647058,0.0000076,0x06,0x00
"SPI","result",0.0647148,0.0000076,0x65,0x00
"SPI","result",0.0647238,0.0000076,0xB3,0x00
"SPI","result",0.0647328,0.0000076,0xA1,0x00
"SPI","result",0.0647418,0.0000076,0x43,0x00
"SPI","result",0.0647508,0.0000076,0x05,0x00
"SPI","result",0.0647598,0.0000076,0x51,0x00
"SPI","result",0.0647688,0.0000076,0x43,0x00
"SPI","result",0.0647778,0.0000076,0x18,0x00
"SPI","result",0.0647868,0.0000076,0xF4,0x00
"SPI","result",0.0647958,0.0000076,0x6A,0x00
"SPI","result",0.0648048,0.0000076,0xFA,0x00
"SPI","result",0.0648138,0.0000076,0x28,0x00
"SPI","result",0.0648228,0.0000076,0xC3,0x00
"SPI","result",0.0648318,0.0000076,0xD8,0x00
"SPI","result",0.0648408,0.0000076,0x57,0x00
"SPI","result",0.0648498,0.0000076,0xDF,0x00
"SPI","result",0.0648588,0.0000076,0x3C,0x00
"SPI","result",0.0648678,0.0000076,0xA9,0x00
"SPI","result",0.0648768,0.0000076,0x4C,0x00
"SPI","result",0.0648858,0.0000076,0xA0,0x00
"SPI","result",0.0648948,0.0000076,0x3E,0x00
"SPI","result",0.0649038,0.0000076,0x38,0x00
"SPI","result",0.0649128,0.0000076,0x95,0x00
"SPI","result",0.0649218,0.0000076,0xBF,0x00
"SPI","result",0.0649308,0.0000076,0xEF,0x00
"SPI","result",0.0649398,0.0000076,0x66,0x00
"SPI","result",0.0649488,0.0000076,0x74,0x00
"SPI","result",0.0649578,0.0000076,0x24,0x00
"SPI","result",0.0649668,0.0000076,0x1E,0x00
"SPI","result",0.0649758,0.0000076,0x0D,0x00
"SPI","result",0.0649848,0.0000076,0xF9,0x00
"SPI","result",0.0649938,0.0000076,0x2D,0x00
"SPI","result",0.0650028,0.0000076,0xCF,0x00
"SPI","result",0.0650118,0.0000076,0xD6,0x00
"SPI","result",0.0650208,0.0000076,0x9E,0x00
"SPI","result",0.0650298,0.0000076,0x7D,0x00
"SPI","result",0.0650388,0.0000076,0x70,0x00
"SPI","result",0.0650478,0.0000076,0x8E,0x00
"SPI","result",0.0650568,0.0000076,0x8C,0x00
"SPI","result",0.0650658,0.0000076,0xF4,0x00
"SPI","result",0.0650748,0.0000076,0x4E,0x00
"SPI","result",0.0650838,0.0000076,0x3A,0x00
"SPI","result",0.0650928,0.0000076,0xCA,0x00
"SPI","result",0.0651018,0.0000076,0x7E,0x00
"SPI","result",0.0651108,0.0000076,0xDD,0x00
"SPI","result",0.0651198,0.0000076,0x6D,0x00
"SPI","result",0.0651288,0.0000076,0xF3,0x00
"SPI","result",0.0651378,0.0000076,0xA5,0x00
"SPI","result",0.0651468,0.0000076,0x36,0x00
"SPI","result",0.0651558,0.0000076,0xF8,0x00
"SPI","result",0.0651648,0.0000076,0x9A,0x00
"SPI","result",0.0651738,0.0000076,0xD3,0x00
"SPI","result",0.0651828,0.0000076,0x0C,0x00
"SPI","result",0.0651918,0.0000076,0x61,0x00
"SPI","result",0.0652008,0.0000076,0xFD,0x00
"SPI","result",0.0652098,0.0000076,0x28,0x00
"SPI","result",0.0652352,0.0000076,0x3F,0x00
"SPI","result",0.0652442,0.0000076,0xD4,0x00
"SPI","result",0.0652532,0.0000076,0x00,0x00
"SPI","result",0.0652622,0.0000076,0x24,0x00
"SPI","result",0.0652775,0.0000076,0x00,0x00
"SPI","result",0.0652872,0.0000077,0x00,0x00
"SPI","result",0.065297,0.0000076,0x00,0x00
"SPI","result",0.0653067,0.0000076,0x00,0x00
"SPI","result",0.0653164,0.0000076,0x00,0x00
"SPI","result",0.0653261,0.0000076,0x00,0x00
"SPI","result",0.0653358,0.0000076,0x00,0x00
"SPI","result",0.0653456,0.0000076,0x00,0x00
"SPI","result",0.0653553,0.0000076,0x00,0x00
"SPI","result",0.065365,0.0000076,0x00,0x00
"SPI","result",0.0653747,0.0000076,0x00,0x00
"SPI","result",0.0653845,0.0000076,0x00,0x00
"SPI","result",0.0653941,0.0000076,0x00,0x01
"SPI","result",0.0654041,0.0000076,0x00,0x00
"SPI","result",0.0654131,0.0000076,0x65,0x00
"SPI","result",0.0654221,0.0000076,0x6C,0x00
"SPI","result",0.0654311,0.0000076,0xE9,0x00
"SPI","result",0.0654401,0.0000076,0x84,0x00
"SPI","result",0.0654491,0.0000076,0x79,0x00
"SPI","result",0.0654581,0.0000076,0xAC,0x00
"SPI","result",0.0654671,0.0000076,0x56,0x00
"SPI","result",0.0654761,0.0000076,0x01,0x00
"SPI","result",0.0654851,0.0000076,0x4E,0x00
"SPI","result",0.0654941,0.0000076,0xB6,0x00
"SPI","result",0.0655031,0.0000076,0xA9,0x00
"SPI","result",0.0655121,0.0000076,0x58,0x00
"SPI","result",0.0655211,0.0000076,0x68,0x00
"SPI","result",0.0655301,0.0000076,0x8E,0x00
"SPI","result",0.0655391,0.0000076,0x69,0x00
"SPI","result",0.0655481,0.0000076,0x20,0x00
"SPI","result",0.0655571,0.0000076,0x8F,0x00
"SPI","result",0.0655661,0.0000076,0x8B,0x00
"SPI","result",0.0655751,0.0000076,0x21,0x00
"SPI","result",0.0655841,0.0000076,0x22,0x00
"SPI","result",0.0655931,0.0000076,0x47,0x00
"SPI","result",0.0656021,0.0000076,0x22,0x00
"SPI","result",0.0656111,0.0000076,0x8F,0x00
"SPI","result",0.0656201,0.0000076,0x85,0x00
"SPI","result",0.0656291,0.0000076,0x44,0x00
"SPI","result",0.0656381,0.0000076,0x7F,0x00
"SPI","result",0.0656471,0.0000076,0xD9,0x00
"SPI","result",0.0656561,0.0000076,0xFA,0x00
"SPI","result",0.0656651,0.0000076,0xC5,0x00
"SPI","result",0.0656741,0.0000076,0xFE,0x00
"SPI","result",0.0656831,0.0000076,0xB5,0x00
"SPI","result",0.0656921,0.0000076,0x83,0x00
"SPI","result",0.0657011,0.0000076,0xC9,0x00
"SPI","result",0.0657101,0.0000076,0xF3,0x00
"SPI","result",0.0657191,0.0000076,0x80,0x00
"SPI","result",0.0657281,0.0000076,0x13,0x00
"SPI","result",0.0657371,0.0000076,0x49,0x00
"SPI","result",0.0657461,0.0000076,0xA9,0x00
"SPI","result",0.0657551,0.0000076,0x51,0x00
"SPI","result",0.0657641,0.0000076,0x68,0x00
"SPI","result",0.0657731,0.0000076,0x71,0x00
"SPI","result",0.0657821,0.0000076,0x02,0x00
"SPI","result",0.0657911,0.0000076,0x34,0x00
"SPI","result",0.0658001,0.0000076,0x3B,0x00
"SPI","result",0.0658091,0.0000076,0x69,0x00
"SPI","result",0.0658181,0.0000076,0x31,0x00
"SPI","result",0.0658271,0.0000076,0x6C,0x00
"SPI","result",0.0658361,0.0000076,0x5F,0x00
"SPI","result",0.0658451,0.0000076,0x6F,0x00
"SPI","result",0.0658541,0.0000076,0xA5,0x00
"SPI","result",0.0658631,0.0000076,0xCC,0x00
"SPI","result",0.0658721,0.0000076,0x31,0x00
"SPI","result",0.0658811,0.0000076,0xDD,0x00
"SPI","result",0.0658901,0.0000076,0x5F,0x00
"SPI","result",0.0658991,0.0000076,0x90,0x00
"SPI","result",0.0659081,0.0000076,0x0E,0x00
"SPI","result",0.0659171,0.0000076,0x2B,0x00
"SPI","result",0.0659261,0.0000076,0x66,0x00
"SPI","result",0.0659351,0.0000076,0x45,0x00
"SPI","result",0.0659441,0.0000076,0xAE,0x00
"SPI","result",0.0659531,0.0000076,0x93,0x00
"SPI","result",0.0659621,0.0000076,0x6E,0x00
"SPI","result",0.0659711,0.0000076,0x2C,0x00
"SPI","result",0.0659973,0.0000076,0x80,0x00
"SPI","result",0.0660063,0.0000076,0xD4,0x00
"SPI","result",0.0660153,0.0000076,0x00,0x00
"SPI","result",0.0660243,0.0000076,0x18,0x00
"SPI","result",0.06604,0.0000076,0x00,0x00
"SPI","result",0.0660497,0.0000076,0x00,0x00
"SPI","result",0.0660594,0.0000077,0x00,0x00
"SPI","result",0.0660692,0.0000076,0x00,0x00
"SPI","result",0.0660789,0.0000076,0x00,0x00
"SPI","result",0.0660886,0.0000076,0x00,0x00
"SPI","result",0.0660984,0.0000076,0x00,0x00
"SPI","result",0.0661082,0.0000076,0x00,0x00
"SPI","result",0.0661179,0.0000076,0x00,0x00
"SPI","result",0.0661276,0.0000076,0x00,0x00
"SPI","result",0.0661373,0.0000076,0x00,0x00
"SPI","result",0.066147,0.0000076,0x00,0x00
"SPI","result",0.0661567,0.0000076,0x00,0x01
"SPI","result",0.0661665,0.0000076,0x00,0x8C
"SPI","result",0.0661825,0.0000076,0x80,0x00
"SPI","result",0.0661915,0.0000076,0xD4,0x00
"SPI","result",0.0662005,0.0000076,0x00,0x00
"SPI","result",0.0662095,0.0000076,0x18,0x00
"SPI","result",0.0662247,0.0000076,0x00,0x00
"SPI","result",0.0662345,0.0000076,0x00,0x00
"SPI","result",0.0662443,0.0000076,0x00,0x00
"SPI","result",0.066254,0.0000076,0x00,0x00
"SPI","result",0.0662636,0.0000077,0x00,0x00
"SPI","result",0.0662733,0.0000076,0x00,0x00
"SPI","result",0.066283,0.0000076,0x00,0x00
"SPI","result",0.0662927,0.0000076,0x00,0x00
"SPI","result",0.0663024,0.0000076,0x00,0x00
"SPI","result",0.0663122,0.0000076,0x00,0x00
"SPI","result",0.0663219,0.0000076,0x00,0x00
"SPI","result",0.0663316,0.0000076,0x00,0x00
"SPI","result",0.0663413,0.0000076,0x00,0x00
"SPI","result",0.066351,0.0000076,0x00,0x00
"SPI","result",0.0663607,0.0000076,0x00,0x01
"SPI","result",0.0663704,0.0000076,0x00,0x8C
"SPI","result",0.0663864,0.0000076,0x83,0x00
"SPI","result",0.0663954,0.0000076,0xD4,0x00
"SPI","result",0.0664044,0.0000076,0x00,0x00
"SPI","result",0.0664134,0.0000076,0x18,0x00
"SPI","result",0.0664284,0.0000076,0x00,0x00
"SPI","result",0.0664382,0.0000076,0x00,0x00
"SPI","result",0.0664491,0.0000076,0x00,0x00
"SPI","result",0.0664588,0.0000076,0x00,0x00
"SPI","result",0.0664686,0.0000076,0x00,0x00
"SPI","result",0.0664783,0.0000076,0x00,0x00
"SPI","result",0.0664881,0.0000076,0x00,0x00
"SPI","result",0.0664978,0.0000077,0x00,0x00
"SPI","result",0.0665076,0.0000076,0x00,0x00
"SPI","result",0.0665173,0.0000076,0x00,0x00
"SPI","result",0.066527,0.0000076,0x00,0x00
"SPI","result",0.0665367,0.0000076,0x00,0x00
"SPI","result",0.0665464,0.0000076,0x00,0x00
"SPI","result",0.0665561,0.0000076,0x00,0x01
"SPI","result",0.0665659,0.0000076,0x00,0x04
"SPI","result",0.0665749,0.0000076,0x00,0x00
"SPI","result",0.0665839,0.0000076,0x00,0x01
"SPI","result",0.0665929,0.0000076,0x00,0x8C
"SPI","result",0.0666147,0.0000076,0x3F,0x00
"SPI","result",0.0666237,0.0000076,0xD4,0x00
"SPI","result",0.0666327,0.0000076,0x00,0x00
"SPI","result",0.0666417,0.0000076,0x24,0x00
"SPI","result",0.0666567,0.0000076,0x00,0x00
"SPI","result",0.0666664,0.0000076,0x00,0x00
"SPI","result",0.0666762,0.0000076,0x00,0x00
"SPI","result",0.066686,0.0000076,0x00,0x00
"SPI","result",0.0666957,0.0000076,0x00,0x00
"SPI","result",0.0667054,0.0000076,0x00,0x00
"SPI","result",0.0667152,0.0000076,0x00,0x00
"SPI","result",0.0667249,0.0000076,0x00,0x00
"SPI","result",0.0667347,0.0000076,0x00,0x00
"SPI","result",0.0667444,0.0000076,0x00,0x00
"SPI","result",0.0667542,0.0000076,0x00,0x00
"SPI","result",0.0667639,0.0000076,0x00,0x01
"SPI","result",0.0667739,0.0000076,0x09,0x00
"SPI","result",0.0667829,0.0000076,0xED,0x00
"SPI","result",0.0667919,0.0000076,0x1E,0x00
"SPI","result",0.0668009,0.0000076,0xC0,0x00
"SPI","result",0.0668099,0.0000076,0x03,0x00
"SPI","result",0.0668189,0.0000076,0xC9,0x00
"SPI","result",0.0668279,0.0000076,0xB5,0x00
"SPI","result",0.0668369,0.0000076,0xB0,0x00
"SPI","result",0.0668459,0.0000076,0x85,0x00
"SPI","result",0.0668549,0.0000076,0x4B,0x00
"SPI","result",0.0668639,0.0000076,0x02,0x00
"SPI","result",0.0668729,0.0000076,0x74,0x00
"SPI","result",0.0668819,0.0000076,0x32,0x00
"SPI","result",0.0668909,0.0000076,0x48,0x00
"SPI","result",0.0668999,0.0000076,0x84,0x00
"SPI","result",0.0669089,0.0000076,0x75,0x00
"SPI","result",0.0669179,0.0000076,0x7F,0x00
"SPI","result",0.0669269,0.0000076,0x86,0x00
"SPI","result",0.0669359,0.0000076,0x07,0x00
"SPI","result",0.0669449,0.0000076,0xC3,0x00
"SPI","result",0.0669539,0.0000076,0x1C,0x00
"SPI","result",0.0669629,0.0000076,0xE8,0x00
"SPI","result",0.0669719,0.0000076,0xCE,0x00
"SPI","result",0.0669809,0.0000076,0x17,0x00
"SPI","result",0.0669899,0.0000076,0x83,0x00
"SPI","result",0.0669989,0.0000076,0x3E,0x00
"SPI","result",0.0670079,0.0000076,0x27,0x00
"SPI","result",0.0670169,0.0000076,0x42,0x00
"SPI","result",0.0670259,0.0000076,0x61,0x00
"SPI","result",0.0670349,0.0000076,0x4D,0x00
"SPI","result",0.0670439,0.0000076,0xF4,0x00
"SPI","result",0.0670529,0.0000076,0x78,0x00
"SPI","result",0.0670619,0.0000076,0x46,0x00
"SPI","result",0.0670709,0.0000076,0x70,0x00
"SPI","result",0.0670799,0.0000076,0xC2,0x00
"SPI","result",0.0670889,0.0000076,0x8D,0x00
"SPI","result",0.0670979,0.0000076,0x6E,0x00
"SPI","result",0.0671069,0.0000076,0x04,0x00
"SPI","result",0.0671159,0.0000076,0x93,0x00
"SPI","result",0.0671249,0.0000076,0x93,0x00
"SPI","result",0.0671339,0.0000076,0x84,0x00
"SPI","result",0.0671429,0.0000076,0x86,0x00
"SPI","result",0.0671519,0.0000076,0x68,0x00
"SPI","result",0.0671609,0.0000076,0xBB,0x00
"SPI","result",0.0671699,0.0000076,0xA1,0x00
"SPI","result",0.0671789,0.0000076,0x5A,0x00
"SPI","result",0.0671879,0.0000076,0xAD,0x00
"SPI","result",0.0671969,0.0000076,0xAC,0x00
"SPI","result",0.0672059,0.0000076,0xFD,0x00
"SPI","result",0.0672149,0.0000076,0xB2,0x00
"SPI","result",0.0672239,0.0000076,0x80,0x00
"SPI","result",0.0672329,0.0000076,0x14,0x00
"SPI","result",0.0672419,0.0000076,0xDF,0x00
"SPI","result",0.0672509,0.0000076,0x34,0x00
"SPI","result",0.0672599,0.0000076,0x4C,0x00
"SPI","result",0.0672689,0.0000076,0x40,0x00
"SPI","result",0.0672779,0.0000076,0x7F,0x00
"SPI","result",0.0672869,0.0000076,0x4C,0x00
"SPI","result",0.0672959,0.0000076,0xD1,0x00
"SPI","result",0.0673049,0.0000076,0x3B,0x00
"SPI","result",0.0673139,0.0000076,0x46,0x00
"SPI","result",0.0673229,0.0000076,0xB0,0x00
"SPI","result",0.0673319,0.0000076,0x43,0x00
"SPI","result",0.0673409,0.0000076,0x05,0x00
"SPI","result",0.0673789,0.0000076,0x3F,0x00
"SPI","result",0.0673879,0.0000076,0xD4,0x00
"SPI","result",0.0673969,0.0000076,0x00,0x00
"SPI","result",0.0674059,0.0000076,0x24,0x00
"SPI","result",0.0674315,0.0000076,0x00,0x00
"SPI","result",0.0674413,0.0000076,0x00,0x00
"SPI","result",0.0674511,0.0000076,0x00,0x00
"SPI","result",0.0674609,0.0000076,0x00,0x00
"SPI","result",0.0674706,0.0000076,0x00,0x00
"SPI","result",0.0674804,0.0000076,0x00,0x00
"SPI","result",0.0674902,0.0000076,0x00,0x00
"SPI","result",0.0674999,0.0000076,0x00,0x00
"SPI","result",0.0675096,0.0000076,0x00,0x00
"SPI","result",0.0675193,0.0000076,0x00,0x00
"SPI","result",0.0675291,0.0000076,0x00,0x01
"SPI","result",0.0675393,0.0000076,0x27,0x00
"SPI","result",0.0675483,0.0000076,0x7C,0x00
"SPI","result",0.0675573,0.0000076,0x37,0x00
"SPI","result",0.0675663,0.0000076,0xA7,0x00
"SPI","result",0.0675753,0.0000076,0x3B,0x00
"SPI","result",0.0675843,0.0000076,0x5B,0x00
"SPI","result",0.0675933,0.0000076,0x50,0x00
"SPI","result",0.0676023,0.0000076,0xC4,0x00
"SPI","result",0.0676113,0.0000076,0xC2,0x00
"SPI","result",0.0676203,0.0000076,0x80,0x00
"SPI","result",0.0676293,0.0000076,0x99,0x00
"SPI","result",0.0676383,0.0000076,0x46,0x00
"SPI","result",0.0676473,0.0000076,0x8C,0x00
"SPI","result",0.0676563,0.0000076,0x80,0x00
"SPI","result",0.0676653,0.0000076,0x34,0x00
"SPI","result",0.0676743,0.0000076,0x7D,0x00
"SPI","result",0.0676833,0.0000076,0xCD,0x00
"SPI","result",0.0676923,0.0000076,0x74,0x00
"SPI","result",0.0677013,0.0000076,0x58,0x00
"SPI","result",0.0677103,0.0000076,0x15,0x00
"SPI","result",0.0677193,0.0000076,0x4E,0x00
"SPI","result",0.0677283,0.0000076,0x64,0x00
"SPI","result",0.0677373,0.0000076,0x46,0x00
"SPI","result",0.0677463,0.0000076,0x3C,0x00
"SPI","result",0.0677553,0.0000076,0x4F,0x00
"SPI","result",0.0677643,0.0000076,0x1D,0x00
"SPI","result",0.0677733,0.0000076,0x0A,0x00
"SPI","result",0.0677823,0.0000076,0xE0,0x00
"SPI","result",0.0677913,0.0000076,0x9B,0x00
"SPI","result",0.0678003,0.0000076,0xB9,0x00
"SPI","result",0.0678093,0.0000076,0xF9,0x00
"SPI","result",0.0678183,0.0000076,0x49,0x00
"SPI","result",0.0678273,0.0000076,0xF6,0x00
"SPI","result",0.0678363,0.0000076,0x2A,0x00
"SPI","result",0.0678453,0.0000076,0x42,0x00
"SPI","result",0.0678543,0.0000076,0x20,0x00
"SPI","result",0.0678633,0.0000076,0xDC,0x00
"SPI","result",0.0678723,0.0000076,0x21,0x00
"SPI","result",0.0678813,0.0000076,0x01,0x00
"SPI","result",0.0678903,0.0000076,0x36,0x00
"SPI","result",0.0678993,0.0000076,0x5A,0x00
"SPI","result",0.0679083,0.0000076,0xE7,0x00
"SPI","result",0.0679173,0.0000076,0x5E,0x00
"SPI","result",0.0679263,0.0000076,0xA8,0x00
"SPI","result",0.0679353,0.0000076,0xD8,0x00
"SPI","result",0.0679443,0.0000076,0x79,0x00
"SPI","result",0.0679533,0.0000076,0xF6,0x00
"SPI","result",0.0679623,0.0000076,0xF2,0x00
"SPI","result",0.0679713,0.0000076,0xD4,0x00
"SPI","result",0.0679803,0.0000076,0x86,0x00
"SPI","result",0.0679893,0.0000076,0xF0,0x00
"SPI","result",0.0679983,0.0000076,0x69,0x00
"SPI","result",0.0680073,0.0000076,0xD5,0x00
"SPI","result",0.0680163,0.0000076,0xC9,0x00
"SPI","result",0.0680253,0.0000076,0xE4,0x00
"SPI","result",0.0680343,0.0000076,0xEE,0x00
"SPI","result",0.0680433,0.0000076,0x00,0x00
"SPI","result",0.0680523,0.0000076,0x20,0x00
"SPI","result",0.0680613,0.0000076,0x9C,0x00
"SPI","result",0.0680703,0.0000076,0xE7,0x00
"SPI","result",0.0680793,0.0000076,0xFA,0x00
"SPI","result",0.0680883,0.0000076,0xFE,0x00
"SPI","result",0.0680973,0.0000076,0x28,0x00
"SPI","result",0.0681063,0.0000076,0xA3,0x00
"SPI","result",0.0681461,0.0000076,0x3F,0x00
"SPI","result",0.0681551,0.0000076,0xD4,0x00
"SPI","result",0.0681641,0.0000076,0x00,0x00
"SPI","result",0.0681731,0.0000076,0x24,0x00
"SPI","result",0.06819,0.0000076,0x00,0x00
"SPI","result",0.0681999,0.0000076,0x00,0x00
"SPI","result",0.0682096,0.0000076,0x00,0x00
"SPI","result",0.0682193,0.0000076,0x00,0x00
"SPI","result",0.0682291,0.0000076,0x00,0x00
"SPI","result",0.0682389,0.0000076,0x00,0x00
"SPI","result",0.0682486,0.0000076,0x00,0x00
"SPI","result",0.0682585,0.0000076,0x00,0x00
"SPI","result",0.0682682,0.0000076,0x00,0x00
"SPI","result",0.068278,0.0000076,0x00,0x00
"SPI","result",0.0682877,0.0000076,0x00,0x00
"SPI","result",0.0682975,0.0000076,0x00,0x00
"SPI","result",0.0683072,0.0000076,0x00,0x00
"SPI","result",0.0683169,0.0000076,0x00,0x00
"SPI","result",0.0683267,0.0000076,0x00,0x01
"SPI","result",0.0683373,0.0000076,0xD2,0x00
"SPI","result",0.0683463,0.0000076,0x38,0x00
"SPI","result",0.0683553,0.0000076,0x78,0x00
"SPI","result",0.0683643,0.0000076,0x4D,0x00
"SPI","result",0.0683733,0.0000076,0xE4,0x00
"SPI","result",0.0683823,0.0000076,0x44,0x00
"SPI","result",0.0683913,0.0000076,0x40,0x00
"SPI","result",0.0684003,0.0000076,0x6F,0x00
"SPI","result",0.0684093,0.0000076,0x90,0x00
"SPI","result",0.0684183,0.0000076,0x26,0x00
"SPI","result",0.0684273,0.0000076,0xDD,0x00
"SPI","result",0.0684363,0.0000076,0x44,0x00
"SPI","result",0.0684453,0.0000076,0x34,0x00
"SPI","result",0.0684543,0.0000076,0x6F,0x00
"SPI","result",0.0684633,0.0000076,0x87,0x00
"SPI","result",0.0684723,0.0000076,0x83,0x00
"SPI","result",0.0684813,0.0000076,0x3F,0x00
"SPI","result",0.0684903,0.0000076,0xB7,0x00
"SPI","result",0.0684993,0.0000076,0x9B,0x00
"SPI","result",0.0685083,0.0000076,0x05,0x00
"SPI","result",0.0685173,0.0000076,0xAB,0x00
"SPI","result",0.0685263,0.0000076,0x54,0x00
"SPI","result",0.0685353,0.0000076,0x46,0x00
"SPI","result",0.0685443,0.0000076,0xCF,0x00
"SPI","result",0.0685533,0.0000076,0x94,0x00
"SPI","result",0.0685623,0.0000076,0x96,0x00
"SPI","result",0.0685713,0.0000076,0x69,0x00
"SPI","result",0.0685803,0.0000076,0x20,0x00
"SPI","result",0.0685893,0.0000076,0x05,0x00
"SPI","result",0.0685983,0.0000076,0x49,0x00
"SPI","result",0.0686073,0.0000076,0xEA,0x00
"SPI","result",0.0686163,0.0000076,0x04,0x00
"SPI","result",0.0686253,0.0000076,0x67,0x00
"SPI","result",0.0686343,0.0000076,0xCD,0x00
"SPI","result",0.0686433,0.0000076,0x0D,0x00
"SPI","result",0.0686523,0.0000076,0x94,0x00
"SPI","result",0.0686613,0.0000076,0x03,0x00
"SPI","result",0.0686703,0.0000076,0x7F,0x00
"SPI","result",0.0686793,0.0000076,0x76,0x00
"SPI","result",0.0686883,0.0000076,0x1E,0x00
"SPI","result",0.0686973,0.0000076,0xBF,0x00
"SPI","result",0.0687063,0.0000076,0xF6,0x00
"SPI","result",0.0687153,0.0000076,0x84,0x00
"SPI","result",0.0687243,0.0000076,0x08,0x00
"SPI","result",0.0687332,0.0000077,0x86,0x00
"SPI","result",0.0687422,0.0000077,0x1F,0x00
"SPI","result",0.0687512,0.0000077,0x47,0x00
"SPI","result",0.0687602,0.0000077,0xA3,0x00
"SPI","result",0.0687692,0.0000077,0x2A,0x00
"SPI","result",0.0687782,0.0000077,0xB9,0x00
"SPI","result",0.0687872,0.0000077,0x96,0x00
"SPI","result",0.0687962,0.0000077,0x26,0x00
"SPI","result",0.0688052,0.0000077,0xF3,0x00
"SPI","result",0.0688142,0.0000077,0x81,0x00
"SPI","result",0.0688232,0.0000077,0xAB,0x00
"SPI","result",0.0688322,0.0000077,0x51,0x00
"SPI","result",0.0688412,0.0000077,0x33,0x00
"SPI","result",0.0688502,0.0000077,0x38,0x00
"SPI","result",0.0688592,0.0000077,0xDD,0x00
"SPI","result",0.0688682,0.0000077,0xAE,0x00
"SPI","result",0.0688772,0.0000077,0x70,0x00
"SPI","result",0.0688862,0.0000077,0x1D,0x00
"SPI","result",0.0688952,0.0000077,0xF1,0x00
"SPI","result",0.0689042,0.0000077,0x91,0x00
"SPI","result",0.0689325,0.0000076,0x3F,0x00
"SPI","result",0.0689415,0.0000076,0xD4,0x00
"SPI","result",0.0689505,0.0000076,0x00,0x00
"SPI","result",0.0689595,0.0000076,0x24,0x00
"SPI","result",0.0689756,0.0000076,0x00,0x00
"SPI","result",0.0689853,0.0000076,0x00,0x00
"SPI","result",0.0689951,0.0000076,0x00,0x00
"SPI","result",0.0690048,0.0000076,0x00,0x00
"SPI","result",0.0690145,0.0000076,0x00,0x00
"SPI","result",0.0690243,0.0000076,0x00,0x00
"SPI","result",0.069034,0.0000076,0x00,0x00
"SPI","result",0.0690438,0.0000076,0x00,0x00
"SPI","result",0.0690535,0.0000076,0x00,0x00
"SPI","result",0.0690632,0.0000076,0x00,0x00
"SPI","result",0.0690729,0.0000076,0x00,0x00
"SPI","result",0.0690827,0.0000076,0x00,0x01
"SPI","result",0.0690925,0.0000076,0xAA,0x00
"SPI","result",0.0691015,0.0000076,0xD1,0x00
"SPI","result",0.0691105,0.0000076,0x96,0x00
"SPI","result",0.0691195,0.0000076,0x2E,0x00
"SPI","result",0.0691285,0.0000076,0x25,0x00
"SPI","result",0.0691375,0.0000076,0xE6,0x00
"SPI","result",0.0691465,0.0000076,0xBF,0x00
"SPI","result",0.0691555,0.0000076,0x6D,0x00
"SPI","result",0.0691645,0.0000076,0xAC,0x00
"SPI","result",0.0691735,0.0000076,0xC3,0x00
"SPI","result",0.0691825,0.0000076,0x3A,0x00
"SPI","result",0.0691915,0.0000076,0x21,0x00
"SPI","result",0.0692005,0.0000076,0x12,0x00
"SPI","result",0.0692095,0.0000076,0xA2,0x00
"SPI","result",0.0692185,0.0000076,0x91,0x00
"SPI","result",0.0692275,0.0000076,0xE3,0x00
"SPI","result",0.0692365,0.0000076,0x3C,0x00
"SPI","result",0.0692455,0.0000076,0x0E,0x00
"SPI","result",0.0692545,0.0000076,0x99,0x00
"SPI","result",0.0692635,0.0000076,0x5A,0x00
"SPI","result",0.0692725,0.0000076,0x2F,0x00
"SPI","result",0.0692815,0.0000076,0xF8,0x00
"SPI","result",0.0692905,0.0000076,0x12,0x00
"SPI","result",0.0692995,0.0000076,0x2C,0x00
"SPI","result",0.0693085,0.0000076,0xF1,0x00
"SPI","result",0.0693175,0.0000076,0x08,0x00
"SPI","result",0.0693265,0.0000076,0x01,0x00
"SPI","result",0.0693355,0.0000076,0x78,0x00
"SPI","result",0.0693445,0.0000076,0x34,0x00
"SPI","result",0.0693535,0.0000076,0xF0,0x00
"SPI","result",0.0693625,0.0000076,0x95,0x00
"SPI","result",0.0693715,0.0000076,0x59,0x00
"SPI","result",0.0693805,0.0000076,0xB3,0x00
"SPI","result",0.0693895,0.0000076,0xB8,0x00
"SPI","result",0.0693985,0.0000076,0x5D,0x00
"SPI","result",0.0694075,0.0000076,0xBD,0x00
"SPI","result",0.0694165,0.0000076,0xFF,0x00
"SPI","result",0.0694255,0.0000076,0x43,0x00
"SPI","result",0.0694345,0.0000076,0x9A,0x00
"SPI","result",0.0694435,0.0000076,0x54,0x00
"SPI","result",0.0694525,0.0000076,0x32,0x00
"SPI","result",0.0694615,0.0000076,0x56,0x00
"SPI","result",0.0694705,0.0000076,0x7B,0x00
"SPI","result",0.0694795,0.0000076,0xB8,0x00
"SPI","result",0.0694885,0.0000076,0x22,0x00
"SPI","result",0.0694975,0.0000076,0xE6,0x00
"SPI","result",0.0695065,0.0000076,0x2E,0x00
"SPI","result",0.0695155,0.0000076,0x61,0x00
"SPI","result",0.0695245,0.0000076,0xB0,0x00
"SPI","result",0.0695335,0.0000076,0xFF,0x00
"SPI","result",0.0695425,0.0000076,0x68,0x00
"SPI","result",0.0695515,0.0000076,0x92,0x00
"SPI","result",0.0695605,0.0000076,0x71,0x00
"SPI","result",0.0695695,0.0000076,0x37,0x00
"SPI","result",0.0695785,0.0000076,0x04,0x00
"SPI","result",0.0695875,0.0000076,0x1C,0x00
"SPI","result",0.0695965,0.0000076,0xE7,0x00
"SPI","result",0.0696055,0.0000076,0x5F,0x00
"SPI","result",0.0696145,0.0000076,0x81,0x00
"SPI","result",0.0696235,0.0000076,0x94,0x00
"SPI","result",0.0696325,0.0000076,0x41,0x00
"SPI","result",0.0696415,0.0000076,0x61,0x00
"SPI","result",0.0696505,0.0000076,0xE8,0x00
"SPI","result",0.0696595,0.0000076,0x79,0x00
"SPI","result",0.0696953,0.0000076,0x80,0x00
"SPI","result",0.0697043,0.0000076,0xD4,0x00
"SPI","result",0.0697133,0.0000076,0x00,0x00
"SPI","result",0.0697223,0.0000076,0x18,0x00
"SPI","result",0.0697425,0.0000076,0x00,0x00
"SPI","result",0.0697522,0.0000076,0x00,0x00
"SPI","result",0.069762,0.0000076,0x00,0x00
"SPI","result",0.0697717,0.0000076,0x00,0x00
"SPI","result",0.0697815,0.0000076,0x00,0x00
"SPI","result",0.0697913,0.0000076,0x00,0x00
"SPI","result",0.069801,0.0000076,0x00,0x00
"SPI","result",0.0698108,0.0000076,0x00,0x00
"SPI","result",0.0698205,0.0000076,0x00,0x00
"SPI","result",0.0698303,0.0000076,0x00,0x00
"SPI","result",0.06984,0.0000076,0x00,0x00
"SPI","result",0.0698498,0.0000076,0x00,0x01
"SPI","result",0.0698595,0.0000076,0x00,0x8C
"SPI","result",0.0698754,0.0000076,0x80,0x00
"SPI","result",0.0698844,0.0000076,0xD4,0x00
"SPI","result",0.0698934,0.0000076,0x00,0x00
"SPI","result",0.0699024,0.0000076,0x18,0x00
"SPI","result",0.0701011,0.0000076,0x00,0x00
"SPI","result",0.0701111,0.0000076,0x00,0x00
"SPI","result",0.0701209,0.0000076,0x00,0x00
"SPI","result",0.0701306,0.0000076,0x00,0x00
"SPI","result",0.0701404,0.0000076,0x00,0x00
"SPI","result",0.0701501,0.0000076,0x00,0x00
"SPI","result",0.0701598,0.0000076,0x00,0x00
"SPI","result",0.0701695,0.0000076,0x00,0x00
"SPI","result",0.0701792,0.0000076,0x00,0x00
"SPI","result",0.0701889,0.0000076,0x00,0x00
"SPI","result",0.0701986,0.0000076,0x00,0x01
"SPI","result",0.0702086,0.0000076,0x00,0x8C
"SPI","result",0.0702267,0.0000077,0x83,0x00
"SPI","result",0.0702357,0.0000077,0xD4,0x00
"SPI","result",0.0702447,0.0000077,0x00,0x00
"SPI","result",0.0702537,0.0000077,0x18,0x00
"SPI","result",0.070276,0.0000076,0x00,0x00
"SPI","result",0.0702859,0.0000076,0x00,0x00
"SPI","result",0.0702956,0.0000076,0x00,0x00
"SPI","result",0.0703054,0.0000076,0x00,0x00
"SPI","result",0.0703152,0.0000076,0x00,0x00
"SPI","result",0.0703248,0.0000076,0x00,0x00
"SPI","result",0.0703345,0.0000076,0x00,0x00
"SPI","result",0.0703442,0.0000076,0x00,0x00
"SPI","result",0.0703539,0.0000076,0x00,0x00
"SPI","result",0.0703636,0.0000076,0x00,0x00
"SPI","result",0.0703733,0.0000076,0x00,0x01
"SPI","result",0.070383,0.0000076,0x00,0x04
"SPI","result",0.070392,0.0000076,0x00,0x00
"SPI","result",0.070401,0.0000076,0x00,0x01
"SPI","result",0.07041,0.0000076,0x00,0x8C
"SPI","result",0.0704323,0.0000076,0x3F,0x00
"SPI","result",0.0704413,0.0000076,0xD4,0x00
"SPI","result",0.0704503,0.0000076,0x00,0x00
"SPI","result",0.0704593,0.0000076,0x24,0x00
"SPI","result",0.0707313,0.0000076,0x00,0x00
"SPI","result",0.070741,0.0000076,0x00,0x00
"SPI","result",0.0707508,0.0000076,0x00,0x00
"SPI","result",0.0707605,0.0000076,0x00,0x00
"SPI","result",0.0707702,0.0000076,0x00,0x00
"SPI","result",0.0707799,0.0000076,0x00,0x00
"SPI","result",0.0707899,0.0000076,0x00,0x00
"SPI","result",0.0708002,0.0000076,0x00,0x00
"SPI","result",0.07081,0.0000076,0x00,0x00
"SPI","result",0.0708197,0.0000076,0x00,0x00
"SPI","result",0.0708294,0.0000076,0x00,0x01
"SPI","result",0.0708394,0.0000076,0x14,0x00
"SPI","result",0.0708484,0.0000076,0xAE,0x00
"SPI","result",0.0708574,0.0000076,0x07,0x00
"SPI","result",0.0708664,0.0000076,0xA4,0x00
"SPI","result",0.0708754,0.0000076,0x34,0x00
"SPI","result",0.0708844,0.0000076,0x2A,0x00
"SPI","result",0.0708934,0.0000076,0x3C,0x00
"SPI","result",0.0709024,0.0000076,0xEB,0x00
"SPI","result",0.0709114,0.0000076,0xC1,0x00
"SPI","result",0.0709204,0.0000076,0xDD,0x00
"SPI","result",0.0709294,0.0000076,0xC4,0x00
"SPI","result",0.0709384,0.0000076,0x14,0x00
"SPI","result",0.0709474,0.0000076,0x53,0x00
"SPI","result",0.0709564,0.0000076,0x8E,0x00
"SPI","result",0.0709654,0.0000076,0xF9,0x00
"SPI","result",0.0709744,0.0000076,0xBD,0x00
"SPI","result",0.0709834,0.0000076,0xAC,0x00
"SPI","result",0.0709924,0.0000076,0xD9,0x00
"SPI","result",0.0710014,0.0000076,0xB1,0x00
"SPI","result",0.0710104,0.0000076,0x8C,0x00
"SPI","result",0.0710194,0.0000076,0x09,0x00
"SPI","result",0.0710284,0.0000076,0x64,0x00
"SPI","result",0.0710374,0.0000076,0x15,0x00
"SPI","result",0.0710464,0.0000076,0x6E,0x00
"SPI","result",0.0710554,0.0000076,0x3C,0x00
"SPI","result",0.0710644,0.0000076,0x5A,0x00
"SPI","result",0.0710734,0.0000076,0x8A,0x00
"SPI","result",0.0710824,0.0000076,0x24,0x00
"SPI","result",0.0710914,0.0000076,0xB0,0x00
"SPI","result",0.0711004,0.0000076,0x66,0x00
"SPI","result",0.0711094,0.0000076,0x75,0x00
"SPI","result",0.0711184,0.0000076,0xA9,0x00
"SPI","result",0.0711274,0.0000076,0x22,0x00
"SPI","result",0.0711364,0.0000076,0x24,0x00
"SPI","result",0.0711454,0.0000076,0x47,0x00
"SPI","result",0.0711544,0.0000076,0x9C,0x00
"SPI","result",0.0711634,0.0000076,0xF5,0x00
"SPI","result",0.0711724,0.0000076,0x68,0x00
"SPI","result",0.0711814,0.0000076,0xC2,0x00
"SPI","result",0.0711904,0.0000076,0x4B,0x00
"SPI","result",0.0711994,0.0000076,0xC0,0x00
"SPI","result",0.0712084,0.0000076,0x13,0x00
"SPI","result",0.0712174,0.0000076,0xBD,0x00
"SPI","result",0.0712264,0.0000076,0x4C,0x00
"SPI","result",0.0712354,0.0000076,0xEE,0x00
"SPI","result",0.0712444,0.0000076,0xD9,0x00
"SPI","result",0.0712534,0.0000076,0x23,0x00
"SPI","result",0.0712624,0.0000076,0xCA,0x00
"SPI","result",0.0712714,0.0000076,0xAE,0x00
"SPI","result",0.0712804,0.0000076,0x67,0x00
"SPI","result",0.0712894,0.0000076,0x97,0x00
"SPI","result",0.0712984,0.0000076,0x59,0x00
"SPI","result",0.0713074,0.0000076,0x7E,0x00
"SPI","result",0.0713164,0.0000076,0x70,0x00
"SPI","result",0.0713254,0.0000076,0xB2,0x00
"SPI","result",0.0713344,0.0000076,0xBB,0x00
"SPI","result",0.0713434,0.0000076,0x4C,0x00
"SPI","result",0.0713524,0.0000076,0xC1,0x00
"SPI","result",0.0713614,0.0000076,0xCA,0x00
"SPI","result",0.0713704,0.0000076,0x5D,0x00
"SPI","result",0.0713794,0.0000076,0x4B,0x00
"SPI","result",0.0713884,0.0000076,0x75,0x00
"SPI","result",0.0713974,0.0000076,0x42,0x00
"SPI","result",0.0714064,0.0000076,0x77,0x00
"SPI","result",0.0714321,0.0000076,0x3F,0x00
"SPI","result",0.0714411,0.0000076,0xD4,0x00
"SPI","result",0.0714501,0.0000076,0x00,0x00
"SPI","result",0.0714591,0.0000076,0x24,0x00
"SPI","result",0.0714747,0.0000076,0x00,0x00
"SPI","result",0.0714845,0.0000076,0x00,0x00
"SPI","result",0.0714942,0.0000076,0x00,0x00
"SPI","result",0.0715039,0.0000076,0x00,0x00
"SPI","result",0.0715136,0.0000076,0x00,0x00
"SPI","result",0.0715234,0.0000076,0x00,0x00
"SPI","result",0.0715331,0.0000076,0x00,0x00
"SPI","result",0.0715428,0.0000076,0x00,0x00
"SPI","result",0.0715525,0.0000076,0x00,0x00
"SPI","result",0.0715622,0.0000076,0x00,0x00
"SPI","result",0.0715719,0.0000076,0x00,0x01
"SPI","result",0.0715819,0.0000076,0x3B,0x00
"SPI","result",0.0715909,0.0000076,0xB7,0x00
"SPI","result",0.0715999,0.0000076,0x7A,0x00
"SPI","result",0.0716089,0.0000076,0x16,0x00
"SPI","result",0.0716179,0.0000076,0xB2,0x00
"SPI","result",0.0716269,0.0000076,0x27,0x00
"SPI","result",0.0716359,0.0000076,0x39,0x00
"SPI","result",0.0716449,0.0000076,0xF8,0x00
"SPI","result",0.0716539,0.0000076,0x4B,0x00
"SPI","result",0.0716629,0.0000076,0x22,0x00
"SPI","result",0.0716719,0.0000076,0xE3,0x00
"SPI","result",0.0716809,0.0000076,0x05,0x00
"SPI","result",0.0716899,0.0000076,0xFC,0x00
"SPI","result",0.0716989,0.0000076,0xD9,0x00
"SPI","result",0.0717079,0.0000076,0x7A,0x00
"SPI","result",0.0717169,0.0000076,0xCC,0x00
"SPI","result",0.0717259,0.0000076,0xC8,0x00
"SPI","result",0.0717349,0.0000076,0x2C,0x00
"SPI","result",0.0717439,0.0000076,0x9D,0x00
"SPI","result",0.0717529,0.0000076,0x16,0x00
"SPI","result",0.0717619,0.0000076,0xB3,0x00
"SPI","result",0.0717709,0.0000076,0xB2,0x00
"SPI","result",0.0717799,0.0000076,0x90,0x00
"SPI","result",0.0717889,0.0000076,0xE9,0x00
"SPI","result",0.0717979,0.0000076,0x81,0x00
"SPI","result",0.0718069,0.0000076,0xDB,0x00
"SPI","result",0.0718159,0.0000076,0x6E,0x00
"SPI","result",0.0718249,0.0000076,0xB1,0x00
"SPI","result",0.0718339,0.0000076,0x1A,0x00
"SPI","result",0.0718429,0.0000076,0x13,0x00
"SPI","result",0.0718519,0.0000076,0x13,0x00
"SPI","result",0.0718609,0.0000076,0x93,0x00
"SPI","result",0.0718699,0.0000076,0x75,0x00
"SPI","result",0.0718789,0.0000076,0xED,0x00
"SPI","result",0.0718879,0.0000076,0xDA,0x00
"SPI","result",0.0718969,0.0000076,0xC5,0x00
"SPI","result",0.0719059,0.0000076,0x89,0x00
"SPI","result",0.0719149,0.0000076,0x0B,0x00
"SPI","result",0.0719239,0.0000076,0x55,0x00
"SPI","result",0.0719329,0.0000076,0xF2,0x00
"SPI","result",0.0719419,0.0000076,0x95,0x00
"SPI","result",0.0719509,0.0000076,0xCE,0x00
"SPI","result",0.0719599,0.0000076,0x0F,0x00
"SPI","result",0.0719689,0.0000076,0x04,0x00
"SPI","result",0.0719779,0.0000076,0x74,0x00
"SPI","result",0.0719869,0.0000076,0xE8,0x00
"SPI","result",0.0719959,0.0000076,0x01,0x00
"SPI","result",0.0720049,0.0000076,0x05,0x00
"SPI","result",0.0720139,0.0000076,0x36,0x00
"SPI","result",0.0720229,0.0000076,0x57,0x00
"SPI","result",0.0720319,0.0000076,0xD7,0x00
"SPI","result",0.0720409,0.0000076,0xE8,0x00
"SPI","result",0.0720499,0.0000076,0xFF,0x00
"SPI","result",0.0720589,0.0000076,0x1E,0x00
"SPI","result",0.0720679,0.0000076,0x5C,0x00
"SPI","result",0.0720769,0.0000076,0x01,0x00
"SPI","result",0.0720859,0.0000076,0x3B,0x00
"SPI","result",0.0720949,0.0000076,0x3D,0x00
"SPI","result",0.0721039,0.0000076,0x85,0x00
"SPI","result",0.0721129,0.0000076,0x92,0x00
"SPI","result",0.0721219,0.0000076,0xFD,0x00
"SPI","result",0.0721309,0.0000076,0xCE,0x00
"SPI","result",0.0721399,0.0000076,0x3E,0x00
"SPI","result",0.0721489,0.0000076,0x3D,0x00
"SPI","result",0.0721732,0.0000076,0x3F,0x00
"SPI","result",0.0721822,0.0000076,0xD4,0x00
"SPI","result",0.0721912,0.0000076,0x00,0x00
"SPI","result",0.0722002,0.0000076,0x24,0x00
"SPI","result",0.0722154,0.0000076,0x00,0x00
"SPI","result",0.0722252,0.0000076,0x00,0x00
"SPI","result",0.072235,0.0000076,0x00,0x00
"SPI","result",0.0722447,0.0000076,0x00,0x00
"SPI","result",0.0722544,0.0000076,0x00,0x00
"SPI","result",0.0722641,0.0000076,0x00,0x00
"SPI","result",0.0722739,0.0000076,0x00,0x00
"SPI","result",0.0722836,0.0000076,0x00,0x00
"SPI","result",0.0722933,0.0000076,0x00,0x00
"SPI","result",0.072303,0.0000076,0x00,0x00
"SPI","result",0.0723127,0.0000076,0x00,0x00
"SPI","result",0.0723224,0.0000076,0x00,0x00
"SPI","result",0.0723321,0.0000076,0x00,0x01
"SPI","result",0.0723421,0.0000076,0x94,0x00
"SPI","result",0.0723511,0.0000076,0x76,0x00
"SPI","result",0.0723601,0.0000076,0xE9,0x00
"SPI","result",0.0723691,0.0000076,0xB1,0x00
"SPI","result",0.0723781,0.0000076,0x3D,0x00
"SPI","result",0.0723871,0.0000076,0xB8,0x00
"SPI","result",0.0723961,0.0000076,0xCD,0x00
"SPI","result",0.0724051,0.0000076,0xCC,0x00
"SPI","result",0.0724141,0.0000076,0x08,0x00
"SPI","result",0.0724231,0.0000076,0x06,0x00
"SPI","result",0.0724321,0.0000076,0xEB,0x00
"SPI","result",0.0724411,0.0000076,0x7B,0x00
"SPI","result",0.0724501,0.0000076,0xF5,0x00
"SPI","result",0.0724591,0.0000076,0x88,0x00
"SPI","result",0.0724681,0.0000076,0xDB,0x00
"SPI","result",0.0724771,0.0000076,0xE5,0x00
"SPI","result",0.0724861,0.0000076,0x93,0x00
"SPI","result",0.0724951,0.0000076,0x41,0x00
"SPI","result",0.0725041,0.0000076,0xC2,0x00
"SPI","result",0.0725131,0.0000076,0x29,0x00
"SPI","result",0.0725221,0.0000076,0xAB,0x00
"SPI","result",0.0725311,0.0000076,0x87,0x00
"SPI","result",0.07254,0.0000077,0xB8,0x00
"SPI","result",0.0725491,0.0000076,0x93,0x00
"SPI","result",0.072558,0.0000077,0x3D,0x00
"SPI","result",0.072567,0.0000077,0xC3,0x00
"SPI","result",0.072576,0.0000077,0x74,0x00
"SPI","result",0.072585,0.0000077,0x61,0x00
"SPI","result",0.072594,0.0000077,0x85,0x00
"SPI","result",0.072603,0.0000077,0x47,0x00
"SPI","result",0.072612,0.0000077,0x8F,0x00
"SPI","result",0.072621,0.0000077,0x53,0x00
"SPI","result",0.07263,0.0000077,0x83,0x00
"SPI","result",0.072639,0.0000077,0xBD,0x00
"SPI","result",0.072648,0.0000077,0x61,0x00
"SPI","result",0.072657,0.0000077,0xC9,0x00
"SPI","result",0.072666,0.0000077,0x6D,0x00
"SPI","result",0.072675,0.0000077,0xE5,0x00
"SPI","result",0.072684,0.0000077,0x68,0x00
"SPI","result",0.072693,0.0000077,0x68,0x00
"SPI","result",0.072702,0.0000077,0xFC,0x00
"SPI","result",0.072711,0.0000077,0xBB,0x00
"SPI","result",0.07272,0.0000077,0x06,0x00
"SPI","result",0.072729,0.0000077,0xC2,0x00
"SPI","result",0.072738,0.0000077,0x5A,0x00
"SPI","result",0.072747,0.0000077,0x2A,0x00
"SPI","result",0.072756,0.0000077,0xB0,0x00
"SPI","result",0.072765,0.0000077,0xF2,0x00
"SPI","result",0.072774,0.0000077,0xE7,0x00
"SPI","result",0.072783,0.0000077,0x93,0x00
"SPI","result",0.072792,0.0000077,0x88,0x00
"SPI","result",0.072801,0.0000077,0x8B,0x00
"SPI","result",0.07281,0.0000077,0xB7,0x00
"SPI","result",0.072819,0.0000077,0x96,0x00
"SPI","result",0.072828,0.0000077,0x4D,0x00
"SPI","result",0.072837,0.0000076,0x30,0x00
"SPI","result",0.072846,0.0000077,0x25,0x00
"SPI","result",0.072855,0.0000076,0xCC,0x00
"SPI","result",0.072864,0.0000076,0x0D,0x00
"SPI","result",0.072873,0.0000076,0x4B,0x00
"SPI","result",0.072882,0.0000076,0xAA,0x00
"SPI","result",0.072891,0.0000076,0x31,0x00
"SPI","result",0.0729,0.0000076,0xDE,0x00
"SPI","result",0.072909,0.0000076,0xBA,0x00
"SPI","result",0.072933,0.0000076,0x3F,0x00
"SPI","result",0.072942,0.0000076,0xD4,0x00
"SPI","result",0.072951,0.0000076,0x00,0x00
"SPI","result",0.07296,0.0000076,0x24,0x00
"SPI","result",0.0729753,0.0000076,0x00,0x00
"SPI","result",0.0729851,0.0000076,0x00,0x00
"SPI","result",0.0729949,0.0000076,0x00,0x00
"SPI","result",0.0730046,0.0000076,0x00,0x00
"SPI","result",0.0730143,0.0000076,0x00,0x00
"SPI","result",0.073024,0.0000076,0x00,0x00
"SPI","result",0.0730338,0.0000076,0x00,0x00
"SPI","result",0.0730435,0.0000076,0x00,0x00
"SPI","result",0.0730532,0.0000076,0x00,0x00
"SPI","result",0.0730629,0.0000076,0x00,0x00
"SPI","result",0.0730725,0.0000076,0x00,0x00
"SPI","result",0.0730822,0.0000076,0x00,0x00
"SPI","result",0.0730919,0.0000076,0x00,0x01
"SPI","result",0.0731019,0.0000076,0xD5,0x00
"SPI","result",0.0731109,0.0000076,0x4F,0x00
"SPI","result",0.0731199,0.0000076,0x74,0x00
"SPI","result",0.0731289,0.0000076,0xC5,0x00
"SPI","result",0.0731379,0.0000076,0xA6,0x00
"SPI","result",0.0731469,0.0000076,0x82,0x00
"SPI","result",0.0731559,0.0000076,0xE7,0x00
"SPI","result",0.0731649,0.0000076,0xA1,0x00
"SPI","result",0.0731739,0.0000076,0x69,0x00
"SPI","result",0.0731829,0.0000076,0x66,0x00
"SPI","result",0.0731919,0.0000076,0xA3,0x00
"SPI","result",0.0732009,0.0000076,0x32,0x00
"SPI","result",0.0732099,0.0000076,0x76,0x00
"SPI","result",0.0732189,0.0000076,0xEF,0x00
"SPI","result",0.0732279,0.0000076,0x84,0x00
"SPI","result",0.0732369,0.0000076,0x8D,0x00
"SPI","result",0.0732459,0.0000076,0x32,0x00
"SPI","result",0.0732549,0.0000076,0xEF,0x00
"SPI","result",0.0732639,0.0000076,0x27,0x00
"SPI","result",0.0732729,0.0000076,0x51,0x00
"SPI","result",0.0732819,0.0000076,0x49,0x00
"SPI","result",0.0732909,0.0000076,0x4C,0x00
"SPI","result",0.0732999,0.0000076,0xB2,0x00
"SPI","result",0.0733089,0.0000076,0x07,0x00
"SPI","result",0.0733179,0.0000076,0x32,0x00
"SPI","result",0.0733269,0.0000076,0x0F,0x00
"SPI","result",0.0733359,0.0000076,0x53,0x00
"SPI","result",0.0733449,0.0000076,0x6D,0x00
"SPI","result",0.0733539,0.0000076,0x73,0x00
"SPI","result",0.0733629,0.0000076,0x1A,0x00
"SPI","result",0.0733719,0.0000076,0x1A,0x00
"SPI","result",0.0733809,0.0000076,0x67,0x00
"SPI","result",0.0733899,0.0000076,0xDD,0x00
"SPI","result",0.0733989,0.0000076,0x66,0x00
"SPI","result",0.0734079,0.0000076,0xEC,0x00
"SPI","result",0.0734169,0.0000076,0x10,0x00
"SPI","result",0.0734259,0.0000076,0x04,0x00
"SPI","result",0.0734349,0.0000076,0xCD,0x00
"SPI","result",0.0734439,0.0000076,0x74,0x00
"SPI","result",0.0734529,0.0000076,0x9A,0x00
"SPI","result",0.0734619,0.0000076,0xF0,0x00
"SPI","result",0.0734709,0.0000076,0xB4,0x00
"SPI","result",0.0734799,0.0000076,0xD8,0x00
"SPI","result",0.0734889,0.0000076,0x1B,0x00
"SPI","result",0.0734979,0.0000076,0xA2,0x00
"SPI","result",0.0735069,0.0000076,0xC7,0x00
"SPI","result",0.0735159,0.0000076,0x0F,0x00
"SPI","result",0.0735249,0.0000076,0xCC,0x00
"SPI","result",0.0735339,0.0000076,0xFC,0x00
"SPI","result",0.0735429,0.0000076,0x5C,0x00
"SPI","result",0.0735519,0.0000076,0x7D,0x00
"SPI","result",0.0735609,0.0000076,0x65,0x00
"SPI","result",0.0735699,0.0000076,0xAB,0x00
"SPI","result",0.0735789,0.0000076,0x9D,0x00
"SPI","result",0.0735879,0.0000076,0x09,0x00
"SPI","result",0.0735969,0.0000076,0xFC,0x00
"SPI","result",0.0736059,0.0000076,0x85,0x00
"SPI","result",0.0736149,0.0000076,0x58,0x00
"SPI","result",0.0736239,0.0000076,0xD6,0x00
"SPI","result",0.0736329,0.0000076,0xF8,0x00
"SPI","result",0.0736419,0.0000076,0x09,0x00
"SPI","result",0.0736509,0.0000076,0xA8,0x00
"SPI","result",0.0736599,0.0000076,0x1B,0x00
"SPI","result",0.0736688,0.0000077,0xE5,0x00
"SPI","result",0.0736947,0.0000076,0x80,0x00
"SPI","result",0.0737037,0.0000076,0xD4,0x00
"SPI","result",0.0737127,0.0000076,0x00,0x00
"SPI","result",0.0737217,0.0000076,0x18,0x00
"SPI","result",0.0737374,0.0000076,0x00,0x00
"SPI","result",0.0737471,0.0000076,0x00,0x00
"SPI","result",0.0737569,0.0000076,0x00,0x00
"SPI","result",0.0737666,0.0000076,0x00,0x00
"SPI","result",0.0737763,0.0000076,0x00,0x00
"SPI","result",0.073786,0.0000076,0x00,0x00
"SPI","result",0.0737958,0.0000076,0x00,0x00
"SPI","result",0.0738055,0.0000076,0x00,0x00
"SPI","result",0.0738152,0.0000076,0x00,0x00
"SPI","result",0.0738249,0.0000076,0x00,0x00
"SPI","result",0.0738346,0.0000076,0x00,0x00
"SPI","result",0.0738443,0.0000076,0x00,0x00
"SPI","result",0.073854,0.0000076,0x00,0x01
"SPI","result",0.0738638,0.0000076,0x00,0x8C
"SPI","result",0.0738797,0.0000076,0x80,0x00
"SPI","result",0.0738887,0.0000076,0xD4,0x00
"SPI","result",0.0738977,0.0000076,0x00,0x00
"SPI","result",0.0739067,0.0000076,0x18,0x00
"SPI","result",0.0739219,0.0000077,0x00,0x00
"SPI","result",0.0739317,0.0000076,0x00,0x00
"SPI","result",0.0739415,0.0000076,0x00,0x00
"SPI","result",0.0739512,0.0000076,0x00,0x00
"SPI","result",0.0739609,0.0000076,0x00,0x00
"SPI","result",0.0739706,0.0000076,0x00,0x00
"SPI","result",0.0739804,0.0000076,0x00,0x00
"SPI","result",0.07399,0.0000076,0x00,0x00
"SPI","result",0.0740007,0.0000076,0x00,0x00
"SPI","result",0.0740104,0.0000076,0x00,0x00
"SPI","result",0.0740202,0.0000076,0x00,0x00
"SPI","result",0.0740299,0.0000076,0x00,0x00
"SPI","result",0.0740396,0.0000076,0x00,0x00
"SPI","result",0.0740493,0.0000076,0x00,0x00
"SPI","result",0.0740591,0.0000076,0x00,0x01
"SPI","result",0.0740688,0.0000076,0x00,0x8C
"SPI","result",0.0740848,0.0000076,0x83,0x00
"SPI","result",0.0740938,0.0000076,0xD4,0x00
"SPI","result",0.0741028,0.0000076,0x00,0x00
"SPI","result",0.0741118,0.0000076,0x18,0x00
"SPI","result",0.0741279,0.0000076,0x00,0x00
"SPI","result",0.0741376,0.0000076,0x00,0x00
"SPI","result",0.0741474,0.0000076,0x00,0x00
"SPI","result",0.0741572,0.0000076,0x00,0x00
"SPI","result",0.0741669,0.0000076,0x00,0x00
"SPI","result",0.0741766,0.0000076,0x00,0x00
"SPI","result",0.0741863,0.0000076,0x00,0x00
"SPI","result",0.074196,0.0000076,0x00,0x00
"SPI","result",0.0742057,0.0000076,0x00,0x00
"SPI","result",0.0742154,0.0000076,0x00,0x00
"SPI","result",0.0742251,0.0000076,0x00,0x00
"SPI","result",0.0742348,0.0000077,0x00,0x00
"SPI","result",0.0742445,0.0000077,0x00,0x00
"SPI","result",0.0742542,0.0000076,0x00,0x01
"SPI","result",0.0742639,0.0000076,0x00,0x04
"SPI","result",0.0742729,0.0000076,0x00,0x00
"SPI","result",0.0742819,0.0000076,0x00,0x01
"SPI","result",0.0742909,0.0000076,0x00,0x8C
"SPI","result",0.074312,0.0000076,0x3F,0x00
"SPI","result",0.074321,0.0000076,0xD4,0x00
"SPI","result",0.07433,0.0000076,0x00,0x00
"SPI","result",0.074339,0.0000076,0x24,0x00
"SPI","result",0.0743546,0.0000076,0x00,0x00
"SPI","result",0.0743643,0.0000076,0x00,0x00
"SPI","result",0.074374,0.0000076,0x00,0x00
"SPI","result",0.0743837,0.0000076,0x00,0x00
"SPI","result",0.0743935,0.0000076,0x00,0x00
"SPI","result",0.0744032,0.0000076,0x00,0x00
"SPI","result",0.0744129,0.0000076,0x00,0x00
"SPI","result",0.0744227,0.0000076,0x00,0x00
"SPI","result",0.0744324,0.0000076,0x00,0x00
"SPI","result",0.0744421,0.0000076,0x00,0x00
"SPI","result",0.0744531,0.0000076,0x00,0x01
"SPI","result",0.074463,0.0000076,0xD1,0x00
"SPI","result",0.074472,0.0000076,0x75,0x00
"SPI","result",0.074481,0.0000076,0x22,0x00
"SPI","result",0.07449,0.0000076,0x90,0x00
"SPI","result",0.074499,0.0000076,0xE2,0x00
"SPI","result",0.074508,0.0000076,0x86,0x00
"SPI","result",0.074517,0.0000076,0x7A,0x00
"SPI","result",0.074526,0.0000076,0xB2,0x00
"SPI","result",0.074535,0.0000076,0xFB,0x00
"SPI","result",0.074544,0.0000076,0xDA,0x00
"SPI","result",0.074553,0.0000076,0xF3,0x00
"SPI","result",0.074562,0.0000076,0x04,0x00
"SPI","result",0.074571,0.0000076,0x0B,0x00
"SPI","result",0.07458,0.0000076,0x58,0x00
"SPI","result",0.074589,0.0000076,0xB1,0x00
"SPI","result",0.074598,0.0000076,0x4A,0x00
"SPI","result",0.074607,0.0000076,0x07,0x00
"SPI","result",0.074616,0.0000076,0x9D,0x00
"SPI","result",0.074625,0.0000076,0x42,0x00
"SPI","result",0.074634,0.0000076,0xC7,0x00
"SPI","result",0.074643,0.0000076,0x25,0x00
"SPI","result",0.074652,0.0000076,0x9C,0x00
"SPI","result",0.074661,0.0000076,0x1E,0x00
"SPI","result",0.07467,0.0000076,0x85,0x00
"SPI","result",0.074679,0.0000076,0xF7,0x00
"SPI","result",0.074688,0.0000076,0x62,0x00
"SPI","result",0.074697,0.0000076,0xC4,0x00
"SPI","result",0.074706,0.0000076,0x68,0x00
"SPI","result",0.074715,0.0000076,0x74,0x00
"SPI","result",0.074724,0.0000076,0x15,0x00
"SPI","result",0.074733,0.0000076,0xEA,0x00
"SPI","result",0.074742,0.0000076,0x69,0x00
"SPI","result",0.074751,0.0000076,0x77,0x00
"SPI","result",0.07476,0.0000076,0x12,0x00
"SPI","result",0.074769,0.0000076,0x40,0x00
"SPI","result",0.074778,0.0000076,0x93,0x00
"SPI","result",0.074787,0.0000076,0x7E,0x00
"SPI","result",0.074796,0.0000076,0x80,0x00
"SPI","result",0.074805,0.0000076,0xD7,0x00
"SPI","result",0.074814,0.0000076,0x29,0x00
"SPI","result",0.074823,0.0000076,0xE6,0x00
"SPI","result",0.074832,0.0000076,0x11,0x00
"SPI","result",0.074841,0.0000076,0x0E,0x00
"SPI","result",0.07485,0.0000076,0xD1,0x00
"SPI","result",0.074859,0.0000076,0x13,0x00
"SPI","result",0.074868,0.0000076,0x2F,0x00
"SPI","result",0.074877,0.0000076,0x62,0x00
"SPI","result",0.074886,0.0000076,0x93,0x00
"SPI","result",0.074895,0.0000076,0xFF,0x00
"SPI","result",0.074904,0.0000076,0x7E,0x00
"SPI","result",0.074913,0.0000076,0xD5,0x00
"SPI","result",0.074922,0.0000076,0x79,0x00
"SPI","result",0.074931,0.0000076,0x5E,0x00
"SPI","result",0.07494,0.0000076,0x0F,0x00
"SPI","result",0.074949,0.0000076,0x06,0x00
"SPI","result",0.074958,0.0000076,0x7B,0x00
"SPI","result",0.074967,0.0000076,0x0A,0x00
"SPI","result",0.074976,0.0000076,0xE2,0x00
"SPI","result",0.074985,0.0000076,0x08,0x00
"SPI","result",0.074994,0.0000076,0xCE,0x00
"SPI","result",0.075003,0.0000076,0xF6,0x00
"SPI","result",0.075012,0.0000076,0x41,0x00
"SPI","result",0.075021,0.0000076,0xEE,0x00
"SPI","result",0.07503,0.0000076,0xE6,0x00
"SPI","result",0.0750567,0.0000076,0x3F,0x00
"SPI","result",0.0750657,0.0000076,0xD4,0x00
"SPI","result",0.0750747,0.0000076,0x00,0x00
"SPI","result",0.0750837,0.0000076,0x24,0x00
"SPI","result",0.0750993,0.0000076,0x00,0x00
"SPI","result",0.0751091,0.0000076,0x00,0x00
"SPI","result",0.0751188,0.0000076,0x00,0x00
"SPI","result",0.0751286,0.0000076,0x00,0x00
"SPI","result",0.0751383,0.0000076,0x00,0x00
"SPI","result",0.075148,0.0000076,0x00,0x00
"SPI","result",0.0751578,0.0000076,0x00,0x00
"SPI","result",0.0751675,0.0000076,0x00,0x00
"SPI","result",0.0751772,0.0000076,0x00,0x00
"SPI","result",0.0751869,0.0000076,0x00,0x00
"SPI","result",0.0751965,0.0000076,0x00,0x00
"SPI","result",0.0752062,0.0000076,0x00,0x00
"SPI","result",0.075216,0.0000076,0x00,0x01
"SPI","result",0.0752261,0.0000076,0x56,0x00
"SPI","result",0.0752351,0.0000076,0xC2,0x00
"SPI","result",0.0752441,0.0000076,0xC8,0x00
"SPI","result",0.0752531,0.0000076,0xED,0x00
"SPI","result",0.0752621,0.0000076,0x33,0x00
"SPI","result",0.0752711,0.0000076,0x3D,0x00
"SPI","result",0.0752801,0.0000076,0x89,0x00
"SPI","result",0.0752891,0.0000076,0x80,0x00
"SPI","result",0.0752981,0.0000076,0x50,0x00
"SPI","result",0.0753071,0.0000076,0x2E,0x00
"SPI","result",0.0753161,0.0000076,0x3E,0x00
"SPI","result",0.0753251,0.0000076,0x15,0x00
"SPI","result",0.0753341,0.0000076,0x91,0x00
"SPI","result",0.0753431,0.0000076,0xA8,0x00
"SPI","result",0.0753521,0.0000076,0x71,0x00
"SPI","result",0.0753611,0.0000076,0x56,0x00
"SPI","result",0.0753701,0.0000076,0x32,0x00
"SPI","result",0.075379,0.0000077,0x56,0x00
"SPI","result",0.075388,0.0000077,0xFD,0x00
"SPI","result",0.075397,0.0000077,0xCB,0x00
"SPI","result",0.075406,0.0000077,0x1E,0x00
"SPI","result",0.075415,0.0000077,0x23,0x00
"SPI","result",0.075424,0.0000077,0x92,0x00
"SPI","result",0.075433,0.0000077,0xAC,0x00
"SPI","result",0.075442,0.0000077,0x39,0x00
"SPI","result",0.075451,0.0000077,0x18,0x00
"SPI","result",0.07546,0.0000077,0x6A,0x00
"SPI","result",0.075469,0.0000077,0x6A,0x00
"SPI","result",0.075478,0.0000077,0xDD,0x00
"SPI","result",0.075487,0.0000077,0xCD,0x00
"SPI","result",0.075496,0.0000077,0xCB,0x00
"SPI","result",0.075505,0.0000077,0x91,0x00
"SPI","result",0.075514,0.0000077,0xB2,0x00
"SPI","result",0.075523,0.0000077,0x04,0x00
"SPI","result",0.075532,0.0000077,0xB7,0x00
"SPI","result",0.075541,0.0000077,0x6C,0x00
"SPI","result",0.07555,0.0000077,0x6F,0x00
"SPI","result",0.075559,0.0000077,0x64,0x00
"SPI","result",0.075568,0.0000077,0x98,0x00
"SPI","result",0.075577,0.0000077,0xEF,0x00
"SPI","result",0.075586,0.0000077,0xAA,0x00
"SPI","result",0.075595,0.0000077,0xC6,0x00
"SPI","result",0.075604,0.0000077,0x29,0x00
"SPI","result",0.075613,0.0000077,0x7F,0x00
"SPI","result",0.075622,0.0000077,0xA1,0x00
"SPI","result",0.075631,0.0000077,0x17,0x00
"SPI","result",0.07564,0.0000077,0xA6,0x00
"SPI","result",0.075649,0.0000077,0x51,0x00
"SPI","result",0.075658,0.0000077,0xD2,0x00
"SPI","result",0.075667,0.0000076,0x8C,0x00
"SPI","result",0.075676,0.0000076,0x92,0x00
"SPI","result",0.075685,0.0000076,0xFA,0x00
"SPI","result",0.075694,0.0000076,0xB7,0x00
"SPI","result",0.075703,0.0000076,0xE8,0x00
"SPI","result",0.075712,0.0000076,0x72,0x00
"SPI","result",0.075721,0.0000076,0x91,0x00
"SPI","result",0.07573,0.0000076,0xBF,0x00
"SPI","result",0.075739,0.0000076,0xEB,0x00
"SPI","result",0.075748,0.0000076,0xEC,0x00
"SPI","result",0.075757,0.0000076,0x3C,0x00
"SPI","result",0.075766,0.0000076,0xAC,0x00
"SPI","result",0.075775,0.0000076,0x14,0x00
"SPI","result",0.075784,0.0000076,0x01,0x00
"SPI","result",0.075793,0.0000076,0xE7,0x00
"SPI","result",0.0758157,0.0000076,0x3F,0x00
"SPI","result",0.0758247,0.0000076,0xD4,0x00
"SPI","result",0.0758337,0.0000076,0x00,0x00
"SPI","result",0.0758427,0.0000076,0x24,0x00
"SPI","result",0.0758577,0.0000076,0x00,0x00
"SPI","result",0.0758675,0.0000076,0x00,0x00
"SPI","result",0.0758772,0.0000076,0x00,0x00
"SPI","result",0.0758869,0.0000077,0x00,0x00
"SPI","result",0.0758967,0.0000076,0x00,0x00
"SPI","result",0.0759063,0.0000076,0x00,0x00
"SPI","result",0.075916,0.0000076,0x00,0x00
"SPI","result",0.075935,0.0000076,0x00,0x00
"SPI","result",0.0759448,0.0000076,0x00,0x00
"SPI","result",0.0759546,0.0000076,0x00,0x00
"SPI","result",0.0759644,0.0000076,0x00,0x00
"SPI","result",0.0759755,0.0000076,0x00,0x00
"SPI","result",0.0759852,0.0000076,0x00,0x00
"SPI","result",0.0759949,0.0000076,0x00,0x01
"SPI","result",0.0760049,0.0000076,0xB3,0x00
"SPI","result",0.0760139,0.0000076,0xEB,0x00
"SPI","result",0.0760229,0.0000076,0xF4,0x00
"SPI","result",0.0760319,0.0000076,0xD7,0x00
"SPI","result",0.0760409,0.0000076,0x17,0x00
"SPI","result",0.0760499,0.0000076,0x35,0x00
"SPI","result",0.0760589,0.0000076,0x1A,0x00
"SPI","result",0.0760679,0.0000076,0xBE,0x00
"SPI","result",0.0760769,0.0000076,0x11,0x00
"SPI","result",0.0760859,0.0000076,0x83,0x00
"SPI","result",0.0760949,0.0000076,0x24,0x00
"SPI","result",0.0761039,0.0000076,0xA3,0x00
"SPI","result",0.0761128,0.0000077,0xAC,0x00
"SPI","result",0.0761218,0.0000077,0x27,0x00
"SPI","result",0.0761308,0.0000077,0x45,0x00
"SPI","result",0.0761398,0.0000077,0xE4,0x00
"SPI","result",0.0761488,0.0000077,0x42,0x00
"SPI","result",0.0761578,0.0000077,0x39,0x00
"SPI","result",0.0761668,0.0000077,0x2B,0x00
"SPI","result",0.0761758,0.0000077,0x3D,0x00
"SPI","result",0.0761848,0.0000077,0x09,0x00
"SPI","result",0.0761938,0.0000077,0xCB,0x00
"SPI","result",0.0762028,0.0000077,0x9E,0x00
"SPI","result",0.0762118,0.0000077,0x3E,0x00
"SPI","result",0.0762208,0.0000077,0xBD,0x00
"SPI","result",0.0762298,0.0000077,0x35,0x00
"SPI","result",0.0762388,0.0000077,0x1F,0x00
"SPI","result",0.0762478,0.0000077,0xD1,0x00
"SPI","result",0.0762568,0.0000077,0xAB,0x00
"SPI","result",0.0762658,0.0000077,0x8C,0x00
"SPI","result",0.0762748,0.0000077,0x91,0x00
"SPI","result",0.0762838,0.0000077,0xE9,0x00
"SPI","result",0.0762928,0.0000077,0x27,0x00
"SPI","result",0.0763018,0.0000077,0xBB,0x00
"SPI","result",0.0763108,0.0000077,0x34,0x00
"SPI","result",0.0763198,0.0000077,0xB2,0x00
"SPI","result",0.0763288,0.0000077,0x35,0x00
"SPI","result",0.0763378,0.0000077,0x6B,0x00
"SPI","result",0.0763468,0.0000077,0x73,0x00
"SPI","result",0.0763558,0.0000077,0x5E,0x00
"SPI","result",0.0763648,0.0000077,0x0F,0x00
"SPI","result",0.0763738,0.0000077,0x2D,0x00
"SPI","result",0.0763828,0.0000077,0x9E,0x00
"SPI","result",0.0763918,0.0000077,0x08,0x00
"SPI","result",0.0764008,0.0000077,0x0C,0x00
"SPI","result",0.0764098,0.0000077,0x1F,0x00
"SPI","result",0.0764188,0.0000076,0x32,0x00
"SPI","result",0.0764278,0.0000076,0x5D,0x00
"SPI","result",0.0764368,0.0000076,0x5C,0x00
"SPI","result",0.0764458,0.0000076,0xEC,0x00
"SPI","result",0.0764548,0.0000076,0x17,0x00
"SPI","result",0.0764638,0.0000076,0xAA,0x00
"SPI","result",0.0764728,0.0000076,0x8C,0x00
"SPI","result",0.0764818,0.0000076,0x0B,0x00
"SPI","result",0.0764908,0.0000076,0x8C,0x00
"SPI","result",0.0764998,0.0000076,0x6B,0x00
"SPI","result",0.0765088,0.0000076,0x14,0x00
"SPI","result",0.0765178,0.0000076,0xDE,0x00
"SPI","result",0.0765268,0.0000076,0x08,0x00
"SPI","result",0.0765358,0.0000076,0x1B,0x00
"SPI","result",0.0765448,0.0000076,0x13,0x00
"SPI","result",0.0765538,0.0000076,0x1C,0x00
"SPI","result",0.0765628,0.0000076,0xF2,0x00
"SPI","result",0.0765718,0.0000076,0x6A,0x00
"SPI","result",0.0765952,0.0000077,0x3F,0x00
"SPI","result",0.0766042,0.0000077,0xD4,0x00
"SPI","result",0.0766132,0.0000077,0x00,0x00
"SPI","result",0.0766222,0.0000077,0x24,0x00
"SPI","result",0.0766376,0.0000076,0x00,0x00
"SPI","result",0.0766474,0.0000076,0x00,0x00
"SPI","result",0.0766572,0.0000076,0x00,0x00
"SPI","result",0.0766668,0.0000076,0x00,0x00
"SPI","result",0.0766766,0.0000076,0x00,0x00
"SPI","result",0.0766863,0.0000076,0x00,0x00
"SPI","result",0.076696,0.0000076,0x00,0x00
"SPI","result",0.0767057,0.0000076,0x00,0x00
"SPI","result",0.0767154,0.0000076,0x00,0x00
"SPI","result",0.0767251,0.0000076,0x00,0x00
"SPI","result",0.0767349,0.0000076,0x00,0x00
"SPI","result",0.0767446,0.0000076,0x00,0x01
"SPI","result",0.0767545,0.0000076,0xE4,0x00
"SPI","result",0.0767635,0.0000076,0x0C,0x00
"SPI","result",0.0767725,0.0000076,0xC6,0x00
"SPI","result",0.0767815,0.0000076,0xB9,0x00
"SPI","result",0.0767905,0.0000076,0x84,0x00
"SPI","result",0.0767995,0.0000076,0x1B,0x00
"SPI","result",0.0768085,0.0000076,0x9F,0x00
"SPI","result",0.0768175,0.0000076,0xB6,0x00
"SPI","result",0.0768265,0.0000076,0x7A,0x00
"SPI","result",0.0768355,0.0000076,0xBC,0x00
"SPI","result",0.0768445,0.0000076,0xFD,0x00
"SPI","result",0.0768535,0.0000076,0x06,0x00
"SPI","result",0.0768625,0.0000076,0x83,0x00
"SPI","result",0.0768715,0.0000076,0xB5,0x00
"SPI","result",0.0768805,0.0000076,0x4A,0x00
"SPI","result",0.0768895,0.0000076,0x4B,0x00
"SPI","result",0.0768985,0.0000076,0x4F,0x00
"SPI","result",0.0769075,0.0000076,0x88,0x00
"SPI","result",0.0769165,0.0000076,0x1E,0x00
"SPI","result",0.0769255,0.0000076,0xFB,0x00
"SPI","result",0.0769345,0.0000076,0x69,0x00
"SPI","result",0.0769435,0.0000076,0xF8,0x00
"SPI","result",0.0769525,0.0000076,0x87,0x00
"SPI","result",0.0769615,0.0000076,0x07,0x00
"SPI","result",0.0769705,0.0000076,0xB6,0x00
"SPI","result",0.0769795,0.0000076,0xF5,0x00
"SPI","result",0.0769885,0.0000076,0xF2,0x00
"SPI","result",0.0769975,0.0000076,0xE3,0x00
"SPI","result",0.0770065,0.0000076,0xEA,0x00
"SPI","result",0.0770155,0.0000076,0xCA,0x00
"SPI","result",0.0770245,0.0000076,0xE6,0x00
"SPI","result",0.0770335,0.0000076,0x26,0x00
"SPI","result",0.0770425,0.0000076,0x02,0x00
"SPI","result",0.0770515,0.0000076,0x30,0x00
"SPI","result",0.0770605,0.0000076,0xDC,0x00
"SPI","result",0.0770695,0.0000076,0x1B,0x00
"SPI","result",0.0770785,0.0000076,0x95,0x00
"SPI","result",0.0770875,0.0000076,0x9B,0x00
"SPI","result",0.0770965,0.0000076,0x68,0x00
"SPI","result",0.0771055,0.0000076,0x45,0x00
"SPI","result",0.0771145,0.0000076,0x81,0x00
"SPI","result",0.0771235,0.0000076,0x7C,0x00
"SPI","result",0.0771325,0.0000076,0x4C,0x00
"SPI","result",0.0771415,0.0000076,0x85,0x00
"SPI","result",0.0771505,0.0000076,0x7B,0x00
"SPI","result",0.0771595,0.0000076,0xAA,0x00
"SPI","result",0.0771685,0.0000076,0x23,0x00
"SPI","result",0.0771775,0.0000076,0x6A,0x00
"SPI","result",0.0771865,0.0000076,0x43,0x00
"SPI","result",0.0771955,0.0000076,0x30,0x00
"SPI","result",0.0772045,0.0000076,0x62,0x00
"SPI","result",0.0772135,0.0000076,0xD8,0x00
"SPI","result",0.0772225,0.0000076,0x38,0x00
"SPI","result",0.0772315,0.0000076,0xFA,0x00
"SPI","result",0.0772405,0.0000076,0x61,0x00
"SPI","result",0.0772495,0.0000076,0x02,0x00
"SPI","result",0.0772585,0.0000076,0xCA,0x00
"SPI","result",0.0772675,0.0000076,0x47,0x00
"SPI","result",0.0772765,0.0000076,0x8B,0x00
"SPI","result",0.0772855,0.0000076,0xDC,0x00
"SPI","result",0.0772945,0.0000076,0x26,0x00
"SPI","result",0.0773035,0.0000076,0x76,0x00
"SPI","result",0.0773125,0.0000076,0x84,0x00
"SPI","result",0.0773215,0.0000076,0x3F,0x00
"SPI","result",0.0775273,0.0000076,0x80,0x00
"SPI","result",0.0775363,0.0000076,0xD4,0x00
"SPI","result",0.0775453,0.0000076,0x00,0x00
"SPI","result",0.0775543,0.0000076,0x18,0x00
"SPI","result",0.0775714,0.0000077,0x00,0x00
"SPI","result",0.0775813,0.0000076,0x00,0x00
"SPI","result",0.0775911,0.0000076,0x00,0x00
"SPI","result",0.0776009,0.0000076,0x00,0x00
"SPI","result",0.0776106,0.0000076,0x00,0x00
"SPI","result",0.0776203,0.0000076,0x00,0x00
"SPI","result",0.0776301,0.0000076,0x00,0x00
"SPI","result",0.0776399,0.0000076,0x00,0x00
"SPI","result",0.0776496,0.0000076,0x00,0x00
"SPI","result",0.0776594,0.0000076,0x00,0x00
"SPI","result",0.0776691,0.0000076,0x00,0x00
"SPI","result",0.0776789,0.0000076,0x00,0x00
"SPI","result",0.0776886,0.0000076,0x00,0x00
"SPI","result",0.0776984,0.0000076,0x00,0x00
"SPI","result",0.0777081,0.0000076,0x00,0x01
"SPI","result",0.0777178,0.0000076,0x00,0x8C
"SPI","result",0.077734,0.0000076,0x80,0x00
"SPI","result",0.077743,0.0000076,0xD4,0x00
"SPI","result",0.077752,0.0000076,0x00,0x00
"SPI","result",0.077761,0.0000076,0x18,0x00
"SPI","result",0.0777769,0.0000076,0x00,0x00
"SPI","result",0.0777867,0.0000076,0x00,0x00
"SPI","result",0.0777964,0.0000076,0x00,0x00
"SPI","result",0.0778061,0.0000076,0x00,0x00
"SPI","result",0.0778158,0.0000076,0x00,0x00
"SPI","result",0.0778255,0.0000076,0x00,0x00
"SPI","result",0.0778353,0.0000076,0x00,0x00
"SPI","result",0.077845,0.0000076,0x00,0x00
"SPI","result",0.0778547,0.0000076,0x00,0x00
"SPI","result",0.0778644,0.0000076,0x00,0x00
"SPI","result",0.0778741,0.0000076,0x00,0x00
"SPI","result",0.0778837,0.0000077,0x00,0x00
"SPI","result",0.0778935,0.0000076,0x00,0x00
"SPI","result",0.0779032,0.0000076,0x00,0x01
"SPI","result",0.0779129,0.0000076,0x00,0x8C
"SPI","result",0.0779289,0.0000076,0x83,0x00
"SPI","result",0.0779379,0.0000076,0xD4,0x00
"SPI","result",0.0779469,0.0000076,0x00,0x00
"SPI","result",0.0779559,0.0000076,0x18,0x00
"SPI","result",0.0779726,0.0000076,0x00,0x00
"SPI","result",0.0779823,0.0000076,0x00,0x00
"SPI","result",0.077992,0.0000077,0x00,0x00
"SPI","result",0.0780018,0.0000076,0x00,0x00
"SPI","result",0.0780115,0.0000076,0x00,0x00
"SPI","result",0.0780212,0.0000076,0x00,0x00
"SPI","result",0.0780309,0.0000076,0x00,0x00
"SPI","result",0.0780406,0.0000076,0x00,0x00
"SPI","result",0.0780503,0.0000076,0x00,0x00
"SPI","result",0.07806,0.0000076,0x00,0x00
"SPI","result",0.0780697,0.0000076,0x00,0x00
"SPI","result",0.0780794,0.0000076,0x00,0x00
"SPI","result",0.0780892,0.0000076,0x00,0x00
"SPI","result",0.0780988,0.0000076,0x00,0x00
"SPI","result",0.0781085,0.0000076,0x00,0x01
"SPI","result",0.0781183,0.0000076,0x00,0x04
"SPI","result",0.0781273,0.0000076,0x00,0x00
"SPI","result",0.0781363,0.0000076,0x00,0x01
"SPI","result",0.0781453,0.0000076,0x00,0x8C
"SPI","result",0.0781669,0.0000077,0x14,0x00
"SPI","result",0.0781759,0.0000077,0xD4,0x00
"SPI","result",0.0781849,0.0000077,0x00,0x00
"SPI","result",0.0781939,0.0000077,0x24,0x00
"SPI","result",0.0782128,0.0000076,0x00,0x00
"SPI","result",0.0782228,0.0000076,0x00,0x00
"SPI","result",0.0782326,0.0000076,0x00,0x00
"SPI","result",0.0782423,0.0000076,0x00,0x00
"SPI","result",0.078252,0.0000076,0x00,0x00
"SPI","result",0.0782617,0.0000076,0x00,0x00
"SPI","result",0.0782715,0.0000076,0x00,0x00
"SPI","result",0.0782812,0.0000076,0x00,0x00
"SPI","result",0.0782909,0.0000076,0x00,0x00
"SPI","result",0.0783006,0.0000076,0x00,0x00
"SPI","result",0.0783104,0.0000076,0x00,0x00
"SPI","result",0.0783201,0.0000076,0x00,0x00
"SPI","result",0.0783298,0.0000076,0x00,0x00
"SPI","result",0.0783395,0.0000076,0x00,0x01
"SPI","result",0.0783494,0.0000076,0x23,0x00
"SPI","result",0.0783584,0.0000076,0x1D,0x00
"SPI","result",0.0783674,0.0000076,0x31,0x00
"SPI","result",0.0783764,0.0000076,0x24,0x00
"SPI","result",0.0783854,0.0000076,0xCC,0x00
"SPI","result",0.0783944,0.0000076,0x09,0x00
"SPI","result",0.0784034,0.0000076,0x7D,0x00
"SPI","result",0.0784124,0.0000076,0x03,0x00
"SPI","result",0.0784214,0.0000076,0xAD,0x00
"SPI","result",0.0784304,0.0000076,0x3C,0x00
"SPI","result",0.0784394,0.0000076,0x9E,0x00
"SPI","result",0.0784484,0.0000076,0xBC,0x00
"SPI","result",0.0784574,0.0000076,0x86,0x00
"SPI","result",0.0784664,0.0000076,0x2E,0x00
"SPI","result",0.0784754,0.0000076,0x29,0x00
"SPI","result",0.0784844,0.0000076,0xC1,0x00
"SPI","result",0.0784934,0.0000076,0x3E,0x00
"SPI","result",0.0785024,0.0000076,0xBF,0x00
"SPI","result",0.0785114,0.0000076,0x26,0x00
"SPI","result",0.0785204,0.0000076,0x38,0x00
"SPI","result",0.0785294,0.0000076,0x76,0x00
"SPI","result",0.07856,0.0000076,0x80,0x00
"SPI","result",0.078569,0.0000076,0xD4,0x00
"SPI","result",0.078578,0.0000076,0x00,0x00
"SPI","result",0.078587,0.0000076,0x18,0x00
"SPI","result",0.0786061,0.0000076,0x00,0x00
"SPI","result",0.0786158,0.0000076,0x00,0x00
"SPI","result",0.0786255,0.0000076,0x00,0x00
"SPI","result",0.0786353,0.0000076,0x00,0x00
"SPI","result",0.078645,0.0000076,0x00,0x00
"SPI","result",0.0786547,0.0000076,0x00,0x00
"SPI","result",0.0786644,0.0000077,0x00,0x00
"SPI","result",0.0786741,0.0000076,0x00,0x00
"SPI","result",0.0786838,0.0000076,0x00,0x00
"SPI","result",0.0786936,0.0000076,0x00,0x00
"SPI","result",0.0787032,0.0000077,0x00,0x01
"SPI","result",0.078713,0.0000076,0x00,0x8C
"SPI","result",0.0787288,0.0000076,0x80,0x00
"SPI","result",0.0787378,0.0000076,0xD4,0x00
"SPI","result",0.0787468,0.0000076,0x00,0x00
"SPI","result",0.0787558,0.0000076,0x18,0x00
"SPI","result",0.0787735,0.0000076,0x00,0x00
"SPI","result",0.0787833,0.0000076,0x00,0x00
"SPI","result",0.078793,0.0000076,0x00,0x00
"SPI","result",0.0788027,0.0000076,0x00,0x00
"SPI","result",0.0788124,0.0000076,0x00,0x00
"SPI","result",0.078822,0.0000076,0x00,0x00
"SPI","result",0.0788317,0.0000076,0x00,0x00
"SPI","result",0.0788414,0.0000076,0x00,0x00
"SPI","result",0.0788511,0.0000076,0x00,0x00
"SPI","result",0.0788608,0.0000076,0x00,0x00
"SPI","result",0.0788704,0.0000076,0x00,0x00
"SPI","result",0.0788801,0.0000076,0x00,0x00
"SPI","result",0.0788898,0.0000076,0x00,0x00
"SPI","result",0.0788995,0.0000076,0x00,0x00
"SPI","result",0.0789091,0.0000076,0x00,0x01
"SPI","result",0.0789189,0.0000076,0x00,0x8C
"SPI","result",0.078935,0.0000076,0x00,0x00
"SPI","result",0.078944,0.0000076,0xD4,0x00
"SPI","result",0.078953,0.0000076,0x00,0x00
"SPI","result",0.078962,0.0000076,0x24,0x00
"SPI","result",0.0791034,0.0000076,0x00,0x00
"SPI","result",0.0791132,0.0000076,0x00,0x00
"SPI","result",0.079123,0.0000076,0x00,0x00
"SPI","result",0.0791327,0.0000076,0x00,0x00
"SPI","result",0.0791424,0.0000076,0x00,0x00
"SPI","result",0.079152,0.0000076,0x00,0x00
"SPI","result",0.0791618,0.0000076,0x00,0x00
"SPI","result",0.0791715,0.0000076,0x00,0x00
"SPI","result",0.0791812,0.0000076,0x00,0x00
"SPI","result",0.0791908,0.0000077,0x00,0x00
"SPI","result",0.0792006,0.0000076,0x00,0x01
"SPI","result",0.0792104,0.0000076,0x09,0x00
"SPI","result",0.0792262,0.0000076,0x80,0x00
"SPI","result",0.0792352,0.0000076,0xD4,0x00
"SPI","result",0.0792442,0.0000076,0x00,0x00
"SPI","result",0.0792532,0.0000076,0x18,0x00
"SPI","result",0.0792705,0.0000076,0x00,0x00
"SPI","result",0.0792803,0.0000076,0x00,0x00
"SPI","result",0.0792901,0.0000076,0x00,0x00
"SPI","result",0.0792998,0.0000076,0x00,0x00
"SPI","result",0.0793095,0.0000076,0x00,0x00
"SPI","result",0.0793192,0.0000076,0x00,0x00
"SPI","result",0.0793289,0.0000076,0x00,0x00
"SPI","result",0.0793386,0.0000076,0x00,0x00
"SPI","result",0.0793483,0.0000076,0x00,0x00
"SPI","result",0.079358,0.0000076,0x00,0x00
"SPI","result",0.0793677,0.0000076,0x00,0x00
"SPI","result",0.0793774,0.0000076,0x00,0x00
"SPI","result",0.0793871,0.0000076,0x00,0x01
"SPI","result",0.0793969,0.0000076,0x00,0x84
"SPI","result",0.0794127,0.0000076,0x80,0x00
"SPI","result",0.0794217,0.0000076,0xD4,0x00
"SPI","result",0.0794307,0.0000076,0x00,0x00
"SPI","result",0.0794397,0.0000076,0x18,0x00
"SPI","result",0.0795432,0.0000076,0x00,0x00
"SPI","result",0.079553,0.0000076,0x00,0x00
"SPI","result",0.0795627,0.0000076,0x00,0x00
"SPI","result",0.0795724,0.0000076,0x00,0x00
"SPI","result",0.0795821,0.0000076,0x00,0x00
"SPI","result",0.0795918,0.0000076,0x00,0x00
"SPI","result",0.0796015,0.0000076,0x00,0x00
"SPI","result",0.0796112,0.0000076,0x00,0x00
"SPI","result",0.0796209,0.0000076,0x00,0x00
"SPI","result",0.0796308,0.0000076,0x00,0x00
"SPI","result",0.0796417,0.0000076,0x00,0x01
"SPI","result",0.0796514,0.0000076,0x00,0x84
"SPI","result",0.0796678,0.0000076,0x00,0x00
"SPI","result",0.0796768,0.0000076,0xD4,0x00
"SPI","result",0.0796858,0.0000076,0x00,0x00
"SPI","result",0.0796948,0.0000076,0x18,0x00
"SPI","result",0.0797117,0.0000076,0x00,0x00
"SPI","result",0.0797215,0.0000076,0x00,0x00
"SPI","result",0.0797313,0.0000076,0x00,0x00
"SPI","result",0.079741,0.0000076,0x00,0x00
"SPI","result",0.0797508,0.0000076,0x00,0x00
"SPI","result",0.0797604,0.0000076,0x00,0x00
"SPI","result",0.0797701,0.0000076,0x00,0x00
"SPI","result",0.0797798,0.0000076,0x00,0x00
"SPI","result",0.0797895,0.0000076,0x00,0x00
"SPI","result",0.0797992,0.0000076,0x00,0x00
"SPI","result",0.0798089,0.0000076,0x00,0x00
"SPI","result",0.0798185,0.0000077,0x00,0x00
"SPI","result",0.0798282,0.0000077,0x00,0x01
"SPI","result",0.079838,0.0000077,0x20,0x00
"SPI","result",0.0798545,0.0000076,0x80,0x00
"SPI","result",0.0798635,0.0000076,0xD4,0x00
"SPI","result",0.0798725,0.0000076,0x00,0x00
"SPI","result",0.0798815,0.0000076,0x18,0x00
"SPI","result",0.0798968,0.0000076,0x00,0x00
"SPI","result",0.0799065,0.0000076,0x00,0x00
"SPI","result",0.0799163,0.0000076,0x00,0x00
"SPI","result",0.0799394,0.0000076,0x00,0x00
"SPI","result",0.0799491,0.0000077,0x00,0x00
"SPI","result",0.0799589,0.0000076,0x00,0x00
"SPI","result",0.0799687,0.0000076,0x00,0x00
"SPI","result",0.0799784,0.0000076,0x00,0x00
"SPI","result",0.0799881,0.0000076,0x00,0x00
"SPI","result",0.0799983,0.0000076,0x00,0x00
"SPI","result",0.080008,0.0000076,0x00,0x00
"SPI","result",0.0800177,0.0000077,0x00,0x00
"SPI","result",0.0800275,0.0000076,0x00,0x00
"SPI","result",0.0800372,0.0000076,0x00,0x01
"SPI","result",0.080047,0.0000076,0x00,0x84
"SPI","result",0.0810689,0.0000077,0x80,0x00
"SPI","result",0.0810779,0.0000077,0xD4,0x00
"SPI","result",0.0810869,0.0000076,0x00,0x00
"SPI","result",0.0810959,0.0000076,0x18,0x00
"SPI","result",0.0811121,0.0000076,0x00,0x00
"SPI","result",0.0811219,0.0000076,0x00,0x00
"SPI","result",0.0811317,0.0000076,0x00,0x00
"SPI","result",0.0811413,0.0000077,0x00,0x00
"SPI","result",0.081151,0.0000076,0x00,0x00
"SPI","result",0.0811608,0.0000076,0x00,0x00
"SPI","result",0.0811705,0.0000076,0x00,0x00
"SPI","result",0.0811802,0.0000076,0x00,0x00
"SPI","result",0.08119,0.0000076,0x00,0x00
"SPI","result",0.0811997,0.0000076,0x00,0x00
"SPI","result",0.0812095,0.0000076,0x00,0x00
"SPI","result",0.0812191,0.0000076,0x00,0x00
"SPI","result",0.0812288,0.0000076,0x00,0x01
"SPI","result",0.0812386,0.0000076,0x00,0x94
"SPI","result",0.0812555,0.0000076,0x80,0x00
"SPI","result",0.0812645,0.0000076,0xD4,0x00
"SPI","result",0.0812735,0.0000076,0x00,0x00
"SPI","result",0.0812825,0.0000076,0x18,0x00
"SPI","result",0.0812977,0.0000076,0x00,0x00
"SPI","result",0.0813075,0.0000076,0x00,0x00
"SPI","result",0.0813173,0.0000076,0x00,0x00
"SPI","result",0.081327,0.0000076,0x00,0x00
"SPI","result",0.0813368,0.0000076,0x00,0x00
"SPI","result",0.0813465,0.0000076,0x00,0x00
"SPI","result",0.0813563,0.0000076,0x00,0x00
"SPI","result",0.081366,0.0000076,0x00,0x00
"SPI","result",0.0813758,0.0000076,0x00,0x00
"SPI","result",0.0813855,0.0000076,0x00,0x00
"SPI","result",0.0813952,0.0000076,0x00,0x00
"SPI","result",0.0814049,0.0000076,0x00,0x00
"SPI","result",0.0814147,0.0000076,0x00,0x00
"SPI","result",0.0814244,0.0000076,0x00,0x00
"SPI","result",0.0814342,0.0000076,0x00,0x01
"SPI","result",0.081444,0.0000076,0x00,0x94
"SPI","result",0.0814599,0.0000076,0x83,0x00
"SPI","result",0.0814689,0.0000076,0xD4,0x00
"SPI","result",0.0814779,0.0000076,0x00,0x00
"SPI","result",0.0814869,0.0000076,0x18,0x00
"SPI","result",0.0815026,0.0000076,0x00,0x00
"SPI","result",0.0815124,0.0000076,0x00,0x00
"SPI","result",0.0815221,0.0000076,0x00,0x00
"SPI","result",0.0815319,0.0000076,0x00,0x00
"SPI","result",0.0815416,0.0000076,0x00,0x00
"SPI","result",0.0815513,0.0000076,0x00,0x00
"SPI","result",0.081561,0.0000076,0x00,0x00
"SPI","result",0.0815707,0.0000076,0x00,0x00
"SPI","result",0.0815804,0.0000076,0x00,0x00
"SPI","result",0.0815901,0.0000076,0x00,0x00
"SPI","result",0.0815998,0.0000076,0x00,0x00
"SPI","result",0.0816095,0.0000077,0x00,0x00
"SPI","result",0.0816193,0.0000076,0x00,0x00
"SPI","result",0.081629,0.0000076,0x00,0x01
"SPI","result",0.0816388,0.0000076,0x00,0x04
"SPI","result",0.0816478,0.0000076,0x00,0x00
"SPI","result",0.0816568,0.0000076,0x00,0x01
"SPI","result",0.0816658,0.0000076,0x00,0x94
"SPI","result",0.0816866,0.0000076,0x89,0x00
"SPI","result",0.0816956,0.0000076,0xD4,0x00
"SPI","result",0.0817046,0.0000076,0x00,0x00
"SPI","result",0.0817136,0.0000076,0x24,0x00
"SPI","result",0.0817285,0.0000076,0x00,0x00
"SPI","result",0.0817382,0.0000076,0x00,0x00
"SPI","result",0.0817479,0.0000076,0x00,0x00
"SPI","result",0.0817581,0.0000077,0x00,0x00
"SPI","result",0.0817679,0.0000076,0x00,0x00
"SPI","result",0.0817776,0.0000077,0x00,0x00
"SPI","result",0.0817874,0.0000076,0x00,0x00
"SPI","result",0.0817971,0.0000077,0x00,0x00
"SPI","result",0.0818069,0.0000076,0x00,0x00
"SPI","result",0.0818166,0.0000076,0x00,0x00
"SPI","result",0.0818263,0.0000076,0x00,0x00
"SPI","result",0.081836,0.0000076,0x00,0x01
"SPI","result",0.0818458,0.0000076,0x00,0x80
"SPI","result",0.0818548,0.0000076,0x00,0x01
"SPI","result",0.0818638,0.0000076,0x00,0x00
"SPI","result",0.0818728,0.0000076,0x00,0x00
"SPI","result",0.0818818,0.0000076,0x00,0x00
"SPI","result",0.0818908,0.0000076,0x00,0x0A
"SPI","result",0.0818998,0.0000076,0x00,0x00
"SPI","result",0.0819088,0.0000076,0x00,0x00
"SPI","result",0.0819178,0.0000076,0x00,0x01
"SPI","result",0.0819268,0.0000076,0x00,0xC4
"SPI","result",0.0819493,0.0000077,0x80,0x00
"SPI","result",0.0819583,0.0000077,0xD4,0x00
"SPI","result",0.0819673,0.0000077,0x00,0x00
"SPI","result",0.0819763,0.0000077,0x18,0x00
"SPI","result",0.0819917,0.0000076,0x00,0x00
"SPI","result",0.0820014,0.0000077,0x00,0x00
"SPI","result",0.0820112,0.0000076,0x00,0x00
"SPI","result",0.082021,0.0000076,0x00,0x00
"SPI","result",0.0820307,0.0000076,0x00,0x00
"SPI","result",0.0820404,0.0000076,0x00,0x00
"SPI","result",0.0820501,0.0000076,0x00,0x00
"SPI","result",0.0820599,0.0000076,0x00,0x00
"SPI","result",0.0820696,0.0000076,0x00,0x00
"SPI","result",0.0820793,0.0000076,0x00,0x00
"SPI","result",0.0820891,0.0000076,0x00,0x00
"SPI","result",0.0820988,0.0000076,0x00,0x00
"SPI","result",0.0821086,0.0000076,0x00,0x01
"SPI","result",0.0821183,0.0000076,0x00,0x84
"SPI","result",0.082134,0.0000076,0x80,0x00
"SPI","result",0.082143,0.0000076,0xD4,0x00
"SPI","result",0.082152,0.0000076,0x00,0x00
"SPI","result",0.082161,0.0000076,0x18,0x00
"SPI","result",0.0821761,0.0000076,0x00,0x00
"SPI","result",0.0821858,0.0000076,0x00,0x00
"SPI","result",0.0821956,0.0000076,0x00,0x00
"SPI","result",0.0822055,0.0000076,0x00,0x00
"SPI","result",0.0822158,0.0000076,0x00,0x00
"SPI","result",0.0822255,0.0000076,0x00,0x00
"SPI","result",0.0822352,0.0000076,0x00,0x00
"SPI","result",0.0822449,0.0000076,0x00,0x00
"SPI","result",0.0822547,0.0000076,0x00,0x00
"SPI","result",0.0822644,0.0000076,0x00,0x00
"SPI","result",0.0822742,0.0000076,0x00,0x01
"SPI","result",0.0822839,0.0000076,0x00,0x84
"SPI","result",0.0822996,0.0000076,0x00,0x00
"SPI","result",0.0823086,0.0000076,0xD4,0x00
"SPI","result",0.0823176,0.0000076,0x00,0x00
"SPI","result",0.0823266,0.0000076,0x18,0x00
"SPI","result",0.0823423,0.0000076,0x00,0x00
"SPI","result",0.082352,0.0000076,0x00,0x00
"SPI","result",0.0823617,0.0000076,0x00,0x00
"SPI","result",0.0823714,0.0000076,0x00,0x00
"SPI","result",0.0823811,0.0000076,0x00,0x00
"SPI","result",0.0823909,0.0000076,0x00,0x00
"SPI","result",0.0824006,0.0000076,0x00,0x00
"SPI","result",0.0824104,0.0000076,0x00,0x00
"SPI","result",0.0824201,0.0000076,0x00,0x00
"SPI","result",0.0824298,0.0000076,0x00,0x00
"SPI","result",0.0824396,0.0000076,0x00,0x00
"SPI","result",0.0824493,0.0000076,0x00,0x00
"SPI","result",0.082459,0.0000076,0x00,0x00
"SPI","result",0.0824687,0.0000076,0x00,0x01
"SPI","result",0.0824785,0.0000076,0x40,0x00
"SPI","result",0.0825271,0.0000076,0x80,0x00
"SPI","result",0.0825361,0.0000076,0xD4,0x00
"SPI","result",0.0825451,0.0000076,0x00,0x00
"SPI","result",0.0825541,0.0000076,0x18,0x00
"SPI","result",0.082646,0.0000076,0x00,0x00
"SPI","result",0.0826557,0.0000076,0x00,0x00
"SPI","result",0.0826655,0.0000076,0x00,0x00
"SPI","result",0.0826752,0.0000076,0x00,0x00
"SPI","result",0.082685,0.0000076,0x00,0x00
"SPI","result",0.0826947,0.0000076,0x00,0x00
"SPI","result",0.0827044,0.0000076,0x00,0x00
"SPI","result",0.0827141,0.0000076,0x00,0x00
"SPI","result",0.0827239,0.0000076,0x00,0x00
"SPI","result",0.0827336,0.0000076,0x00,0x00
"SPI","result",0.0827434,0.0000076,0x00,0x01
"SPI","result",0.0827531,0.0000076,0x00,0x84
"SPI","result",0.0827694,0.0000076,0x00,0x00
"SPI","result",0.0827784,0.0000076,0xD4,0x00
"SPI","result",0.0827874,0.0000076,0x00,0x00
"SPI","result",0.0827964,0.0000076,0x18,0x00
"SPI","result",0.0828126,0.0000076,0x00,0x00
"SPI","result",0.0828224,0.0000076,0x00,0x00
"SPI","result",0.0828321,0.0000076,0x00,0x00
"SPI","result",0.0828419,0.0000076,0x00,0x00
"SPI","result",0.0828516,0.0000076,0x00,0x00
"SPI","result",0.0828613,0.0000076,0x00,0x00
"SPI","result",0.082871,0.0000077,0x00,0x00
"SPI","result",0.0828808,0.0000076,0x00,0x00
"SPI","result",0.0828905,0.0000076,0x00,0x00
"SPI","result",0.0829012,0.0000076,0x00,0x00
"SPI","result",0.0829109,0.0000076,0x00,0x01
"SPI","result",0.0829207,0.0000076,0x40,0x00
"SPI","result",0.0829363,0.0000076,0x80,0x00
"SPI","result",0.0829453,0.0000076,0xD4,0x00
"SPI","result",0.0829543,0.0000076,0x00,0x00
"SPI","result",0.0829633,0.0000076,0x18,0x00
"SPI","result",0.0829785,0.0000076,0x00,0x00
"SPI","result",0.0829882,0.0000077,0x00,0x00
"SPI","result",0.0829981,0.0000076,0x00,0x00
"SPI","result",0.0830077,0.0000076,0x00,0x00
"SPI","result",0.0830175,0.0000076,0x00,0x00
"SPI","result",0.0830272,0.0000076,0x00,0x00
"SPI","result",0.0830369,0.0000076,0x00,0x00
"SPI","result",0.0830466,0.0000076,0x00,0x00
"SPI","result",0.0830563,0.0000076,0x00,0x00
"SPI","result",0.083066,0.0000076,0x00,0x00
"SPI","result",0.0830757,0.0000076,0x00,0x00
"SPI","result",0.0830854,0.0000076,0x00,0x00
"SPI","result",0.0830951,0.0000076,0x00,0x00
"SPI","result",0.0831048,0.0000076,0x00,0x00
"SPI","result",0.0831145,0.0000076,0x00,0x01
"SPI","result",0.0831242,0.0000076,0x00,0xC4
"SPI","result",0.0831402,0.0000076,0x83,0x00
"SPI","result",0.0831492,0.0000076,0xD4,0x00
"SPI","result",0.0831582,0.0000076,0x00,0x00
"SPI","result",0.0831672,0.0000076,0x18,0x00
"SPI","result",0.0831828,0.0000077,0x00,0x00
"SPI","result",0.0831926,0.0000076,0x00,0x00
"SPI","result",0.0832023,0.0000076,0x00,0x00
"SPI","result",0.0832121,0.0000076,0x00,0x00
"SPI","result",0.0832218,0.0000076,0x00,0x00
"SPI","result",0.0832315,0.0000076,0x00,0x00
"SPI","result",0.0832412,0.0000076,0x00,0x00
"SPI","result",0.0832509,0.0000076,0x00,0x00
"SPI","result",0.0832606,0.0000076,0x00,0x00
"SPI","result",0.0832704,0.0000076,0x00,0x00
"SPI","result",0.0832801,0.0000076,0x00,0x00
"SPI","result",0.0832898,0.0000076,0x00,0x00
"SPI","result",0.0832995,0.0000076,0x00,0x00
"SPI","result",0.0833092,0.0000076,0x00,0x00
"SPI","result",0.0833189,0.0000076,0x00,0x01
"SPI","result",0.0833286,0.0000076,0x00,0x04
"SPI","result",0.0833376,0.0000076,0x00,0x00
"SPI","result",0.0833466,0.0000076,0x00,0x01
"SPI","result",0.0833556,0.0000076,0x00,0xC4
"SPI","result",0.0833769,0.0000076,0x0C,0x00
"SPI","result",0.0833859,0.0000076,0xD4,0x00
"SPI","result",0.0833949,0.0000076,0x00,0x00
"SPI","result",0.0834039,0.0000076,0x24,0x00
"SPI","result",0.0834194,0.0000076,0x00,0x00
"SPI","result",0.0834294,0.0000076,0x00,0x00
"SPI","result",0.0834392,0.0000076,0x00,0x00
"SPI","result",0.0834489,0.0000076,0x00,0x00
"SPI","result",0.0834586,0.0000076,0x00,0x00
"SPI","result",0.0834683,0.0000076,0x00,0x00
"SPI","result",0.083478,0.0000076,0x00,0x00
"SPI","result",0.0834878,0.0000076,0x00,0x00
"SPI","result",0.0834974,0.0000076,0x00,0x00
"SPI","result",0.0835071,0.0000076,0x00,0x00
"SPI","result",0.0835168,0.0000076,0x00,0x00
"SPI","result",0.0835265,0.0000077,0x00,0x00
"SPI","result",0.0835362,0.0000077,0x00,0x00
"SPI","result",0.083546,0.0000076,0x00,0x00
"SPI","result",0.0835557,0.0000076,0x00,0x01
"SPI","result",0.0835657,0.0000076,0x80,0x00
"SPI","result",0.0835747,0.0000076,0x01,0x00
"SPI","result",0.0835837,0.0000076,0x00,0x00
"SPI","result",0.0835927,0.0000076,0x00,0x00
"SPI","result",0.0836017,0.0000076,0x00,0x00
"SPI","result",0.0836107,0.0000076,0x0E,0x00
"SPI","result",0.0836197,0.0000076,0x00,0x00
"SPI","result",0.0836287,0.0000076,0x00,0x00
"SPI","result",0.0836377,0.0000076,0x01,0x00
"SPI","result",0.0836467,0.0000076,0x65,0x00
"SPI","result",0.0836557,0.0000076,0x03,0x00
"SPI","result",0.0836647,0.0000076,0x00,0x00
"SPI","result",0.0836737,0.0000076,0x00,0x00
"SPI","result",0.0836962,0.0000076,0x80,0x00
"SPI","result",0.0837052,0.0000076,0xD4,0x00
"SPI","result",0.0837142,0.0000076,0x00,0x00
"SPI","result",0.0837232,0.0000076,0x18,0x00
"SPI","result",0.0837388,0.0000076,0x00,0x00
"SPI","result",0.0837486,0.0000076,0x00,0x00
"SPI","result",0.0837583,0.0000076,0x00,0x00
"SPI","result",0.0837681,0.0000076,0x00,0x00
"SPI","result",0.083778,0.0000076,0x00,0x00
"SPI","result",0.0837877,0.0000076,0x00,0x00
"SPI","result",0.0837974,0.0000076,0x00,0x00
"SPI","result",0.0838071,0.0000076,0x00,0x00
"SPI","result",0.0838168,0.0000076,0x00,0x00
"SPI","result",0.0838265,0.0000076,0x00,0x00
"SPI","result",0.0838362,0.0000076,0x00,0x01
"SPI","result",0.083846,0.0000076,0x00,0x8C
"SPI","result",0.0838618,0.0000076,0x80,0x00
"SPI","result",0.0838708,0.0000076,0xD4,0x00
"SPI","result",0.0838798,0.0000076,0x00,0x00
"SPI","result",0.0838888,0.0000076,0x18,0x00
"SPI","result",0.0839044,0.0000076,0x00,0x00
"SPI","result",0.0839142,0.0000076,0x00,0x00
"SPI","result",0.0839419,0.0000076,0x00,0x00
"SPI","result",0.0839518,0.0000076,0x00,0x00
"SPI","result",0.0839616,0.0000076,0x00,0x00
"SPI","result",0.0839714,0.0000076,0x00,0x00
"SPI","result",0.0839811,0.0000076,0x00,0x00
"SPI","result",0.0839909,0.0000076,0x00,0x00
"SPI","result",0.0840007,0.0000076,0x00,0x00
"SPI","result",0.0840105,0.0000076,0x00,0x00
"SPI","result",0.0840203,0.0000076,0x00,0x00
"SPI","result",0.0840301,0.0000076,0x00,0x00
"SPI","result",0.0840399,0.0000076,0x00,0x01
"SPI","result",0.0840496,0.0000076,0x00,0x8C
"SPI","result",0.0840659,0.0000076,0x00,0x00
"SPI","result",0.0840749,0.0000076,0xD4,0x00
"SPI","result",0.0840839,0.0000076,0x00,0x00
"SPI","result",0.0840929,0.0000076,0x24,0x00
"SPI","result",0.0841094,0.0000076,0x00,0x00
"SPI","result",0.0841191,0.0000076,0x00,0x00
"SPI","result",0.0841288,0.0000076,0x00,0x00
"SPI","result",0.0841385,0.0000076,0x00,0x00
"SPI","result",0.0841483,0.0000076,0x00,0x00
"SPI","result",0.084158,0.0000076,0x00,0x00
"SPI","result",0.0841678,0.0000076,0x00,0x00
"SPI","result",0.0841775,0.0000076,0x00,0x00
"SPI","result",0.0841872,0.0000076,0x00,0x00
"SPI","result",0.0841969,0.0000076,0x00,0x00
"SPI","result",0.0842066,0.0000076,0x00,0x00
"SPI","result",0.0842162,0.0000077,0x00,0x00
"SPI","result",0.084226,0.0000076,0x00,0x00
"SPI","result",0.0842357,0.0000076,0x00,0x01
"SPI","result",0.0842457,0.0000076,0x00,0x00
"SPI","result",0.0842613,0.0000076,0x80,0x00
"SPI","result",0.0842703,0.0000076,0xD4,0x00
"SPI","result",0.0842793,0.0000076,0x00,0x00
"SPI","result",0.0842883,0.0000076,0x18,0x00
"SPI","result",0.0843043,0.0000076,0x00,0x00
"SPI","result",0.0843141,0.0000076,0x00,0x00
"SPI","result",0.0843239,0.0000076,0x00,0x00
"SPI","result",0.0843336,0.0000076,0x00,0x00
"SPI","result",0.0843434,0.0000076,0x00,0x00
"SPI","result",0.0843531,0.0000076,0x00,0x00
"SPI","result",0.0843628,0.0000076,0x00,0x00
"SPI","result",0.0843725,0.0000076,0x00,0x00
"SPI","result",0.0843822,0.0000076,0x00,0x00
"SPI","result",0.0843919,0.0000076,0x00,0x00
"SPI","result",0.0844017,0.0000076,0x00,0x00
"SPI","result",0.0844115,0.0000076,0x00,0x00
"SPI","result",0.0844212,0.0000076,0x00,0x00
"SPI","result",0.0844309,0.0000076,0x00,0x00
"SPI","result",0.0844406,0.0000076,0x00,0x01
"SPI","result",0.0844504,0.0000076,0x00,0x84
"SPI","result",0.0844662,0.0000076,0x80,0x00
"SPI","result",0.0844752,0.0000076,0xD4,0x00
"SPI","result",0.0844842,0.0000076,0x00,0x00
"SPI","result",0.0844932,0.0000076,0x18,0x00
"SPI","result",0.0845087,0.0000076,0x00,0x00
"SPI","result",0.0845185,0.0000076,0x00,0x00
"SPI","result",0.0845283,0.0000076,0x00,0x00
"SPI","result",0.0845381,0.0000076,0x00,0x00
"SPI","result",0.0845478,0.0000076,0x00,0x00
"SPI","result",0.0845576,0.0000076,0x00,0x00
"SPI","result",0.0845676,0.0000076,0x00,0x00
"SPI","result",0.0845774,0.0000076,0x00,0x00
"SPI","result",0.0845872,0.0000076,0x00,0x00
"SPI","result",0.084597,0.0000076,0x00,0x00
"SPI","result",0.0846068,0.0000076,0x00,0x00
"SPI","result",0.0846166,0.0000076,0x00,0x00
"SPI","result",0.0846264,0.0000076,0x00,0x00
"SPI","result",0.0846362,0.0000076,0x00,0x01
"SPI","result",0.084646,0.0000076,0x00,0x84
"SPI","result",0.0846621,0.0000076,0x00,0x00
"SPI","result",0.0846711,0.0000076,0xD4,0x00
"SPI","result",0.0846801,0.0000076,0x00,0x00
"SPI","result",0.0846891,0.0000076,0x18,0x00
"SPI","result",0.0847056,0.0000076,0x00,0x00
"SPI","result",0.0847154,0.0000076,0x00,0x00
"SPI","result",0.0847251,0.0000076,0x00,0x00
"SPI","result",0.084735,0.0000076,0x00,0x00
"SPI","result",0.0847447,0.0000076,0x00,0x00
"SPI","result",0.0847544,0.0000076,0x00,0x00
"SPI","result",0.0847642,0.0000076,0x00,0x00
"SPI","result",0.084774,0.0000076,0x00,0x00
"SPI","result",0.0847838,0.0000076,0x00,0x00
"SPI","result",0.0847936,0.0000076,0x00,0x00
"SPI","result",0.0848033,0.0000076,0x00,0x00
"SPI","result",0.0848131,0.0000076,0x00,0x00
"SPI","result",0.0848228,0.0000076,0x00,0x00
"SPI","result",0.0848326,0.0000076,0x00,0x01
"SPI","result",0.0848423,0.0000076,0x20,0x00
"SPI","result",0.0848595,0.0000076,0x80,0x00
"SPI","result",0.0848685,0.0000076,0xD4,0x00
"SPI","result",0.0848775,0.0000076,0x00,0x00
"SPI","result",0.0848865,0.0000076,0x18,0x00
"SPI","result",0.0849021,0.0000076,0x00,0x00
"SPI","result",0.0849119,0.0000076,0x00,0x00
"SPI","result",0.0849216,0.0000076,0x00,0x00
"SPI","result",0.0849313,0.0000076,0x00,0x00
"SPI","result",0.084941,0.0000076,0x00,0x00
"SPI","result",0.0849507,0.0000077,0x00,0x00
"SPI","result",0.0849605,0.0000076,0x00,0x00
"SPI","result",0.0849702,0.0000076,0x00,0x00
"SPI","result",0.0849799,0.0000076,0x00,0x00
"SPI","result",0.0849897,0.0000076,0x00,0x00
"SPI","result",0.0849995,0.0000076,0x00,0x01
"SPI","result",0.0850092,0.0000076,0x00,0x94
"SPI","result",0.085026,0.0000076,0x80,0x00
"SPI","result",0.085035,0.0000076,0xD4,0x00
"SPI","result",0.085044,0.0000076,0x00,0x00
"SPI","result",0.085053,0.0000076,0x18,0x00
"SPI","result",0.0850687,0.0000076,0x00,0x00
"SPI","result",0.0850784,0.0000076,0x00,0x00
"SPI","result",0.0850882,0.0000076,0x00,0x00
"SPI","result",0.0850979,0.0000076,0x00,0x00
"SPI","result",0.0851077,0.0000076,0x00,0x00
"SPI","result",0.0851174,0.0000076,0x00,0x00
"SPI","result",0.0851272,0.0000076,0x00,0x00
"SPI","result",0.0851369,0.0000076,0x00,0x00
"SPI","result",0.0851466,0.0000076,0x00,0x00
"SPI","result",0.0851564,0.0000076,0x00,0x00
"SPI","result",0.0851661,0.0000076,0x00,0x00
"SPI","result",0.0851758,0.0000076,0x00,0x00
"SPI","result",0.0851855,0.0000076,0x00,0x00
"SPI","result",0.0851953,0.0000076,0x00,0x01
"SPI","result",0.085205,0.0000076,0x00,0x94
"SPI","result",0.085221,0.0000076,0x83,0x00
"SPI","result",0.08523,0.0000076,0xD4,0x00
"SPI","result",0.085239,0.0000076,0x00,0x00
"SPI","result",0.085248,0.0000076,0x18,0x00
"SPI","result",0.0852631,0.0000076,0x00,0x00
"SPI","result",0.0852729,0.0000076,0x00,0x00
"SPI","result",0.0852827,0.0000076,0x00,0x00
"SPI","result",0.0852924,0.0000076,0x00,0x00
"SPI","result",0.0853021,0.0000076,0x00,0x00
"SPI","result",0.0853118,0.0000076,0x00,0x00
"SPI","result",0.0853215,0.0000076,0x00,0x00
"SPI","result",0.0853312,0.0000076,0x00,0x00
"SPI","result",0.0853409,0.0000076,0x00,0x00
"SPI","result",0.0853507,0.0000076,0x00,0x00
"SPI","result",0.0853604,0.0000076,0x00,0x00
"SPI","result",0.0853701,0.0000076,0x00,0x00
"SPI","result",0.0853798,0.0000076,0x00,0x00
"SPI","result",0.0853895,0.0000076,0x00,0x00
"SPI","result",0.0853992,0.0000076,0x00,0x01
"SPI","result",0.0854089,0.0000076,0x00,0x04
"SPI","result",0.0854179,0.0000076,0x00,0x00
"SPI","result",0.0854269,0.0000076,0x00,0x01
"SPI","result",0.0854359,0.0000076,0x00,0x94
"SPI","result",0.0854567,0.0000077,0x89,0x00
"SPI","result",0.0854657,0.0000077,0xD4,0x00
"SPI","result",0.0854747,0.0000077,0x00,0x00
"SPI","result",0.0854837,0.0000077,0x24,0x00
"SPI","result",0.0855707,0.0000076,0x00,0x00
"SPI","result",0.0855805,0.0000076,0x00,0x00
"SPI","result",0.0855902,0.0000076,0x00,0x00
"SPI","result",0.0855999,0.0000076,0x00,0x00
"SPI","result",0.0856096,0.0000076,0x00,0x00
"SPI","result",0.0856194,0.0000076,0x00,0x00
"SPI","result",0.0856291,0.0000076,0x00,0x00
"SPI","result",0.0856388,0.0000076,0x00,0x00
"SPI","result",0.0856485,0.0000076,0x00,0x00
"SPI","result",0.0856582,0.0000076,0x00,0x00
"SPI","result",0.0856679,0.0000076,0x00,0x01
"SPI","result",0.0856777,0.0000076,0x00,0x80
"SPI","result",0.0856867,0.0000076,0x00,0x01
"SPI","result",0.0856957,0.0000076,0x00,0x00
"SPI","result",0.0857047,0.0000076,0x00,0x00
"SPI","result",0.0857137,0.0000076,0x00,0x00
"SPI","result",0.0857227,0.0000076,0x00,0x0A
"SPI","result",0.0857317,0.0000076,0x00,0x00
"SPI","result",0.0857407,0.0000076,0x00,0x00
"SPI","result",0.0857497,0.0000076,0x00,0x01
"SPI","result",0.0857587,0.0000076,0x00,0xCB
"SPI","result",0.0857826,0.0000076,0x80,0x00
"SPI","result",0.0857916,0.0000076,0xD4,0x00
"SPI","result",0.0858006,0.0000076,0x00,0x00
"SPI","result",0.0858096,0.0000076,0x18,0x00
"SPI","result",0.0858261,0.0000076,0x00,0x00
"SPI","result",0.0858359,0.0000076,0x00,0x00
"SPI","result",0.0858457,0.0000076,0x00,0x00
"SPI","result",0.0858554,0.0000076,0x00,0x00
"SPI","result",0.0858652,0.0000076,0x00,0x00
"SPI","result",0.0858749,0.0000076,0x00,0x00
"SPI","result",0.0858846,0.0000076,0x00,0x00
"SPI","result",0.0858944,0.0000076,0x00,0x00
"SPI","result",0.0859041,0.0000076,0x00,0x00
"SPI","result",0.0859138,0.0000077,0x00,0x00
"SPI","result",0.0859236,0.0000076,0x00,0x00
"SPI","result",0.0859333,0.0000076,0x00,0x00
"SPI","result",0.085943,0.0000076,0x00,0x00
"SPI","result",0.0859527,0.0000076,0x00,0x00
"SPI","result",0.0859624,0.0000076,0x00,0x01
"SPI","result",0.0859722,0.0000076,0x00,0x84
"SPI","result",0.0859883,0.0000076,0x80,0x00
"SPI","result",0.0859973,0.0000076,0xD4,0x00
"SPI","result",0.0860063,0.0000076,0x00,0x00
"SPI","result",0.0860153,0.0000076,0x18,0x00
"SPI","result",0.0860328,0.0000076,0x00,0x00
"SPI","result",0.0860426,0.0000076,0x00,0x00
"SPI","result",0.0860523,0.0000076,0x00,0x00
"SPI","result",0.0860621,0.0000076,0x00,0x00
"SPI","result",0.0860718,0.0000076,0x00,0x00
"SPI","result",0.0860815,0.0000076,0x00,0x00
"SPI","result",0.0860912,0.0000076,0x00,0x00
"SPI","result",0.0861009,0.0000076,0x00,0x00
"SPI","result",0.0861106,0.0000076,0x00,0x00
"SPI","result",0.0861203,0.0000077,0x00,0x00
"SPI","result",0.08613,0.0000076,0x00,0x00
"SPI","result",0.0861398,0.0000076,0x00,0x00
"SPI","result",0.0861495,0.0000076,0x00,0x00
"SPI","result",0.0861592,0.0000076,0x00,0x01
"SPI","result",0.0861689,0.0000076,0x00,0x84
"SPI","result",0.0861848,0.0000076,0x00,0x00
"SPI","result",0.0861938,0.0000076,0xD4,0x00
"SPI","result",0.0862028,0.0000076,0x00,0x00
"SPI","result",0.0862118,0.0000076,0x18,0x00
"SPI","result",0.086408,0.0000076,0x00,0x00
"SPI","result",0.0864178,0.0000076,0x00,0x00
"SPI","result",0.0864275,0.0000076,0x00,0x00
"SPI","result",0.0864372,0.0000076,0x00,0x00
"SPI","result",0.0864469,0.0000076,0x00,0x00
"SPI","result",0.0864566,0.0000076,0x00,0x00
"SPI","result",0.0864664,0.0000076,0x00,0x00
"SPI","result",0.086476,0.0000076,0x00,0x00
"SPI","result",0.0864857,0.0000076,0x00,0x00
"SPI","result",0.0864954,0.0000076,0x00,0x00
"SPI","result",0.0865052,0.0000076,0x00,0x01
"SPI","result",0.0865151,0.0000076,0x40,0x00
"SPI","result",0.0865585,0.0000076,0x00,0x00
"SPI","result",0.0865675,0.0000076,0xD4,0x00
"SPI","result",0.0865765,0.0000076,0x00,0x00
"SPI","result",0.0865855,0.0000076,0x00,0x00
"SPI","result",0.0866044,0.0000076,0x00,0x00
"SPI","result",0.0866142,0.0000076,0x00,0x00
"SPI","result",0.086624,0.0000076,0x00,0x00
"SPI","result",0.0866337,0.0000077,0x00,0x00
"SPI","result",0.0866434,0.0000077,0x00,0x00
"SPI","result",0.0866531,0.0000076,0x00,0x00
"SPI","result",0.0866628,0.0000077,0x00,0x00
"SPI","result",0.0866725,0.0000077,0x00,0x00
"SPI","result",0.0866822,0.0000076,0x00,0x00
"SPI","result",0.0866919,0.0000076,0x00,0x00
"SPI","result",0.0867017,0.0000076,0x00,0x00
"SPI","result",0.0867114,0.0000076,0x00,0x00
"SPI","result",0.0867211,0.0000076,0x00,0x00
"SPI","result",0.0867308,0.0000076,0x00,0x00
"SPI","result",0.0867405,0.0000076,0x00,0x00
"SPI","result",0.0867502,0.0000076,0x00,0x00
"SPI","result",0.0867599,0.0000076,0x00,0x01
"SPI","result",0.0867697,0.0000076,0x20,0x00
"SPI","result",0.0871521,0.0000076,0x80,0x00
"SPI","result",0.0871611,0.0000076,0xD4,0x00
"SPI","result",0.0871701,0.0000076,0x00,0x00
"SPI","result",0.0871791,0.0000076,0x00,0x00
"SPI","result",0.087198,0.0000076,0x00,0x00
"SPI","result",0.0872079,0.0000076,0x00,0x00
"SPI","result",0.0872177,0.0000076,0x00,0x00
"SPI","result",0.0872274,0.0000076,0x00,0x00
"SPI","result",0.0872372,0.0000076,0x00,0x00
"SPI","result",0.0872469,0.0000076,0x00,0x00
"SPI","result",0.0872567,0.0000076,0x00,0x00
"SPI","result",0.0872665,0.0000076,0x00,0x00
"SPI","result",0.0872761,0.0000077,0x00,0x00
"SPI","result",0.0872858,0.0000077,0x00,0x00
"SPI","result",0.0872955,0.0000077,0x00,0x00
"SPI","result",0.0873054,0.0000076,0x00,0x00
"SPI","result",0.0873151,0.0000076,0x00,0x00
"SPI","result",0.0873248,0.0000076,0x00,0x01
"SPI","result",0.0873345,0.0000077,0x00,0x81
"SPI","result",0.087351,0.0000076,0x00,0x00
"SPI","result",0.08736,0.0000076,0xD4,0x00
"SPI","result",0.087369,0.0000076,0x00,0x00
"SPI","result",0.087378,0.0000076,0x00,0x00
"SPI","result",0.0873933,0.0000076,0x00,0x00
"SPI","result",0.087403,0.0000076,0x00,0x00
"SPI","result",0.0874128,0.0000076,0x00,0x00
"SPI","result",0.0874225,0.0000076,0x00,0x00
"SPI","result",0.0874322,0.0000076,0x00,0x00
"SPI","result",0.0874419,0.0000076,0x00,0x00
"SPI","result",0.0874516,0.0000076,0x00,0x00
"SPI","result",0.0874614,0.0000076,0x00,0x00
"SPI","result",0.0874711,0.0000076,0x00,0x00
"SPI","result",0.0874807,0.0000076,0x00,0x00
"SPI","result",0.0874905,0.0000076,0x00,0x00
"SPI","result",0.0875002,0.0000076,0x00,0x00
"SPI","result",0.0875099,0.0000076,0x00,0x00
"SPI","result",0.0875196,0.0000076,0x00,0x01
"SPI","result",0.0875294,0.0000076,0x02,0x00
"SPI","result",0.0875454,0.0000076,0x80,0x00
"SPI","result",0.0875544,0.0000076,0xD4,0x00
"SPI","result",0.0875634,0.0000076,0x00,0x00
"SPI","result",0.0875724,0.0000076,0x00,0x00
"SPI","result",0.0875878,0.0000076,0x00,0x00
"SPI","result",0.0875976,0.0000076,0x00,0x00
"SPI","result",0.0876073,0.0000076,0x00,0x00
"SPI","result",0.087617,0.0000076,0x00,0x00
"SPI","result",0.0876268,0.0000076,0x00,0x00
"SPI","result",0.0876367,0.0000076,0x00,0x00
"SPI","result",0.0876464,0.0000076,0x00,0x00
"SPI","result",0.0876562,0.0000076,0x00,0x00
"SPI","result",0.0876659,0.0000076,0x00,0x00
"SPI","result",0.0876756,0.0000076,0x00,0x00
"SPI","result",0.0876854,0.0000076,0x00,0x00
"SPI","result",0.0876951,0.0000076,0x00,0x00
"SPI","result",0.0877048,0.0000076,0x00,0x00
"SPI","result",0.0877144,0.0000076,0x00,0x00
"SPI","result",0.0877242,0.0000076,0x00,0x01
"SPI","result",0.0877339,0.0000076,0x00,0xA1
"SPI","result",0.0877807,0.0000076,0x80,0x00
"SPI","result",0.0877897,0.0000076,0xD4,0x00
"SPI","result",0.0877987,0.0000076,0x00,0x00
"SPI","result",0.0878077,0.0000076,0x18,0x00
"SPI","result",0.0878235,0.0000076,0x00,0x00
"SPI","result",0.0878332,0.0000076,0x00,0x00
"SPI","result",0.0878429,0.0000076,0x00,0x00
"SPI","result",0.0878526,0.0000076,0x00,0x00
"SPI","result",0.0878623,0.0000076,0x00,0x00
"SPI","result",0.0878721,0.0000076,0x00,0x00
"SPI","result",0.0878817,0.0000077,0x00,0x00
"SPI","result",0.0878915,0.0000076,0x00,0x00
"SPI","result",0.0879011,0.0000076,0x00,0x00
"SPI","result",0.0879108,0.0000076,0x00,0x00
"SPI","result",0.0879498,0.0000076,0x00,0x01
"SPI","result",0.0879595,0.0000076,0x00,0x84
"SPI","result",0.0879757,0.0000076,0x00,0x00
"SPI","result",0.0879847,0.0000076,0xD4,0x00
"SPI","result",0.0879937,0.0000076,0x00,0x00
"SPI","result",0.0880027,0.0000076,0x18,0x00
"SPI","result",0.0880193,0.0000076,0x00,0x00
"SPI","result",0.0880291,0.0000076,0x00,0x00
"SPI","result",0.0880388,0.0000076,0x00,0x00
"SPI","result",0.0880486,0.0000076,0x00,0x00
"SPI","result",0.0880583,0.0000076,0x00,0x00
"SPI","result",0.088068,0.0000076,0x00,0x00
"SPI","result",0.0880777,0.0000076,0x00,0x00
"SPI","result",0.0880874,0.0000076,0x00,0x00
"SPI","result",0.0880971,0.0000076,0x00,0x00
"SPI","result",0.0881068,0.0000076,0x00,0x00
"SPI","result",0.0881165,0.0000076,0x00,0x00
"SPI","result",0.0881261,0.0000076,0x00,0x01
"SPI","result",0.0881359,0.0000076,0x40,0x00
"SPI","result",0.0881514,0.0000076,0x80,0x00
"SPI","result",0.0881604,0.0000076,0xD4,0x00
"SPI","result",0.0881694,0.0000076,0x00,0x00
"SPI","result",0.0881784,0.0000076,0x18,0x00
"SPI","result",0.0881936,0.0000077,0x00,0x00
"SPI","result",0.0882034,0.0000076,0x00,0x00
"SPI","result",0.0882132,0.0000076,0x00,0x00
"SPI","result",0.0882229,0.0000076,0x00,0x00
"SPI","result",0.0882327,0.0000076,0x00,0x00
"SPI","result",0.0882424,0.0000076,0x00,0x00
"SPI","result",0.0882521,0.0000076,0x00,0x00
"SPI","result",0.0882618,0.0000076,0x00,0x00
"SPI","result",0.0882716,0.0000076,0x00,0x00
"SPI","result",0.0882813,0.0000076,0x00,0x00
"SPI","result",0.088291,0.0000076,0x00,0x00
"SPI","result",0.0883008,0.0000076,0x00,0x00
"SPI","result",0.0883105,0.0000076,0x00,0x00
"SPI","result",0.0883202,0.0000076,0x00,0x00
"SPI","result",0.0883299,0.0000077,0x00,0x01
"SPI","result",0.0883396,0.0000076,0x00,0xC4
"SPI","result",0.0883561,0.0000076,0x83,0x00
"SPI","result",0.0883651,0.0000076,0xD4,0x00
"SPI","result",0.0883741,0.0000076,0x00,0x00
"SPI","result",0.0883831,0.0000076,0x18,0x00
"SPI","result",0.0883984,0.0000076,0x00,0x00
"SPI","result",0.0884082,0.0000076,0x00,0x00
"SPI","result",0.0884179,0.0000076,0x00,0x00
"SPI","result",0.0884276,0.0000076,0x00,0x00
"SPI","result",0.0884377,0.0000076,0x00,0x00
"SPI","result",0.0884474,0.0000076,0x00,0x00
"SPI","result",0.0884573,0.0000077,0x00,0x00
"SPI","result",0.0884671,0.0000076,0x00,0x00
"SPI","result",0.0884767,0.0000076,0x00,0x00
"SPI","result",0.0884864,0.0000076,0x00,0x00
"SPI","result",0.0884962,0.0000076,0x00,0x00
"SPI","result",0.0885059,0.0000076,0x00,0x00
"SPI","result",0.0885156,0.0000076,0x00,0x00
"SPI","result",0.0885253,0.0000076,0x00,0x01
"SPI","result",0.088535,0.0000076,0x00,0x04
"SPI","result",0.088544,0.0000076,0x00,0x00
"SPI","result",0.088553,0.0000076,0x00,0x01
"SPI","result",0.088562,0.0000076,0x00,0xC4
"SPI","result",0.0885856,0.0000076,0x3F,0x00
"SPI","result",0.0885946,0.0000076,0xD4,0x00
"SPI","result",0.0886036,0.0000076,0x00,0x00
"SPI","result",0.0886126,0.0000076,0x24,0x00
"SPI","result",0.0886283,0.0000076,0x00,0x00
"SPI","result",0.088638,0.0000076,0x00,0x00
"SPI","result",0.0886478,0.0000076,0x00,0x00
"SPI","result",0.0886575,0.0000076,0x00,0x00
"SPI","result",0.0886672,0.0000076,0x00,0x00
"SPI","result",0.0886769,0.0000076,0x00,0x00
"SPI","result",0.0886866,0.0000076,0x00,0x00
"SPI","result",0.0886963,0.0000076,0x00,0x00
"SPI","result",0.0887061,0.0000076,0x00,0x00
"SPI","result",0.0887157,0.0000076,0x00,0x00
"SPI","result",0.0887255,0.0000076,0x00,0x01
"SPI","result",0.0887355,0.0000076,0x80,0x00
"SPI","result",0.0887445,0.0000076,0x01,0x00
"SPI","result",0.0887535,0.0000076,0x00,0x00
"SPI","result",0.0887625,0.0000076,0x00,0x00
"SPI","result",0.0887715,0.0000076,0x04,0x00
"SPI","result",0.0887805,0.0000076,0x16,0x00
"SPI","result",0.0887895,0.0000076,0x00,0x00
"SPI","result",0.0887985,0.0000076,0x00,0x00
"SPI","result",0.0888075,0.0000076,0x01,0x00
"SPI","result",0.0888165,0.0000076,0x61,0x00
"SPI","result",0.0888255,0.0000076,0x00,0x00
"SPI","result",0.0888345,0.0000076,0x00,0x00
"SPI","result",0.0888435,0.0000076,0x00,0x00
"SPI","result",0.0888525,0.0000076,0x00,0x00
"SPI","result",0.0888615,0.0000076,0x00,0x00
"SPI","result",0.0888705,0.0000076,0x00,0x00
"SPI","result",0.0888795,0.0000076,0x00,0x00
"SPI","result",0.0888885,0.0000076,0x01,0x00
"SPI","result",0.0888975,0.0000076,0x80,0x00
"SPI","result",0.0889065,0.0000076,0x00,0x00
"SPI","result",0.0889155,0.0000076,0x00,0x00
"SPI","result",0.0889245,0.0000076,0x01,0x00
"SPI","result",0.0889335,0.0000076,0x00,0x00
"SPI","result",0.0889425,0.0000076,0x00,0x00
"SPI","result",0.0889515,0.0000076,0x00,0x00
"SPI","result",0.0889605,0.0000076,0x00,0x00
"SPI","result",0.0889695,0.0000076,0x03,0x00
"SPI","result",0.0889785,0.0000076,0xFA,0x00
"SPI","result",0.0889875,0.0000076,0x00,0x00
"SPI","result",0.0889965,0.0000076,0x40,0x00
"SPI","result",0.0890055,0.0000076,0x2C,0x00
"SPI","result",0.0890145,0.0000076,0x28,0x00
"SPI","result",0.0890235,0.0000076,0x5C,0x00
"SPI","result",0.0890325,0.0000076,0xE9,0x00
"SPI","result",0.0890415,0.0000076,0x2D,0x00
"SPI","result",0.0890505,0.0000076,0x89,0x00
"SPI","result",0.0890595,0.0000076,0xF2,0x00
"SPI","result",0.0890685,0.0000076,0x40,0x00
"SPI","result",0.0890775,0.0000076,0x31,0x00
"SPI","result",0.0890865,0.0000076,0xD4,0x00
"SPI","result",0.0890955,0.0000076,0x01,0x00
"SPI","result",0.0891045,0.0000076,0xF1,0x00
"SPI","result",0.0891135,0.0000076,0x02,0x00
"SPI","result",0.0891225,0.0000076,0x1D,0x00
"SPI","result",0.0891315,0.0000076,0x4C,0x00
"SPI","result",0.0891405,0.0000076,0xE4,0x00
"SPI","result",0.0891495,0.0000076,0x81,0x00
"SPI","result",0.0891585,0.0000076,0x09,0x00
"SPI","result",0.0891675,0.0000076,0x3F,0x00
"SPI","result",0.0891765,0.0000076,0xA7,0x00
"SPI","result",0.0891855,0.0000076,0xB5,0x00
"SPI","result",0.0891945,0.0000076,0x3E,0x00
"SPI","result",0.0892035,0.0000076,0x00,0x00
"SPI","result",0.0892125,0.0000076,0x89,0x00
"SPI","result",0.0892215,0.0000076,0x0E,0x00
"SPI","result",0.0892305,0.0000076,0x59,0x00
"SPI","result",0.0892395,0.0000076,0x41,0x00
"SPI","result",0.0892485,0.0000076,0x30,0x00
"SPI","result",0.0892575,0.0000076,0x3C,0x00
"SPI","result",0.0892665,0.0000076,0x9C,0x00
"SPI","result",0.0892755,0.0000076,0xDF,0x00
"SPI","result",0.0892845,0.0000076,0x2D,0x00
"SPI","result",0.0892935,0.0000076,0x5E,0x00
"SPI","result",0.0893025,0.0000076,0x40,0x00
"SPI","result",0.0893254,0.0000076,0x3F,0x00
"SPI","result",0.0893344,0.0000076,0xD4,0x00
"SPI","result",0.0893434,0.0000076,0x00,0x00
"SPI","result",0.0893524,0.0000076,0x24,0x00
"SPI","result",0.0893677,0.0000076,0x00,0x00
"SPI","result",0.0893774,0.0000076,0x00,0x00
"SPI","result",0.0893872,0.0000076,0x00,0x00
"SPI","result",0.0893969,0.0000076,0x00,0x00
"SPI","result",0.0894066,0.0000076,0x00,0x00
"SPI","result",0.0894163,0.0000076,0x00,0x00
"SPI","result",0.089426,0.0000076,0x00,0x00
"SPI","result",0.0894357,0.0000076,0x00,0x00
"SPI","result",0.0894454,0.0000076,0x00,0x00
"SPI","result",0.0894551,0.0000076,0x00,0x00
"SPI","result",0.0894648,0.0000076,0x00,0x00
"SPI","result",0.0894745,0.0000076,0x00,0x00
"SPI","result",0.0894842,0.0000076,0x00,0x01
"SPI","result",0.0894942,0.0000076,0x3D,0x00
"SPI","result",0.0895032,0.0000076,0xD9,0x00
"SPI","result",0.0895122,0.0000076,0x42,0x00
"SPI","result",0.0895212,0.0000076,0xC6,0x00
"SPI","result",0.0895302,0.0000076,0x9A,0x00
"SPI","result",0.0895392,0.0000076,0x5D,0x00
"SPI","result",0.0895482,0.0000076,0xDF,0x00
"SPI","result",0.0895572,0.0000076,0x54,0x00
"SPI","result",0.0895662,0.0000076,0x33,0x00
"SPI","result",0.0895752,0.0000076,0xFC,0x00
"SPI","result",0.0895842,0.0000076,0xBF,0x00
"SPI","result",0.0895932,0.0000076,0x6D,0x00
"SPI","result",0.0896022,0.0000076,0x8E,0x00
"SPI","result",0.0896112,0.0000076,0x6C,0x00
"SPI","result",0.0896202,0.0000076,0x48,0x00
"SPI","result",0.0896292,0.0000076,0x7B,0x00
"SPI","result",0.0896382,0.0000076,0xD8,0x00
"SPI","result",0.0896472,0.0000076,0xBB,0x00
"SPI","result",0.0896562,0.0000076,0xE0,0x00
"SPI","result",0.0896652,0.0000076,0xE7,0x00
"SPI","result",0.0896742,0.0000076,0xF1,0x00
"SPI","result",0.0896832,0.0000076,0x2B,0x00
"SPI","result",0.0896922,0.0000076,0xB0,0x00
"SPI","result",0.0897012,0.0000076,0x37,0x00
"SPI","result",0.0897102,0.0000076,0xD4,0x00
"SPI","result",0.0897192,0.0000076,0x14,0x00
"SPI","result",0.0897282,0.0000076,0x9F,0x00
"SPI","result",0.0897372,0.0000076,0x07,0x00
"SPI","result",0.0897462,0.0000076,0xA2,0x00
"SPI","result",0.0897552,0.0000076,0xA4,0x00
"SPI","result",0.0897642,0.0000076,0x04,0x00
"SPI","result",0.0897732,0.0000076,0xD9,0x00
"SPI","result",0.0897822,0.0000076,0xAB,0x00
"SPI","result",0.0897912,0.0000076,0xA2,0x00
"SPI","result",0.0898002,0.0000076,0x59,0x00
"SPI","result",0.0898092,0.0000076,0xA3,0x00
"SPI","result",0.0898182,0.0000076,0xB9,0x00
"SPI","result",0.0898272,0.0000076,0xC5,0x00
"SPI","result",0.0898362,0.0000076,0x56,0x00
"SPI","result",0.0898452,0.0000076,0xD0,0x00
"SPI","result",0.0898542,0.0000076,0xDF,0x00
"SPI","result",0.0898632,0.0000076,0x6F,0x00
"SPI","result",0.0898722,0.0000076,0xFD,0x00
"SPI","result",0.0898812,0.0000076,0x17,0x00
"SPI","result",0.0898902,0.0000076,0x3C,0x00
"SPI","result",0.0898992,0.0000076,0xA3,0x00
"SPI","result",0.0899082,0.0000076,0xF6,0x00
"SPI","result",0.0899172,0.0000076,0x4F,0x00
"SPI","result",0.0899262,0.0000076,0x7E,0x00
"SPI","result",0.0899352,0.0000076,0x64,0x00
"SPI","result",0.0899442,0.0000076,0xBE,0x00
"SPI","result",0.0899532,0.0000076,0x0E,0x00
"SPI","result",0.0899622,0.0000076,0x92,0x00
"SPI","result",0.0899712,0.0000076,0xDC,0x00
"SPI","result",0.0899802,0.0000076,0x65,0x00
"SPI","result",0.0899892,0.0000076,0x06,0x00
"SPI","result",0.0899982,0.0000076,0xC2,0x00
"SPI","result",0.0900072,0.0000076,0x01,0x00
"SPI","result",0.0900162,0.0000076,0xE8,0x00
"SPI","result",0.0900252,0.0000076,0xDA,0x00
"SPI","result",0.0900342,0.0000076,0x10,0x00
"SPI","result",0.0900432,0.0000076,0xF1,0x00
"SPI","result",0.0900522,0.0000076,0xCE,0x00
"SPI","result",0.0900612,0.0000076,0xEB,0x00
"SPI","result",0.0900861,0.0000076,0x3F,0x00
"SPI","result",0.0900951,0.0000076,0xD4,0x00
"SPI","result",0.0901041,0.0000076,0x00,0x00
"SPI","result",0.0901131,0.0000076,0x24,0x00
"SPI","result",0.0901286,0.0000076,0x00,0x00
"SPI","result",0.0901384,0.0000076,0x00,0x00
"SPI","result",0.0901481,0.0000076,0x00,0x00
"SPI","result",0.0901578,0.0000076,0x00,0x00
"SPI","result",0.0901675,0.0000076,0x00,0x00
"SPI","result",0.0901772,0.0000076,0x00,0x00
"SPI","result",0.0901869,0.0000076,0x00,0x00
"SPI","result",0.0901966,0.0000077,0x00,0x00
"SPI","result",0.0902064,0.0000076,0x00,0x00
"SPI","result",0.0902161,0.0000076,0x00,0x00
"SPI","result",0.0902257,0.0000076,0x00,0x00
"SPI","result",0.0902355,0.0000076,0x00,0x00
"SPI","result",0.0902451,0.0000076,0x00,0x01
"SPI","result",0.0902549,0.0000076,0xE6,0x00
"SPI","result",0.0902639,0.0000076,0xA7,0x00
"SPI","result",0.0902729,0.0000076,0xD7,0x00
"SPI","result",0.0902819,0.0000076,0xFF,0x00
"SPI","result",0.0902909,0.0000076,0x7F,0x00
"SPI","result",0.0902999,0.0000076,0x6E,0x00
"SPI","result",0.0903089,0.0000076,0x77,0x00
"SPI","result",0.0903179,0.0000076,0x06,0x00
"SPI","result",0.0903269,0.0000076,0x65,0x00
"SPI","result",0.0903359,0.0000076,0xB3,0x00
"SPI","result",0.0903449,0.0000076,0xA1,0x00
"SPI","result",0.0903539,0.0000076,0x43,0x00
"SPI","result",0.0903629,0.0000076,0x05,0x00
"SPI","result",0.0903719,0.0000076,0x51,0x00
"SPI","result",0.0903809,0.0000076,0x43,0x00
"SPI","result",0.0903899,0.0000076,0x18,0x00
"SPI","result",0.0903989,0.0000076,0xF4,0x00
"SPI","result",0.0904079,0.0000076,0x6A,0x00
"SPI","result",0.0904169,0.0000076,0xFA,0x00
"SPI","result",0.0904259,0.0000076,0x28,0x00
"SPI","result",0.0904349,0.0000076,0xC3,0x00
"SPI","result",0.0904439,0.0000076,0xD8,0x00
"SPI","result",0.0904529,0.0000076,0x57,0x00
"SPI","result",0.0904619,0.0000076,0xDF,0x00
"SPI","result",0.0904709,0.0000076,0x3C,0x00
"SPI","result",0.0904799,0.0000076,0xA9,0x00
"SPI","result",0.0904889,0.0000076,0x4C,0x00
"SPI","result",0.0904979,0.0000076,0xA0,0x00
"SPI","result",0.0905069,0.0000076,0x3E,0x00
"SPI","result",0.0905159,0.0000076,0x38,0x00
"SPI","result",0.0905249,0.0000076,0x95,0x00
"SPI","result",0.0905339,0.0000076,0xBF,0x00
"SPI","result",0.0905429,0.0000076,0xEF,0x00
"SPI","result",0.0905519,0.0000076,0x66,0x00
"SPI","result",0.0905609,0.0000076,0x74,0x00
"SPI","result",0.0905699,0.0000076,0x24,0x00
"SPI","result",0.0905789,0.0000076,0x1E,0x00
"SPI","result",0.0905879,0.0000076,0x0D,0x00
"SPI","result",0.0905969,0.0000076,0xF9,0x00
"SPI","result",0.0906059,0.0000076,0x2D,0x00
"SPI","result",0.0906149,0.0000076,0xCF,0x00
"SPI","result",0.0906239,0.0000076,0xD6,0x00
"SPI","result",0.0906329,0.0000076,0x9E,0x00
"SPI","result",0.0906419,0.0000076,0x7D,0x00
"SPI","result",0.0906509,0.0000076,0x70,0x00
"SPI","result",0.0906599,0.0000076,0x8E,0x00
"SPI","result",0.0906689,0.0000076,0x8C,0x00
"SPI","result",0.0906779,0.0000076,0xF4,0x00
"SPI","result",0.0906869,0.0000076,0x4E,0x00
"SPI","result",0.0906959,0.0000076,0x3A,0x00
"SPI","result",0.0907049,0.0000076,0xCA,0x00
"SPI","result",0.0907139,0.0000076,0x7E,0x00
"SPI","result",0.0907229,0.0000076,0xDD,0x00
"SPI","result",0.0907319,0.0000076,0x6D,0x00
"SPI","result",0.0907409,0.0000076,0xF3,0x00
"SPI","result",0.0907499,0.0000076,0xA5,0x00
"SPI","result",0.0907589,0.0000076,0x36,0x00
"SPI","result",0.0907679,0.0000076,0xF8,0x00
"SPI","result",0.0907769,0.0000076,0x9A,0x00
"SPI","result",0.0907859,0.0000076,0xD3,0x00
"SPI","result",0.0907949,0.0000076,0x0C,0x00
"SPI","result",0.0908039,0.0000076,0x61,0x00
"SPI","result",0.0908129,0.0000076,0xFD,0x00
"SPI","result",0.0908219,0.0000076,0x28,0x00
"SPI","result",0.0908449,0.0000076,0x3F,0x00
"SPI","result",0.0908539,0.0000076,0xD4,0x00
"SPI","result",0.0908629,0.0000076,0x00,0x00
"SPI","result",0.0908719,0.0000076,0x24,0x00
"SPI","result",0.0908869,0.0000076,0x00,0x00
"SPI","result",0.0908967,0.0000076,0x00,0x00
"SPI","result",0.0909064,0.0000076,0x00,0x00
"SPI","result",0.0909161,0.0000076,0x00,0x00
"SPI","result",0.0909258,0.0000076,0x00,0x00
"SPI","result",0.0909355,0.0000076,0x00,0x00
"SPI","result",0.0909452,0.0000076,0x00,0x00
"SPI","result",0.0909549,0.0000076,0x00,0x00
"SPI","result",0.0909646,0.0000076,0x00,0x00
"SPI","result",0.0909743,0.0000076,0x00,0x00
"SPI","result",0.090984,0.0000076,0x00,0x00
"SPI","result",0.0909937,0.0000076,0x00,0x00
"SPI","result",0.0910034,0.0000076,0x00,0x00
"SPI","result",0.0910132,0.0000076,0x00,0x01
"SPI","result",0.0910229,0.0000076,0x00,0x00
"SPI","result",0.0910319,0.0000076,0x65,0x00
"SPI","result",0.0910409,0.0000076,0x6C,0x00
"SPI","result",0.0910499,0.0000076,0xE9,0x00
"SPI","result",0.0910589,0.0000076,0x84,0x00
"SPI","result",0.0910679,0.0000076,0x79,0x00
"SPI","result",0.0910769,0.0000076,0xAC,0x00
"SPI","result",0.0910859,0.0000076,0x56,0x00
"SPI","result",0.0910949,0.0000076,0x01,0x00
"SPI","result",0.0911039,0.0000076,0x4E,0x00
"SPI","result",0.0911129,0.0000076,0xB6,0x00
"SPI","result",0.0911219,0.0000076,0xA9,0x00
"SPI","result",0.0911309,0.0000076,0x58,0x00
"SPI","result",0.0911399,0.0000076,0x68,0x00
"SPI","result",0.0911489,0.0000076,0x8E,0x00
"SPI","result",0.0911579,0.0000076,0x69,0x00
"SPI","result",0.0911669,0.0000076,0x20,0x00
"SPI","result",0.0911759,0.0000076,0x8F,0x00
"SPI","result",0.0911849,0.0000076,0x8B,0x00
"SPI","result",0.0911939,0.0000076,0x21,0x00
"SPI","result",0.0912029,0.0000076,0x22,0x00
"SPI","result",0.0912119,0.0000076,0x47,0x00
"SPI","result",0.0912209,0.0000076,0x22,0x00
"SPI","result",0.0912299,0.0000076,0x8F,0x00
"SPI","result",0.0912389,0.0000076,0x85,0x00
"SPI","result",0.0912479,0.0000076,0x44,0x00
"SPI","result",0.0912569,0.0000076,0x7F,0x00
"SPI","result",0.0912659,0.0000076,0xD9,0x00
"SPI","result",0.0912749,0.0000076,0xFA,0x00
"SPI","result",0.0912839,0.0000076,0xC5,0x00
"SPI","result",0.0912929,0.0000076,0xFE,0x00
"SPI","result",0.0913019,0.0000076,0xB5,0x00
"SPI","result",0.0913109,0.0000076,0x83,0x00
"SPI","result",0.0913199,0.0000076,0xC9,0x00
"SPI","result",0.0913289,0.0000076,0xF3,0x00
"SPI","result",0.0913379,0.0000076,0x80,0x00
"SPI","result",0.0913469,0.0000076,0x13,0x00
"SPI","result",0.0913559,0.0000076,0x49,0x00
"SPI","result",0.0913649,0.0000076,0xA9,0x00
"SPI","result",0.0913739,0.0000076,0x51,0x00
"SPI","result",0.0913829,0.0000076,0x68,0x00
"SPI","result",0.0913919,0.0000076,0x71,0x00
"SPI","result",0.0914009,0.0000076,0x02,0x00
"SPI","result",0.0914099,0.0000076,0x34,0x00
"SPI","result",0.0914189,0.0000076,0x3B,0x00
"SPI","result",0.0914279,0.0000076,0x69,0x00
"SPI","result",0.0914369,0.0000076,0x31,0x00
"SPI","result",0.0914459,0.0000076,0x6C,0x00
"SPI","result",0.0914549,0.0000076,0x5F,0x00
"SPI","result",0.0914639,0.0000076,0x6F,0x00
"SPI","result",0.0914729,0.0000076,0xA5,0x00
"SPI","result",0.0914819,0.0000076,0xCC,0x00
"SPI","result",0.0914909,0.0000076,0x31,0x00
"SPI","result",0.0914999,0.0000076,0xDD,0x00
"SPI","result",0.0915089,0.0000076,0x5F,0x00
"SPI","result",0.0915179,0.0000076,0x90,0x00
"SPI","result",0.0915269,0.0000076,0x0E,0x00
"SPI","result",0.0915359,0.0000076,0x2B,0x00
"SPI","result",0.0915449,0.0000076,0x66,0x00
"SPI","result",0.0915539,0.0000076,0x45,0x00
"SPI","result",0.0915629,0.0000076,0xAE,0x00
"SPI","result",0.0915719,0.0000076,0x93,0x00
"SPI","result",0.0915809,0.0000076,0x6E,0x00
"SPI","result",0.0915899,0.0000076,0x2C,0x00
"SPI","result",0.0916131,0.0000076,0x80,0x00
"SPI","result",0.0916221,0.0000076,0xD4,0x00
"SPI","result",0.0916311,0.0000076,0x00,0x00
"SPI","result",0.0916401,0.0000076,0x18,0x00
"SPI","result",0.0916551,0.0000076,0x00,0x00
"SPI","result",0.0916648,0.0000076,0x00,0x00
"SPI","result",0.0916745,0.0000076,0x00,0x00
"SPI","result",0.0916842,0.0000076,0x00,0x00
"SPI","result",0.0916939,0.0000076,0x00,0x00
"SPI","result",0.0917036,0.0000076,0x00,0x00
"SPI","result",0.0917133,0.0000076,0x00,0x00
"SPI","result",0.091723,0.0000076,0x00,0x00
"SPI","result",0.0917327,0.0000076,0x00,0x00
"SPI","result",0.0917424,0.0000076,0x00,0x00
"SPI","result",0.091752,0.0000077,0x00,0x00
"SPI","result",0.0917618,0.0000076,0x00,0x00
"SPI","result",0.0917714,0.0000076,0x00,0x01
"SPI","result",0.0917812,0.0000076,0x00,0x8C
"SPI","result",0.0917968,0.0000077,0x80,0x00
"SPI","result",0.0918058,0.0000076,0xD4,0x00
"SPI","result",0.0918148,0.0000076,0x00,0x00
"SPI","result",0.0918238,0.0000076,0x18,0x00
"SPI","result",0.0918388,0.0000076,0x00,0x00
"SPI","result",0.0918485,0.0000076,0x00,0x00
"SPI","result",0.0918582,0.0000076,0x00,0x00
"SPI","result",0.091868,0.0000076,0x00,0x00
"SPI","result",0.0918777,0.0000076,0x00,0x00
"SPI","result",0.0918874,0.0000076,0x00,0x00
"SPI","result",0.0918971,0.0000076,0x00,0x00
"SPI","result",0.0919068,0.0000076,0x00,0x00
"SPI","result",0.0919165,0.0000076,0x00,0x00
"SPI","result",0.0919356,0.0000076,0x00,0x00
"SPI","result",0.0919453,0.0000076,0x00,0x00
"SPI","result",0.091955,0.0000076,0x00,0x00
"SPI","result",0.0919647,0.0000076,0x00,0x00
"SPI","result",0.0919744,0.0000076,0x00,0x00
"SPI","result",0.0919841,0.0000076,0x00,0x01
"SPI","result",0.0919939,0.0000076,0x00,0x8C
"SPI","result",0.0920104,0.0000076,0x83,0x00
"SPI","result",0.0920194,0.0000076,0xD4,0x00
"SPI","result",0.0920284,0.0000076,0x00,0x00
"SPI","result",0.0920374,0.0000076,0x18,0x00
"SPI","result",0.0920535,0.0000076,0x00,0x00
"SPI","result",0.0920632,0.0000076,0x00,0x00
"SPI","result",0.0920729,0.0000076,0x00,0x00
"SPI","result",0.0920827,0.0000076,0x00,0x00
"SPI","result",0.0920924,0.0000076,0x00,0x00
"SPI","result",0.0921021,0.0000076,0x00,0x00
"SPI","result",0.0921118,0.0000076,0x00,0x00
"SPI","result",0.0921215,0.0000076,0x00,0x00
"SPI","result",0.0921312,0.0000076,0x00,0x00
"SPI","result",0.0921409,0.0000076,0x00,0x00
"SPI","result",0.0921507,0.0000076,0x00,0x00
"SPI","result",0.0921603,0.0000076,0x00,0x00
"SPI","result",0.0921701,0.0000076,0x00,0x01
"SPI","result",0.0921798,0.0000076,0x00,0x04
"SPI","result",0.0921888,0.0000076,0x00,0x00
"SPI","result",0.0921978,0.0000076,0x00,0x01
"SPI","result",0.0922068,0.0000076,0x00,0x8C
"SPI","result",0.092228,0.0000076,0x3F,0x00
"SPI","result",0.092237,0.0000076,0xD4,0x00
"SPI","result",0.092246,0.0000076,0x00,0x00
"SPI","result",0.092255,0.0000076,0x24,0x00
"SPI","result",0.0922705,0.0000076,0x00,0x00
"SPI","result",0.0922803,0.0000076,0x00,0x00
"SPI","result",0.0922901,0.0000076,0x00,0x00
"SPI","result",0.0922997,0.0000076,0x00,0x00
"SPI","result",0.0923095,0.0000076,0x00,0x00
"SPI","result",0.0923192,0.0000076,0x00,0x00
"SPI","result",0.0923289,0.0000076,0x00,0x00
"SPI","result",0.0923386,0.0000076,0x00,0x00
"SPI","result",0.0923483,0.0000076,0x00,0x00
"SPI","result",0.0923581,0.0000076,0x00,0x00
"SPI","result",0.0923679,0.0000076,0x00,0x01
"SPI","result",0.0923778,0.0000076,0x09,0x00
"SPI","result",0.0923868,0.0000076,0xED,0x00
"SPI","result",0.0923958,0.0000076,0x1E,0x00
"SPI","result",0.0924048,0.0000076,0xC0,0x00
"SPI","result",0.0924138,0.0000076,0x03,0x00
"SPI","result",0.0924228,0.0000076,0xC9,0x00
"SPI","result",0.0924318,0.0000076,0xB5,0x00
"SPI","result",0.0924408,0.0000076,0xB0,0x00
"SPI","result",0.0924498,0.0000076,0x85,0x00
"SPI","result",0.0924588,0.0000076,0x4B,0x00
"SPI","result",0.0924678,0.0000076,0x02,0x00
"SPI","result",0.0924768,0.0000076,0x74,0x00
"SPI","result",0.0924858,0.0000076,0x32,0x00
"SPI","result",0.0924948,0.0000076,0x48,0x00
"SPI","result",0.0925038,0.0000076,0x84,0x00
"SPI","result",0.0925128,0.0000076,0x75,0x00
"SPI","result",0.0925218,0.0000076,0x7F,0x00
"SPI","result",0.0925308,0.0000076,0x86,0x00
"SPI","result",0.0925398,0.0000076,0x07,0x00
"SPI","result",0.0925488,0.0000076,0xC3,0x00
"SPI","result",0.0925578,0.0000076,0x1C,0x00
"SPI","result",0.0925668,0.0000076,0xE8,0x00
"SPI","result",0.0925758,0.0000076,0xCE,0x00
"SPI","result",0.0925848,0.0000076,0x17,0x00
"SPI","result",0.0925938,0.0000076,0x83,0x00
"SPI","result",0.0926028,0.0000076,0x3E,0x00
"SPI","result",0.0926118,0.0000076,0x27,0x00
"SPI","result",0.0926208,0.0000076,0x42,0x00
"SPI","result",0.0926298,0.0000076,0x61,0x00
"SPI","result",0.0926388,0.0000076,0x4D,0x00
"SPI","result",0.0926478,0.0000076,0xF4,0x00
"SPI","result",0.0926568,0.0000076,0x78,0x00
"SPI","result",0.0926658,0.0000076,0x46,0x00
"SPI","result",0.0926748,0.0000076,0x70,0x00
"SPI","result",0.0926838,0.0000076,0xC2,0x00
"SPI","result",0.0926928,0.0000076,0x8D,0x00
"SPI","result",0.0927018,0.0000076,0x6E,0x00
"SPI","result",0.0927108,0.0000076,0x04,0x00
"SPI","result",0.0927198,0.0000076,0x93,0x00
"SPI","result",0.0927288,0.0000076,0x93,0x00
"SPI","result",0.0927378,0.0000076,0x84,0x00
"SPI","result",0.0927468,0.0000076,0x86,0x00
"SPI","result",0.0927558,0.0000076,0x68,0x00
"SPI","result",0.0927648,0.0000076,0xBB,0x00
"SPI","result",0.0927738,0.0000076,0xA1,0x00
"SPI","result",0.0927828,0.0000076,0x5A,0x00
"SPI","result",0.0927918,0.0000076,0xAD,0x00
"SPI","result",0.0928008,0.0000076,0xAC,0x00
"SPI","result",0.0928098,0.0000076,0xFD,0x00
"SPI","result",0.0928188,0.0000076,0xB2,0x00
"SPI","result",0.0928278,0.0000076,0x80,0x00
"SPI","result",0.0928368,0.0000076,0x14,0x00
"SPI","result",0.0928458,0.0000076,0xDF,0x00
"SPI","result",0.0928548,0.0000076,0x34,0x00
"SPI","result",0.0928638,0.0000076,0x4C,0x00
"SPI","result",0.0928728,0.0000076,0x40,0x00
"SPI","result",0.0928818,0.0000076,0x7F,0x00
"SPI","result",0.0928908,0.0000076,0x4C,0x00
"SPI","result",0.0928998,0.0000076,0xD1,0x00
"SPI","result",0.0929088,0.0000076,0x3B,0x00
"SPI","result",0.0929178,0.0000076,0x46,0x00
"SPI","result",0.0929268,0.0000076,0xB0,0x00
"SPI","result",0.0929358,0.0000076,0x43,0x00
"SPI","result",0.0929448,0.0000076,0x05,0x00
"SPI","result",0.0929716,0.0000076,0x3F,0x00
"SPI","result",0.0929806,0.0000076,0xD4,0x00
"SPI","result",0.0929896,0.0000076,0x00,0x00
"SPI","result",0.0929986,0.0000076,0x24,0x00
"SPI","result",0.0930144,0.0000076,0x00,0x00
"SPI","result",0.0930243,0.0000076,0x00,0x00
"SPI","result",0.093034,0.0000076,0x00,0x00
"SPI","result",0.0930438,0.0000076,0x00,0x00
"SPI","result",0.0930534,0.0000076,0x00,0x00
"SPI","result",0.0930631,0.0000077,0x00,0x00
"SPI","result",0.0930729,0.0000076,0x00,0x00
"SPI","result",0.0930826,0.0000076,0x00,0x00
"SPI","result",0.0930923,0.0000076,0x00,0x00
"SPI","result",0.093102,0.0000076,0x00,0x00
"SPI","result",0.0931117,0.0000076,0x00,0x00
"SPI","result",0.0931214,0.0000076,0x00,0x00
"SPI","result",0.0931312,0.0000076,0x00,0x01
"SPI","result",0.0931413,0.0000076,0x27,0x00
"SPI","result",0.0931503,0.0000076,0x7C,0x00
"SPI","result",0.0931593,0.0000076,0x37,0x00
"SPI","result",0.0931683,0.0000076,0xA7,0x00
"SPI","result",0.0931773,0.0000076,0x3B,0x00
"SPI","result",0.0931863,0.0000076,0x5B,0x00
"SPI","result",0.0931953,0.0000076,0x50,0x00
"SPI","result",0.0932043,0.0000076,0xC4,0x00
"SPI","result",0.0932133,0.0000076,0xC2,0x00
"SPI","result",0.0932223,0.0000076,0x80,0x00
"SPI","result",0.0932313,0.0000076,0x99,0x00
"SPI","result",0.0932403,0.0000076,0x46,0x00
"SPI","result",0.0932493,0.0000076,0x8C,0x00
"SPI","result",0.0932583,0.0000076,0x80,0x00
"SPI","result",0.0932673,0.0000076,0x34,0x00
"SPI","result",0.0932763,0.0000076,0x7D,0x00
"SPI","result",0.0932853,0.0000076,0xCD,0x00
"SPI","result",0.0932943,0.0000076,0x74,0x00
"SPI","result",0.0933033,0.0000076,0x58,0x00
"SPI","result",0.0933123,0.0000076,0x15,0x00
"SPI","result",0.0933213,0.0000076,0x4E,0x00
"SPI","result",0.0933303,0.0000076,0x64,0x00
"SPI","result",0.0933393,0.0000076,0x46,0x00
"SPI","result",0.0933483,0.0000076,0x3C,0x00
"SPI","result",0.0933573,0.0000076,0x4F,0x00
"SPI","result",0.0933663,0.0000076,0x1D,0x00
"SPI","result",0.0933753,0.0000076,0x0A,0x00
"SPI","result",0.0933843,0.0000076,0xE0,0x00
"SPI","result",0.0933933,0.0000076,0x9B,0x00
"SPI","result",0.0934023,0.0000076,0xB9,0x00
"SPI","result",0.0934113,0.0000076,0xF9,0x00
"SPI","result",0.0934203,0.0000076,0x49,0x00
"SPI","result",0.0934293,0.0000076,0xF6,0x00
"SPI","result",0.0934383,0.0000076,0x2A,0x00
"SPI","result",0.0934473,0.0000076,0x42,0x00
"SPI","result",0.0934563,0.0000076,0x20,0x00
"SPI","result",0.0934653,0.0000076,0xDC,0x00
"SPI","result",0.0934743,0.0000076,0x21,0x00
"SPI","result",0.0934833,0.0000076,0x01,0x00
"SPI","result",0.0934923,0.0000076,0x36,0x00
"SPI","result",0.0935013,0.0000076,0x5A,0x00
"SPI","result",0.0935103,0.0000076,0xE7,0x00
"SPI","result",0.0935193,0.0000076,0x5E,0x00
"SPI","result",0.0935283,0.0000076,0xA8,0x00
"SPI","result",0.0935373,0.0000076,0xD8,0x00
"SPI","result",0.0935463,0.0000076,0x79,0x00
"SPI","result",0.0935553,0.0000076,0xF6,0x00
"SPI","result",0.0935643,0.0000076,0xF2,0x00
"SPI","result",0.0935733,0.0000076,0xD4,0x00
"SPI","result",0.0935823,0.0000076,0x86,0x00
"SPI","result",0.0935913,0.0000076,0xF0,0x00
"SPI","result",0.0936003,0.0000076,0x69,0x00
"SPI","result",0.0936093,0.0000076,0xD5,0x00
"SPI","result",0.0936183,0.0000076,0xC9,0x00
"SPI","result",0.0936273,0.0000076,0xE4,0x00
"SPI","result",0.0936363,0.0000076,0xEE,0x00
"SPI","result",0.0936453,0.0000076,0x00,0x00
"SPI","result",0.0936543,0.0000076,0x20,0x00
"SPI","result",0.0936633,0.0000076,0x9C,0x00
"SPI","result",0.0936723,0.0000076,0xE7,0x00
"SPI","result",0.0936813,0.0000076,0xFA,0x00
"SPI","result",0.0936903,0.0000076,0xFE,0x00
"SPI","result",0.0936993,0.0000076,0x28,0x00
"SPI","result",0.0937083,0.0000076,0xA3,0x00
"SPI","result",0.0937363,0.0000076,0x3F,0x00
"SPI","result",0.0937453,0.0000076,0xD4,0x00
"SPI","result",0.0937543,0.0000076,0x00,0x00
"SPI","result",0.0937633,0.0000076,0x24,0x00
"SPI","result",0.0937788,0.0000076,0x00,0x00
"SPI","result",0.0937886,0.0000076,0x00,0x00
"SPI","result",0.0937983,0.0000076,0x00,0x00
"SPI","result",0.093808,0.0000076,0x00,0x00
"SPI","result",0.0938177,0.0000077,0x00,0x00
"SPI","result",0.0938275,0.0000076,0x00,0x00
"SPI","result",0.0938373,0.0000076,0x00,0x00
"SPI","result",0.093847,0.0000076,0x00,0x00
"SPI","result",0.0938567,0.0000076,0x00,0x00
"SPI","result",0.0938665,0.0000076,0x00,0x00
"SPI","result",0.0938762,0.0000076,0x00,0x00
"SPI","result",0.093886,0.0000076,0x00,0x00
"SPI","result",0.0938957,0.0000076,0x00,0x01
"SPI","result",0.0939056,0.0000076,0xD2,0x00
"SPI","result",0.0939146,0.0000076,0x38,0x00
"SPI","result",0.0939236,0.0000076,0x78,0x00
"SPI","result",0.0939326,0.0000076,0x4D,0x00
"SPI","result",0.0939416,0.0000076,0xE4,0x00
"SPI","result",0.0939506,0.0000076,0x44,0x00
"SPI","result",0.0939596,0.0000076,0x40,0x00
"SPI","result",0.0939686,0.0000076,0x6F,0x00
"SPI","result",0.0939776,0.0000076,0x90,0x00
"SPI","result",0.0939866,0.0000076,0x26,0x00
"SPI","result",0.0939956,0.0000076,0xDD,0x00
"SPI","result",0.0940046,0.0000076,0x44,0x00
"SPI","result",0.0940136,0.0000076,0x34,0x00
"SPI","result",0.0940226,0.0000076,0x6F,0x00
"SPI","result",0.0940316,0.0000076,0x87,0x00
"SPI","result",0.0940406,0.0000076,0x83,0x00
"SPI","result",0.0940496,0.0000076,0x3F,0x00
"SPI","result",0.0940586,0.0000076,0xB7,0x00
"SPI","result",0.0940676,0.0000076,0x9B,0x00
"SPI","result",0.0940766,0.0000076,0x05,0x00
"SPI","result",0.0940856,0.0000076,0xAB,0x00
"SPI","result",0.0940946,0.0000076,0x54,0x00
"SPI","result",0.0941036,0.0000076,0x46,0x00
"SPI","result",0.0941126,0.0000076,0xCF,0x00
"SPI","result",0.0941216,0.0000076,0x94,0x00
"SPI","result",0.0941306,0.0000076,0x96,0x00
"SPI","result",0.0941396,0.0000076,0x69,0x00
"SPI","result",0.0941486,0.0000076,0x20,0x00
"SPI","result",0.0941576,0.0000076,0x05,0x00
"SPI","result",0.0941666,0.0000076,0x49,0x00
"SPI","result",0.0941756,0.0000076,0xEA,0x00
"SPI","result",0.0941846,0.0000076,0x04,0x00
"SPI","result",0.0941936,0.0000076,0x67,0x00
"SPI","result",0.0942026,0.0000076,0xCD,0x00
"SPI","result",0.0942116,0.0000076,0x0D,0x00
"SPI","result",0.0942206,0.0000076,0x94,0x00
"SPI","result",0.0942296,0.0000076,0x03,0x00
"SPI","result",0.0942386,0.0000076,0x7F,0x00
"SPI","result",0.0942476,0.0000076,0x76,0x00
"SPI","result",0.0942566,0.0000076,0x1E,0x00
"SPI","result",0.0942656,0.0000076,0xBF,0x00
"SPI","result",0.0942746,0.0000076,0xF6,0x00
"SPI","result",0.0942836,0.0000076,0x84,0x00
"SPI","result",0.0942926,0.0000076,0x08,0x00
"SPI","result",0.0943016,0.0000076,0x86,0x00
"SPI","result",0.0943106,0.0000076,0x1F,0x00
"SPI","result",0.0943196,0.0000076,0x47,0x00
"SPI","result",0.0943286,0.0000076,0xA3,0x00
"SPI","result",0.0943376,0.0000076,0x2A,0x00
"SPI","result",0.0943466,0.0000076,0xB9,0x00
"SPI","result",0.0943556,0.0000076,0x96,0x00
"SPI","result",0.0943646,0.0000076,0x26,0x00
"SPI","result",0.0943736,0.0000076,0xF3,0x00
"SPI","result",0.0943826,0.0000076,0x81,0x00
"SPI","result",0.0943916,0.0000076,0xAB,0x00
"SPI","result",0.0944006,0.0000076,0x51,0x00
"SPI","result",0.0944096,0.0000076,0x33,0x00
"SPI","result",0.0944186,0.0000076,0x38,0x00
"SPI","result",0.0944276,0.0000076,0xDD,0x00
"SPI","result",0.0944366,0.0000076,0xAE,0x00
"SPI","result",0.0944456,0.0000076,0x70,0x00
"SPI","result",0.0944546,0.0000076,0x1D,0x00
"SPI","result",0.0944636,0.0000076,0xF1,0x00
"SPI","result",0.0944726,0.0000076,0x91,0x00
"SPI","result",0.0945846,0.0000076,0x3F,0x00
"SPI","result",0.0945936,0.0000076,0xD4,0x00
"SPI","result",0.0946026,0.0000076,0x00,0x00
"SPI","result",0.0946116,0.0000076,0x24,0x00
"SPI","result",0.094631,0.0000076,0x00,0x00
"SPI","result",0.0946411,0.0000076,0x00,0x00
"SPI","result",0.0946508,0.0000076,0x00,0x00
"SPI","result",0.0946606,0.0000076,0x00,0x00
"SPI","result",0.0946702,0.0000076,0x00,0x00
"SPI","result",0.09468,0.0000076,0x00,0x00
"SPI","result",0.0946896,0.0000076,0x00,0x00
"SPI","result",0.0946993,0.0000076,0x00,0x00
"SPI","result",0.094709,0.0000076,0x00,0x00
"SPI","result",0.0947187,0.0000076,0x00,0x00
"SPI","result",0.0947284,0.0000076,0x00,0x00
"SPI","result",0.0947382,0.0000076,0x00,0x01
"SPI","result",0.0947482,0.0000076,0xAA,0x00
"SPI","result",0.0947572,0.0000076,0xD1,0x00
"SPI","result",0.0947662,0.0000076,0x96,0x00
"SPI","result",0.0947752,0.0000076,0x2E,0x00
"SPI","result",0.0947842,0.0000076,0x25,0x00
"SPI","result",0.0947932,0.0000076,0xE6,0x00
"SPI","result",0.0948022,0.0000076,0xBF,0x00
"SPI","result",0.0948112,0.0000076,0x6D,0x00
"SPI","result",0.0948202,0.0000076,0xAC,0x00
"SPI","result",0.0948292,0.0000076,0xC3,0x00
"SPI","result",0.0948382,0.0000076,0x3A,0x00
"SPI","result",0.0948472,0.0000076,0x21,0x00
"SPI","result",0.0948562,0.0000076,0x12,0x00
"SPI","result",0.0948652,0.0000076,0xA2,0x00
"SPI","result",0.0948742,0.0000076,0x91,0x00
"SPI","result",0.0948832,0.0000076,0xE3,0x00
"SPI","result",0.0948922,0.0000076,0x3C,0x00
"SPI","result",0.0949012,0.0000076,0x0E,0x00
"SPI","result",0.0949102,0.0000076,0x99,0x00
"SPI","result",0.0949192,0.0000076,0x5A,0x00
"SPI","result",0.0949282,0.0000076,0x2F,0x00
"SPI","result",0.0949372,0.0000076,0xF8,0x00
"SPI","result",0.0949462,0.0000076,0x12,0x00
"SPI","result",0.0949552,0.0000076,0x2C,0x00
"SPI","result",0.0949642,0.0000076,0xF1,0x00
"SPI","result",0.0949732,0.0000076,0x08,0x00
"SPI","result",0.0949822,0.0000076,0x01,0x00
"SPI","result",0.0949912,0.0000076,0x78,0x00
"SPI","result",0.0950002,0.0000076,0x34,0x00
"SPI","result",0.0950092,0.0000076,0xF0,0x00
"SPI","result",0.0950182,0.0000076,0x95,0x00
"SPI","result",0.0950272,0.0000076,0x59,0x00
"SPI","result",0.0950362,0.0000076,0xB3,0x00
"SPI","result",0.0950452,0.0000076,0xB8,0x00
"SPI","result",0.0950542,0.0000076,0x5D,0x00
"SPI","result",0.0950632,0.0000076,0xBD,0x00
"SPI","result",0.0950722,0.0000076,0xFF,0x00
"SPI","result",0.0950812,0.0000076,0x43,0x00
"SPI","result",0.0950902,0.0000076,0x9A,0x00
"SPI","result",0.0950992,0.0000076,0x54,0x00
"SPI","result",0.0951082,0.0000076,0x32,0x00
"SPI","result",0.0951172,0.0000076,0x56,0x00
"SPI","result",0.0951262,0.0000076,0x7B,0x00
"SPI","result",0.0951352,0.0000076,0xB8,0x00
"SPI","result",0.0951442,0.0000076,0x22,0x00
"SPI","result",0.0951532,0.0000076,0xE6,0x00
"SPI","result",0.0951622,0.0000076,0x2E,0x00
"SPI","result",0.0951712,0.0000076,0x61,0x00
"SPI","result",0.0951802,0.0000076,0xB0,0x00
"SPI","result",0.0951892,0.0000076,0xFF,0x00
"SPI","result",0.0951982,0.0000076,0x68,0x00
"SPI","result",0.0952072,0.0000076,0x92,0x00
"SPI","result",0.0952162,0.0000076,0x71,0x00
"SPI","result",0.0952252,0.0000076,0x37,0x00
"SPI","result",0.0952342,0.0000076,0x04,0x00
"SPI","result",0.0952432,0.0000076,0x1C,0x00
"SPI","result",0.0952522,0.0000076,0xE7,0x00
"SPI","result",0.0952612,0.0000076,0x5F,0x00
"SPI","result",0.0952702,0.0000076,0x81,0x00
"SPI","result",0.0952792,0.0000076,0x94,0x00
"SPI","result",0.0952882,0.0000076,0x41,0x00
"SPI","result",0.0952972,0.0000076,0x61,0x00
"SPI","result",0.0953062,0.0000076,0xE8,0x00
"SPI","result",0.0953152,0.0000076,0x79,0x00
"SPI","result",0.0953428,0.0000076,0x80,0x00
"SPI","result",0.0953518,0.0000076,0xD4,0x00
"SPI","result",0.0953608,0.0000076,0x00,0x00
"SPI","result",0.0953698,0.0000076,0x18,0x00
"SPI","result",0.0953864,0.0000076,0x00,0x00
"SPI","result",0.0953962,0.0000076,0x00,0x00
"SPI","result",0.0954059,0.0000076,0x00,0x00
"SPI","result",0.0954156,0.0000077,0x00,0x00
"SPI","result",0.0954254,0.0000076,0x00,0x00
"SPI","result",0.0954351,0.0000076,0x00,0x00
"SPI","result",0.0954448,0.0000076,0x00,0x00
"SPI","result",0.0954545,0.0000076,0x00,0x00
"SPI","result",0.0954642,0.0000076,0x00,0x00
"SPI","result",0.0954739,0.0000076,0x00,0x00
"SPI","result",0.0954836,0.0000076,0x00,0x00
"SPI","result",0.0954933,0.0000076,0x00,0x00
"SPI","result",0.095503,0.0000076,0x00,0x01
"SPI","result",0.0955128,0.0000076,0x00,0x8C
"SPI","result",0.0955288,0.0000076,0x80,0x00
"SPI","result",0.0955378,0.0000076,0xD4,0x00
"SPI","result",0.0955468,0.0000076,0x00,0x00
"SPI","result",0.0955558,0.0000076,0x18,0x00
"SPI","result",0.0955714,0.0000076,0x00,0x00
"SPI","result",0.0955812,0.0000076,0x00,0x00
"SPI","result",0.095591,0.0000076,0x00,0x00
"SPI","result",0.0956007,0.0000076,0x00,0x00
"SPI","result",0.0956105,0.0000076,0x00,0x00
"SPI","result",0.0956202,0.0000076,0x00,0x00
"SPI","result",0.0956299,0.0000076,0x00,0x00
"SPI","result",0.0956397,0.0000076,0x00,0x00
"SPI","result",0.0956494,0.0000076,0x00,0x00
"SPI","result",0.0956591,0.0000076,0x00,0x00
"SPI","result",0.0956689,0.0000076,0x00,0x00
"SPI","result",0.0956786,0.0000076,0x00,0x00
"SPI","result",0.0956883,0.0000076,0x00,0x00
"SPI","result",0.095698,0.0000076,0x00,0x01
"SPI","result",0.0957078,0.0000076,0x00,0x8C
"SPI","result",0.095724,0.0000076,0x83,0x00
"SPI","result",0.095733,0.0000076,0xD4,0x00
"SPI","result",0.095742,0.0000076,0x00,0x00
"SPI","result",0.095751,0.0000076,0x18,0x00
"SPI","result",0.0957669,0.0000076,0x00,0x00
"SPI","result",0.0957767,0.0000076,0x00,0x00
"SPI","result",0.0957864,0.0000076,0x00,0x00
"SPI","result",0.0957961,0.0000076,0x00,0x00
"SPI","result",0.0958059,0.0000076,0x00,0x00
"SPI","result",0.0958156,0.0000076,0x00,0x00
"SPI","result",0.0958254,0.0000076,0x00,0x00
"SPI","result",0.0958351,0.0000076,0x00,0x00
"SPI","result",0.0958448,0.0000076,0x00,0x00
"SPI","result",0.0958546,0.0000076,0x00,0x00
"SPI","result",0.0958643,0.0000076,0x00,0x00
"SPI","result",0.095874,0.0000076,0x00,0x00
"SPI","result",0.0958838,0.0000076,0x00,0x00
"SPI","result",0.0958936,0.0000076,0x00,0x00
"SPI","result",0.0959034,0.0000076,0x00,0x01
"SPI","result",0.0959131,0.0000076,0x00,0x04
"SPI","result",0.0959221,0.0000076,0x00,0x00
"SPI","result",0.0959311,0.0000076,0x00,0x01
"SPI","result",0.0959401,0.0000076,0x00,0x8C
"SPI","result",0.0959883,0.0000076,0x3F,0x00
"SPI","result",0.0959973,0.0000076,0xD4,0x00
"SPI","result",0.0960063,0.0000076,0x00,0x00
"SPI","result",0.0960153,0.0000076,0x24,0x00
"SPI","result",0.0960325,0.0000076,0x00,0x00
"SPI","result",0.0960425,0.0000076,0x00,0x00
"SPI","result",0.0960522,0.0000076,0x00,0x00
"SPI","result",0.096062,0.0000076,0x00,0x00
"SPI","result",0.0960718,0.0000076,0x00,0x00
"SPI","result",0.0960816,0.0000076,0x00,0x00
"SPI","result",0.0960913,0.0000076,0x00,0x00
"SPI","result",0.0961012,0.0000076,0x00,0x00
"SPI","result",0.0961109,0.0000076,0x00,0x00
"SPI","result",0.0961208,0.0000076,0x00,0x00
"SPI","result",0.0961308,0.0000076,0x00,0x00
"SPI","result",0.0961406,0.0000076,0x00,0x01
"SPI","result",0.0961507,0.0000076,0x14,0x00
"SPI","result",0.0961597,0.0000076,0xAE,0x00
"SPI","result",0.0961687,0.0000076,0x07,0x00
"SPI","result",0.0961777,0.0000076,0xA4,0x00
"SPI","result",0.0961867,0.0000076,0x34,0x00
"SPI","result",0.0961957,0.0000076,0x2A,0x00
"SPI","result",0.0962047,0.0000076,0x3C,0x00
"SPI","result",0.0962137,0.0000076,0xEB,0x00
"SPI","result",0.0962227,0.0000076,0xC1,0x00
"SPI","result",0.0962317,0.0000076,0xDD,0x00
"SPI","result",0.0962407,0.0000076,0xC4,0x00
"SPI","result",0.0962497,0.0000076,0x14,0x00
"SPI","result",0.0962587,0.0000076,0x53,0x00
"SPI","result",0.0962677,0.0000076,0x8E,0x00
"SPI","result",0.0962767,0.0000076,0xF9,0x00
"SPI","result",0.0962857,0.0000076,0xBD,0x00
"SPI","result",0.0962947,0.0000076,0xAC,0x00
"SPI","result",0.0963037,0.0000076,0xD9,0x00
"SPI","result",0.0963127,0.0000076,0xB1,0x00
"SPI","result",0.0963217,0.0000076,0x8C,0x00
"SPI","result",0.0963307,0.0000076,0x09,0x00
"SPI","result",0.0963397,0.0000076,0x64,0x00
"SPI","result",0.0963487,0.0000076,0x15,0x00
"SPI","result",0.0963577,0.0000076,0x6E,0x00
"SPI","result",0.0963667,0.0000076,0x3C,0x00
"SPI","result",0.0963757,0.0000076,0x5A,0x00
"SPI","result",0.0963847,0.0000076,0x8A,0x00
"SPI","result",0.0963937,0.0000076,0x24,0x00
"SPI","result",0.0964027,0.0000076,0xB0,0x00
"SPI","result",0.0964117,0.0000076,0x66,0x00
"SPI","result",0.0964207,0.0000076,0x75,0x00
"SPI","result",0.0964297,0.0000076,0xA9,0x00
"SPI","result",0.0964387,0.0000076,0x22,0x00
"SPI","result",0.0964477,0.0000076,0x24,0x00
"SPI","result",0.0964567,0.0000076,0x47,0x00
"SPI","result",0.0964657,0.0000076,0x9C,0x00
"SPI","result",0.0964747,0.0000076,0xF5,0x00
"SPI","result",0.0964837,0.0000076,0x68,0x00
"SPI","result",0.0964927,0.0000076,0xC2,0x00
"SPI","result",0.0965017,0.0000076,0x4B,0x00
"SPI","result",0.0965107,0.0000076,0xC0,0x00
"SPI","result",0.0965197,0.0000076,0x13,0x00
"SPI","result",0.0965287,0.0000076,0xBD,0x00
"SPI","result",0.0965377,0.0000076,0x4C,0x00
"SPI","result",0.0965467,0.0000076,0xEE,0x00
"SPI","result",0.0965557,0.0000076,0xD9,0x00
"SPI","result",0.0965647,0.0000076,0x23,0x00
"SPI","result",0.0965737,0.0000076,0xCA,0x00
"SPI","result",0.0965827,0.0000076,0xAE,0x00
"SPI","result",0.0965917,0.0000076,0x67,0x00
"SPI","result",0.0966007,0.0000076,0x97,0x00
"SPI","result",0.0966097,0.0000076,0x59,0x00
"SPI","result",0.0966187,0.0000076,0x7E,0x00
"SPI","result",0.0966277,0.0000076,0x70,0x00
"SPI","result",0.0966367,0.0000076,0xB2,0x00
"SPI","result",0.0966457,0.0000076,0xBB,0x00
"SPI","result",0.0966547,0.0000076,0x4C,0x00
"SPI","result",0.0966637,0.0000076,0xC1,0x00
"SPI","result",0.0966727,0.0000076,0xCA,0x00
"SPI","result",0.0966817,0.0000076,0x5D,0x00
"SPI","result",0.0966907,0.0000076,0x4B,0x00
"SPI","result",0.0966997,0.0000076,0x75,0x00
"SPI","result",0.0967087,0.0000076,0x42,0x00
"SPI","result",0.0967177,0.0000076,0x77,0x00
"SPI","result",0.0967616,0.0000076,0x3F,0x00
"SPI","result",0.0967706,0.0000076,0xD4,0x00
"SPI","result",0.0967796,0.0000076,0x00,0x00
"SPI","result",0.0967886,0.0000076,0x24,0x00
"SPI","result",0.0968043,0.0000076,0x00,0x00
"SPI","result",0.0968141,0.0000076,0x00,0x00
"SPI","result",0.0968238,0.0000076,0x00,0x00
"SPI","result",0.0968335,0.0000076,0x00,0x00
"SPI","result",0.0968432,0.0000076,0x00,0x00
"SPI","result",0.0968529,0.0000076,0x00,0x00
"SPI","result",0.0968627,0.0000076,0x00,0x00
"SPI","result",0.0968724,0.0000076,0x00,0x00
"SPI","result",0.0968821,0.0000076,0x00,0x00
"SPI","result",0.0968918,0.0000076,0x00,0x00
"SPI","result",0.0969015,0.0000076,0x00,0x01
"SPI","result",0.0969115,0.0000076,0x3B,0x00
"SPI","result",0.0969205,0.0000076,0xB7,0x00
"SPI","result",0.0969295,0.0000076,0x7A,0x00
"SPI","result",0.0969385,0.0000076,0x16,0x00
"SPI","result",0.0969475,0.0000076,0xB2,0x00
"SPI","result",0.0969565,0.0000076,0x27,0x00
"SPI","result",0.0969655,0.0000076,0x39,0x00
"SPI","result",0.0969745,0.0000076,0xF8,0x00
"SPI","result",0.0969835,0.0000076,0x4B,0x00
"SPI","result",0.0969925,0.0000076,0x22,0x00
"SPI","result",0.0970015,0.0000076,0xE3,0x00
"SPI","result",0.0970105,0.0000076,0x05,0x00
"SPI","result",0.0970195,0.0000076,0xFC,0x00
"SPI","result",0.0970285,0.0000076,0xD9,0x00
"SPI","result",0.0970375,0.0000076,0x7A,0x00
"SPI","result",0.0970465,0.0000076,0xCC,0x00
"SPI","result",0.0970555,0.0000076,0xC8,0x00
"SPI","result",0.0970645,0.0000076,0x2C,0x00
"SPI","result",0.0970735,0.0000076,0x9D,0x00
"SPI","result",0.0970825,0.0000076,0x16,0x00
"SPI","result",0.0970915,0.0000076,0xB3,0x00
"SPI","result",0.0971005,0.0000076,0xB2,0x00
"SPI","result",0.0971095,0.0000076,0x90,0x00
"SPI","result",0.0971185,0.0000076,0xE9,0x00
"SPI","result",0.0971275,0.0000076,0x81,0x00
"SPI","result",0.0971365,0.0000076,0xDB,0x00
"SPI","result",0.0971455,0.0000076,0x6E,0x00
"SPI","result",0.0971545,0.0000076,0xB1,0x00
"SPI","result",0.0971635,0.0000076,0x1A,0x00
"SPI","result",0.0971725,0.0000076,0x13,0x00
"SPI","result",0.0971815,0.0000076,0x13,0x00
"SPI","result",0.0971905,0.0000076,0x93,0x00
"SPI","result",0.0971995,0.0000076,0x75,0x00
"SPI","result",0.0972085,0.0000076,0xED,0x00
"SPI","result",0.0972175,0.0000076,0xDA,0x00
"SPI","result",0.0972265,0.0000076,0xC5,0x00
"SPI","result",0.0972355,0.0000076,0x89,0x00
"SPI","result",0.0972445,0.0000076,0x0B,0x00
"SPI","result",0.0972535,0.0000076,0x55,0x00
"SPI","result",0.0972625,0.0000076,0xF2,0x00
"SPI","result",0.0972715,0.0000076,0x95,0x00
"SPI","result",0.0972805,0.0000076,0xCE,0x00
"SPI","result",0.0972895,0.0000076,0x0F,0x00
"SPI","result",0.0972985,0.0000076,0x04,0x00
"SPI","result",0.0973075,0.0000076,0x74,0x00
"SPI","result",0.0973165,0.0000076,0xE8,0x00
"SPI","result",0.0973255,0.0000076,0x01,0x00
"SPI","result",0.0973345,0.0000076,0x05,0x00
"SPI","result",0.0973435,0.0000076,0x36,0x00
"SPI","result",0.0973525,0.0000076,0x57,0x00
"SPI","result",0.0973615,0.0000076,0xD7,0x00
"SPI","result",0.0973705,0.0000076,0xE8,0x00
"SPI","result",0.0973795,0.0000076,0xFF,0x00
"SPI","result",0.0973885,0.0000076,0x1E,0x00
"SPI","result",0.0973975,0.0000076,0x5C,0x00
"SPI","result",0.0974065,0.0000076,0x01,0x00
"SPI","result",0.0974155,0.0000076,0x3B,0x00
"SPI","result",0.0974245,0.0000076,0x3D,0x00
"SPI","result",0.0974335,0.0000076,0x85,0x00
"SPI","result",0.0974425,0.0000076,0x92,0x00
"SPI","result",0.0974515,0.0000076,0xFD,0x00
"SPI","result",0.0974605,0.0000076,0xCE,0x00
"SPI","result",0.0974695,0.0000076,0x3E,0x00
"SPI","result",0.0974785,0.0000076,0x3D,0x00
"SPI","result",0.0977721,0.0000076,0x3F,0x00
"SPI","result",0.0977811,0.0000076,0xD4,0x00
"SPI","result",0.0977901,0.0000076,0x00,0x00
"SPI","result",0.0977991,0.0000076,0x24,0x00
"SPI","result",0.0978193,0.0000076,0x00,0x00
"SPI","result",0.0978291,0.0000076,0x00,0x00
"SPI","result",0.0978389,0.0000076,0x00,0x00
"SPI","result",0.0978487,0.0000076,0x00,0x00
"SPI","result",0.0978585,0.0000076,0x00,0x00
"SPI","result",0.0978682,0.0000076,0x00,0x00
"SPI","result",0.097878,0.0000076,0x00,0x00
"SPI","result",0.0978877,0.0000076,0x00,0x00
"SPI","result",0.0978974,0.0000076,0x00,0x00
"SPI","result",0.0979071,0.0000076,0x00,0x00
"SPI","result",0.0979168,0.0000076,0x00,0x00
"SPI","result",0.0979265,0.0000076,0x00,0x00
"SPI","result",0.0979362,0.0000076,0x00,0x00
"SPI","result",0.0979459,0.0000076,0x00,0x01
"SPI","result",0.0979564,0.0000076,0x94,0x00
"SPI","result",0.0979654,0.0000076,0x76,0x00
"SPI","result",0.0979744,0.0000076,0xE9,0x00
"SPI","result",0.0979834,0.0000076,0xB1,0x00
"SPI","result",0.0979924,0.0000076,0x3D,0x00
"SPI","result",0.0980014,0.0000076,0xB8,0x00
"SPI","result",0.0980104,0.0000076,0xCD,0x00
"SPI","result",0.0980194,0.0000076,0xCC,0x00
"SPI","result",0.0980284,0.0000076,0x08,0x00
"SPI","result",0.0980374,0.0000076,0x06,0x00
"SPI","result",0.0980464,0.0000076,0xEB,0x00
"SPI","result",0.0980554,0.0000076,0x7B,0x00
"SPI","result",0.0980644,0.0000076,0xF5,0x00
"SPI","result",0.0980734,0.0000076,0x88,0x00
"SPI","result",0.0980824,0.0000076,0xDB,0x00
"SPI","result",0.0980914,0.0000076,0xE5,0x00
"SPI","result",0.0981004,0.0000076,0x93,0x00
"SPI","result",0.0981094,0.0000076,0x41,0x00
"SPI","result",0.0981184,0.0000076,0xC2,0x00
"SPI","result",0.0981274,0.0000076,0x29,0x00
"SPI","result",0.0981364,0.0000076,0xAB,0x00
"SPI","result",0.0981454,0.0000076,0x87,0x00
"SPI","result",0.0981544,0.0000076,0xB8,0x00
"SPI","result",0.0981634,0.0000076,0x93,0x00
"SPI","result",0.0981724,0.0000076,0x3D,0x00
"SPI","result",0.0981814,0.0000076,0xC3,0x00
"SPI","result",0.0981904,0.0000076,0x74,0x00
"SPI","result",0.0981994,0.0000076,0x61,0x00
"SPI","result",0.0982084,0.0000076,0x85,0x00
"SPI","result",0.0982174,0.0000076,0x47,0x00
"SPI","result",0.0982264,0.0000076,0x8F,0x00
"SPI","result",0.0982354,0.0000076,0x53,0x00
"SPI","result",0.0982444,0.0000076,0x83,0x00
"SPI","result",0.0982534,0.0000076,0xBD,0x00
"SPI","result",0.0982624,0.0000076,0x61,0x00
"SPI","result",0.0982714,0.0000076,0xC9,0x00
"SPI","result",0.0982804,0.0000076,0x6D,0x00
"SPI","result",0.0982894,0.0000076,0xE5,0x00
"SPI","result",0.0982984,0.0000076,0x68,0x00
"SPI","result",0.0983074,0.0000076,0x68,0x00
"SPI","result",0.0983164,0.0000076,0xFC,0x00
"SPI","result",0.0983254,0.0000076,0xBB,0x00
"SPI","result",0.0983344,0.0000076,0x06,0x00
"SPI","result",0.0983434,0.0000076,0xC2,0x00
"SPI","result",0.0983524,0.0000076,0x5A,0x00
"SPI","result",0.0983614,0.0000076,0x2A,0x00
"SPI","result",0.0983704,0.0000076,0xB0,0x00
"SPI","result",0.0983794,0.0000076,0xF2,0x00
"SPI","result",0.0983884,0.0000076,0xE7,0x00
"SPI","result",0.0983974,0.0000076,0x93,0x00
"SPI","result",0.0984064,0.0000076,0x88,0x00
"SPI","result",0.0984154,0.0000076,0x8B,0x00
"SPI","result",0.0984244,0.0000076,0xB7,0x00
"SPI","result",0.0984334,0.0000076,0x96,0x00
"SPI","result",0.0984424,0.0000076,0x4D,0x00
"SPI","result",0.0984514,0.0000076,0x30,0x00
"SPI","result",0.0984604,0.0000076,0x25,0x00
"SPI","result",0.0984694,0.0000076,0xCC,0x00
"SPI","result",0.0984784,0.0000076,0x0D,0x00
"SPI","result",0.0984874,0.0000076,0x4B,0x00
"SPI","result",0.0984964,0.0000076,0xAA,0x00
"SPI","result",0.0985054,0.0000076,0x31,0x00
"SPI","result",0.0985144,0.0000076,0xDE,0x00
"SPI","result",0.0985234,0.0000076,0xBA,0x00
"SPI","result",0.09855,0.0000076,0x3F,0x00
"SPI","result",0.098559,0.0000076,0xD4,0x00
"SPI","result",0.098568,0.0000076,0x00,0x00
"SPI","result",0.098577,0.0000076,0x24,0x00
"SPI","result",0.0985931,0.0000076,0x00,0x00
"SPI","result",0.098603,0.0000076,0x00,0x00
"SPI","result",0.0986128,0.0000076,0x00,0x00
"SPI","result",0.0986225,0.0000076,0x00,0x00
"SPI","result",0.0986323,0.0000076,0x00,0x00
"SPI","result",0.098642,0.0000076,0x00,0x00
"SPI","result",0.0986517,0.0000076,0x00,0x00
"SPI","result",0.0986614,0.0000076,0x00,0x00
"SPI","result",0.0986711,0.0000076,0x00,0x00
"SPI","result",0.0986808,0.0000076,0x00,0x00
"SPI","result",0.0986905,0.0000076,0x00,0x00
"SPI","result",0.0987002,0.0000076,0x00,0x00
"SPI","result",0.0987098,0.0000076,0x00,0x01
"SPI","result",0.0987199,0.0000076,0xD5,0x00
"SPI","result",0.0987289,0.0000076,0x4F,0x00
"SPI","result",0.0987379,0.0000076,0x74,0x00
"SPI","result",0.0987469,0.0000076,0xC5,0x00
"SPI","result",0.0987559,0.0000076,0xA6,0x00
"SPI","result",0.0987649,0.0000076,0x82,0x00
"SPI","result",0.0987739,0.0000076,0xE7,0x00
"SPI","result",0.0987829,0.0000076,0xA1,0x00
"SPI","result",0.0987919,0.0000076,0x69,0x00
"SPI","result",0.0988009,0.0000076,0x66,0x00
"SPI","result",0.0988099,0.0000076,0xA3,0x00
"SPI","result",0.0988189,0.0000076,0x32,0x00
"SPI","result",0.0988279,0.0000076,0x76,0x00
"SPI","result",0.0988369,0.0000076,0xEF,0x00
"SPI","result",0.0988459,0.0000076,0x84,0x00
"SPI","result",0.0988549,0.0000076,0x8D,0x00
"SPI","result",0.0988639,0.0000076,0x32,0x00
"SPI","result",0.0988729,0.0000076,0xEF,0x00
"SPI","result",0.0988819,0.0000076,0x27,0x00
"SPI","result",0.0988909,0.0000076,0x51,0x00
"SPI","result",0.0988999,0.0000076,0x49,0x00
"SPI","result",0.0989089,0.0000076,0x4C,0x00
"SPI","result",0.0989179,0.0000076,0xB2,0x00
"SPI","result",0.0989269,0.0000076,0x07,0x00
"SPI","result",0.0989359,0.0000076,0x32,0x00
"SPI","result",0.0989449,0.0000076,0x0F,0x00
"SPI","result",0.0989539,0.0000076,0x53,0x00
"SPI","result",0.0989629,0.0000076,0x6D,0x00
"SPI","result",0.0989719,0.0000076,0x73,0x00
"SPI","result",0.0989809,0.0000076,0x1A,0x00
"SPI","result",0.0989899,0.0000076,0x1A,0x00
"SPI","result",0.0989989,0.0000076,0x67,0x00
"SPI","result",0.0990079,0.0000076,0xDD,0x00
"SPI","result",0.0990169,0.0000076,0x66,0x00
"SPI","result",0.0990259,0.0000076,0xEC,0x00
"SPI","result",0.0990349,0.0000076,0x10,0x00
"SPI","result",0.0990439,0.0000076,0x04,0x00
"SPI","result",0.0990529,0.0000076,0xCD,0x00
"SPI","result",0.0990619,0.0000076,0x74,0x00
"SPI","result",0.0990709,0.0000076,0x9A,0x00
"SPI","result",0.0990799,0.0000076,0xF0,0x00
"SPI","result",0.0990889,0.0000076,0xB4,0x00
"SPI","result",0.0990979,0.0000076,0xD8,0x00
"SPI","result",0.0991069,0.0000076,0x1B,0x00
"SPI","result",0.0991159,0.0000076,0xA2,0x00
"SPI","result",0.0991249,0.0000076,0xC7,0x00
"SPI","result",0.0991339,0.0000076,0x0F,0x00
"SPI","result",0.0991429,0.0000076,0xCC,0x00
"SPI","result",0.0991519,0.0000076,0xFC,0x00
"SPI","result",0.0991609,0.0000076,0x5C,0x00
"SPI","result",0.0991699,0.0000076,0x7D,0x00
"SPI","result",0.0991789,0.0000076,0x65,0x00
"SPI","result",0.0991879,0.0000076,0xAB,0x00
"SPI","result",0.0991969,0.0000076,0x9D,0x00
"SPI","result",0.0992059,0.0000076,0x09,0x00
"SPI","result",0.0992149,0.0000076,0xFC,0x00
"SPI","result",0.0992239,0.0000076,0x85,0x00
"SPI","result",0.0992329,0.0000076,0x58,0x00
"SPI","result",0.0992419,0.0000076,0xD6,0x00
"SPI","result",0.0992509,0.0000076,0xF8,0x00
"SPI","result",0.0992599,0.0000076,0x09,0x00
"SPI","result",0.0992689,0.0000076,0xA8,0x00
"SPI","result",0.0992779,0.0000076,0x1B,0x00
"SPI","result",0.0992869,0.0000076,0xE5,0x00
"SPI","result",0.0993126,0.0000076,0x80,0x00
"SPI","result",0.0993216,0.0000076,0xD4,0x00
"SPI","result",0.0993306,0.0000076,0x00,0x00
"SPI","result",0.0993396,0.0000076,0x18,0x00
"SPI","result",0.0993547,0.0000076,0x00,0x00
"SPI","result",0.0993644,0.0000077,0x00,0x00
"SPI","result",0.0993742,0.0000076,0x00,0x00
"SPI","result",0.099384,0.0000076,0x00,0x00
"SPI","result",0.0993937,0.0000076,0x00,0x00
"SPI","result",0.0994034,0.0000076,0x00,0x00
"SPI","result",0.0994131,0.0000076,0x00,0x00
"SPI","result",0.0994228,0.0000076,0x00,0x00
"SPI","result",0.0994325,0.0000076,0x00,0x00
"SPI","result",0.0994422,0.0000076,0x00,0x00
"SPI","result",0.0994519,0.0000076,0x00,0x00
"SPI","result",0.0994615,0.0000076,0x00,0x00
"SPI","result",0.0994712,0.0000076,0x00,0x01
"SPI","result",0.0994809,0.0000076,0x00,0x8C
"SPI","result",0.0994967,0.0000076,0x80,0x00
"SPI","result",0.0995057,0.0000076,0xD4,0x00
"SPI","result",0.0995147,0.0000076,0x00,0x00
"SPI","result",0.0995237,0.0000076,0x18,0x00
"SPI","result",0.0995407,0.0000076,0x00,0x00
"SPI","result",0.0995505,0.0000076,0x00,0x00
"SPI","result",0.0995602,0.0000076,0x00,0x00
"SPI","result",0.09957,0.0000076,0x00,0x00
"SPI","result",0.0995797,0.0000076,0x00,0x00
"SPI","result",0.0995894,0.0000076,0x00,0x00
"SPI","result",0.0995991,0.0000076,0x00,0x00
"SPI","result",0.0996087,0.0000077,0x00,0x00
"SPI","result",0.0996184,0.0000076,0x00,0x00
"SPI","result",0.0996281,0.0000076,0x00,0x00
"SPI","result",0.0996378,0.0000076,0x00,0x00
"SPI","result",0.0996475,0.0000076,0x00,0x00
"SPI","result",0.0996572,0.0000076,0x00,0x00
"SPI","result",0.0996669,0.0000076,0x00,0x01
"SPI","result",0.0996765,0.0000077,0x00,0x8C
"SPI","result",0.0996928,0.0000076,0x83,0x00
"SPI","result",0.0997018,0.0000076,0xD4,0x00
"SPI","result",0.0997108,0.0000076,0x00,0x00
"SPI","result",0.0997198,0.0000076,0x18,0x00
"SPI","result",0.0997356,0.0000076,0x00,0x00
"SPI","result",0.0997454,0.0000076,0x00,0x00
"SPI","result",0.0997551,0.0000076,0x00,0x00
"SPI","result",0.0997648,0.0000076,0x00,0x00
"SPI","result",0.0997745,0.0000076,0x00,0x00
"SPI","result",0.0997843,0.0000076,0x00,0x00
"SPI","result",0.099794,0.0000076,0x00,0x00
"SPI","result",0.0998039,0.0000076,0x00,0x00
"SPI","result",0.0998137,0.0000076,0x00,0x00
"SPI","result",0.0998234,0.0000076,0x00,0x00
"SPI","result",0.0998331,0.0000076,0x00,0x00
"SPI","result",0.0998428,0.0000076,0x00,0x00
"SPI","result",0.0998525,0.0000076,0x00,0x00
"SPI","result",0.0998622,0.0000076,0x00,0x00
"SPI","result",0.0998719,0.0000076,0x00,0x01
"SPI","result",0.0998817,0.0000076,0x00,0x04
"SPI","result",0.0998907,0.0000076,0x00,0x00
"SPI","result",0.0998997,0.0000076,0x00,0x01
"SPI","result",0.0999087,0.0000076,0x00,0x8C
"SPI","result",0.09995,0.0000077,0x3F,0x00
"SPI","result",0.099959,0.0000077,0xD4,0x00
"SPI","result",0.099968,0.0000077,0x00,0x00
"SPI","result",0.099977,0.0000077,0x24,0x00
"SPI","result",0.0999929,0.0000076,0x00,0x00
"SPI","result",0.1000026,0.0000076,0x00,0x00
"SPI","result",0.1000123,0.0000076,0x00,0x00
"SPI","result",0.100022,0.0000076,0x00,0x00
"SPI","result",0.1000316,0.0000076,0x00,0x00
"SPI","result",0.1000413,0.0000076,0x00,0x00
"SPI","result",0.100051,0.0000076,0x00,0x00
"SPI","result",0.1000607,0.0000076,0x00,0x00
"SPI","result",0.1000705,0.0000076,0x00,0x00
"SPI","result",0.1000801,0.0000076,0x00,0x00
"SPI","result",0.1000898,0.0000076,0x00,0x00
"SPI","result",0.1000995,0.0000076,0x00,0x00
"SPI","result",0.1001092,0.0000076,0x00,0x01
"SPI","result",0.100119,0.0000076,0xD1,0x00
"SPI","result",0.100128,0.0000076,0x75,0x00
"SPI","result",0.100137,0.0000076,0x22,0x00
"SPI","result",0.100146,0.0000076,0x90,0x00
"SPI","result",0.100155,0.0000076,0xE2,0x00
"SPI","result",0.100164,0.0000076,0x86,0x00
"SPI","result",0.100173,0.0000076,0x7A,0x00
"SPI","result",0.100182,0.0000076,0xB2,0x00
"SPI","result",0.100191,0.0000076,0xFB,0x00
"SPI","result",0.1002,0.0000076,0xDA,0x00
"SPI","result",0.100209,0.0000076,0xF3,0x00
"SPI","result",0.100218,0.0000076,0x04,0x00
"SPI","result",0.100227,0.0000076,0x0B,0x00
"SPI","result",0.100236,0.0000076,0x58,0x00
"SPI","result",0.100245,0.0000076,0xB1,0x00
"SPI","result",0.100254,0.0000076,0x4A,0x00
"SPI","result",0.100263,0.0000076,0x07,0x00
"SPI","result",0.100272,0.0000076,0x9D,0x00
"SPI","result",0.100281,0.0000076,0x42,0x00
"SPI","result",0.10029,0.0000076,0xC7,0x00
"SPI","result",0.100299,0.0000076,0x25,0x00
"SPI","result",0.100308,0.0000076,0x9C,0x00
"SPI","result",0.100317,0.0000076,0x1E,0x00
"SPI","result",0.100326,0.0000076,0x85,0x00
"SPI","result",0.100335,0.0000076,0xF7,0x00
"SPI","result",0.100344,0.0000076,0x62,0x00
"SPI","result",0.100353,0.0000076,0xC4,0x00
"SPI","result",0.100362,0.0000076,0x68,0x00
"SPI","result",0.100371,0.0000076,0x74,0x00
"SPI","result",0.10038,0.0000076,0x15,0x00
"SPI","result",0.100389,0.0000076,0xEA,0x00
"SPI","result",0.100398,0.0000076,0x69,0x00
"SPI","result",0.100407,0.0000076,0x77,0x00
"SPI","result",0.100416,0.0000076,0x12,0x00
"SPI","result",0.100425,0.0000076,0x40,0x00
"SPI","result",0.100434,0.0000076,0x93,0x00
"SPI","result",0.100443,0.0000076,0x7E,0x00
"SPI","result",0.100452,0.0000076,0x80,0x00
"SPI","result",0.100461,0.0000076,0xD7,0x00
"SPI","result",0.10047,0.0000076,0x29,0x00
"SPI","result",0.100479,0.0000076,0xE6,0x00
"SPI","result",0.100488,0.0000076,0x11,0x00
"SPI","result",0.100497,0.0000076,0x0E,0x00
"SPI","result",0.100506,0.0000076,0xD1,0x00
"SPI","result",0.100515,0.0000076,0x13,0x00
"SPI","result",0.100524,0.0000076,0x2F,0x00
"SPI","result",0.100533,0.0000076,0x62,0x00
"SPI","result",0.100542,0.0000076,0x93,0x00
"SPI","result",0.100551,0.0000076,0xFF,0x00
"SPI","result",0.10056,0.0000076,0x7E,0x00
"SPI","result",0.100569,0.0000076,0xD5,0x00
"SPI","result",0.100578,0.0000076,0x79,0x00
"SPI","result",0.100587,0.0000076,0x5E,0x00
"SPI","result",0.100596,0.0000076,0x0F,0x00
"SPI","result",0.100605,0.0000076,0x06,0x00
"SPI","result",0.100614,0.0000076,0x7B,0x00
"SPI","result",0.100623,0.0000076,0x0A,0x00
"SPI","result",0.100632,0.0000076,0xE2,0x00
"SPI","result",0.100641,0.0000076,0x08,0x00
"SPI","result",0.10065,0.0000076,0xCE,0x00
"SPI","result",0.100659,0.0000076,0xF6,0x00
"SPI","result",0.100668,0.0000076,0x41,0x00
"SPI","result",0.100677,0.0000076,0xEE,0x00
"SPI","result",0.100686,0.0000076,0xE6,0x00
"SPI","result",0.1007089,0.0000076,0x3F,0x00
"SPI","result",0.1007179,0.0000076,0xD4,0x00
"SPI","result",0.1007269,0.0000076,0x00,0x00
"SPI","result",0.1007359,0.0000076,0x24,0x00
"SPI","result",0.1007514,0.0000076,0x00,0x00
"SPI","result",0.1007611,0.0000076,0x00,0x00
"SPI","result",0.1007708,0.0000076,0x00,0x00
"SPI","result",0.1007805,0.0000076,0x00,0x00
"SPI","result",0.1007903,0.0000076,0x00,0x00
"SPI","result",0.1008001,0.0000076,0x00,0x00
"SPI","result",0.1008099,0.0000076,0x00,0x00
"SPI","result",0.1008197,0.0000076,0x00,0x00
"SPI","result",0.1008294,0.0000076,0x00,0x00
"SPI","result",0.1008391,0.0000076,0x00,0x00
"SPI","result",0.1008488,0.0000076,0x00,0x00
"SPI","result",0.1008586,0.0000076,0x00,0x00
"SPI","result",0.1008683,0.0000076,0x00,0x01
"SPI","result",0.1008782,0.0000076,0x56,0x00
"SPI","result",0.1008872,0.0000076,0xC2,0x00
"SPI","result",0.1008962,0.0000076,0xC8,0x00
"SPI","result",0.1009052,0.0000076,0xED,0x00
"SPI","result",0.1009142,0.0000076,0x33,0x00
"SPI","result",0.1009232,0.0000076,0x3D,0x00
"SPI","result",0.1009322,0.0000076,0x89,0x00
"SPI","result",0.1009412,0.0000076,0x80,0x00
"SPI","result",0.1009502,0.0000076,0x50,0x00
"SPI","result",0.1009592,0.0000076,0x2E,0x00
"SPI","result",0.1009682,0.0000076,0x3E,0x00
"SPI","result",0.1009772,0.0000076,0x15,0x00
"SPI","result",0.1009862,0.0000076,0x91,0x00
"SPI","result",0.1009952,0.0000076,0xA8,0x00
"SPI","result",0.1010042,0.0000076,0x71,0x00
"SPI","result",0.1010132,0.0000076,0x56,0x00
"SPI","result",0.1010222,0.0000076,0x32,0x00
"SPI","result",0.1010312,0.0000076,0x56,0x00
"SPI","result",0.1010402,0.0000076,0xFD,0x00
"SPI","result",0.1010492,0.0000076,0xCB,0x00
"SPI","result",0.1010582,0.0000076,0x1E,0x00
"SPI","result",0.1010672,0.0000076,0x23,0x00
"SPI","result",0.1010762,0.0000076,0x92,0x00
"SPI","result",0.1010852,0.0000076,0xAC,0x00
"SPI","result",0.1010942,0.0000076,0x39,0x00
"SPI","result",0.1011032,0.0000076,0x18,0x00
"SPI","result",0.1011122,0.0000076,0x6A,0x00
"SPI","result",0.1011212,0.0000076,0x6A,0x00
"SPI","result",0.1011302,0.0000076,0xDD,0x00
"SPI","result",0.1011392,0.0000076,0xCD,0x00
"SPI","result",0.1011482,0.0000076,0xCB,0x00
"SPI","result",0.1011572,0.0000076,0x91,0x00
"SPI","result",0.1011662,0.0000076,0xB2,0x00
"SPI","result",0.1011752,0.0000076,0x04,0x00
"SPI","result",0.1011842,0.0000076,0xB7,0x00
"SPI","result",0.1011932,0.0000076,0x6C,0x00
"SPI","result",0.1012022,0.0000076,0x6F,0x00
"SPI","result",0.1012112,0.0000076,0x64,0x00
"SPI","result",0.1012202,0.0000076,0x98,0x00
"SPI","result",0.1012292,0.0000076,0xEF,0x00
"SPI","result",0.1012382,0.0000076,0xAA,0x00
"SPI","result",0.1012472,0.0000076,0xC6,0x00
"SPI","result",0.1012562,0.0000076,0x29,0x00
"SPI","result",0.1012652,0.0000076,0x7F,0x00
"SPI","result",0.1012742,0.0000076,0xA1,0x00
"SPI","result",0.1012832,0.0000076,0x17,0x00
"SPI","result",0.1012922,0.0000076,0xA6,0x00
"SPI","result",0.1013012,0.0000076,0x51,0x00
"SPI","result",0.1013102,0.0000076,0xD2,0x00
"SPI","result",0.1013192,0.0000076,0x8C,0x00
"SPI","result",0.1013282,0.0000076,0x92,0x00
"SPI","result",0.1013372,0.0000076,0xFA,0x00
"SPI","result",0.1013462,0.0000076,0xB7,0x00
"SPI","result",0.1013552,0.0000076,0xE8,0x00
"SPI","result",0.1013642,0.0000076,0x72,0x00
"SPI","result",0.1013732,0.0000076,0x91,0x00
"SPI","result",0.1013822,0.0000076,0xBF,0x00
"SPI","result",0.1013912,0.0000076,0xEB,0x00
"SPI","result",0.1014002,0.0000076,0xEC,0x00
"SPI","result",0.1014092,0.0000076,0x3C,0x00
"SPI","result",0.1014182,0.0000076,0xAC,0x00
"SPI","result",0.1014272,0.0000076,0x14,0x00
"SPI","result",0.1014362,0.0000076,0x01,0x00
"SPI","result",0.1014452,0.0000076,0xE7,0x00
"SPI","result",0.1014682,0.0000077,0x3F,0x00
"SPI","result",0.1014773,0.0000076,0xD4,0x00
"SPI","result",0.1014863,0.0000076,0x00,0x00
"SPI","result",0.1014952,0.0000077,0x24,0x00
"SPI","result",0.1015102,0.0000076,0x00,0x00
"SPI","result",0.1015199,0.0000077,0x00,0x00
"SPI","result",0.1015297,0.0000076,0x00,0x00
"SPI","result",0.1015394,0.0000076,0x00,0x00
"SPI","result",0.1015491,0.0000076,0x00,0x00
"SPI","result",0.1015588,0.0000076,0x00,0x00
"SPI","result",0.1015685,0.0000076,0x00,0x00
"SPI","result",0.1015782,0.0000076,0x00,0x00
"SPI","result",0.1015879,0.0000076,0x00,0x00
"SPI","result",0.1015976,0.0000076,0x00,0x00
"SPI","result",0.1016073,0.0000076,0x00,0x00
"SPI","result",0.1016172,0.0000076,0x00,0x00
"SPI","result",0.101627,0.0000076,0x00,0x00
"SPI","result",0.1016367,0.0000076,0x00,0x01
"SPI","result",0.1016465,0.0000076,0xB3,0x00
"SPI","result",0.1016555,0.0000076,0xEB,0x00
"SPI","result",0.1016645,0.0000076,0xF4,0x00
"SPI","result",0.1016735,0.0000076,0xD7,0x00
"SPI","result",0.1016825,0.0000076,0x17,0x00
"SPI","result",0.1016915,0.0000076,0x35,0x00
"SPI","result",0.1017005,0.0000076,0x1A,0x00
"SPI","result",0.1017095,0.0000076,0xBE,0x00
"SPI","result",0.1017185,0.0000076,0x11,0x00
"SPI","result",0.1017275,0.0000076,0x83,0x00
"SPI","result",0.1017365,0.0000076,0x24,0x00
"SPI","result",0.1017455,0.0000076,0xA3,0x00
"SPI","result",0.1017545,0.0000076,0xAC,0x00
"SPI","result",0.1017635,0.0000076,0x27,0x00
"SPI","result",0.1017725,0.0000076,0x45,0x00
"SPI","result",0.1017815,0.0000076,0xE4,0x00
"SPI","result",0.1017905,0.0000076,0x42,0x00
"SPI","result",0.1017995,0.0000076,0x39,0x00
"SPI","result",0.1018085,0.0000076,0x2B,0x00
"SPI","result",0.1018175,0.0000076,0x3D,0x00
"SPI","result",0.1018265,0.0000076,0x09,0x00
"SPI","result",0.1018355,0.0000076,0xCB,0x00
"SPI","result",0.1018445,0.0000076,0x9E,0x00
"SPI","result",0.1018535,0.0000076,0x3E,0x00
"SPI","result",0.1018625,0.0000076,0xBD,0x00
"SPI","result",0.1018715,0.0000076,0x35,0x00
"SPI","result",0.1018805,0.0000076,0x1F,0x00
"SPI","result",0.1018895,0.0000076,0xD1,0x00
"SPI","result",0.1018985,0.0000076,0xAB,0x00
"SPI","result",0.1019075,0.0000076,0x8C,0x00
"SPI","result",0.1019165,0.0000076,0x91,0x00
"SPI","result",0.1019255,0.0000076,0xE9,0x00
"SPI","result",0.1019345,0.0000076,0x27,0x00
"SPI","result",0.1019435,0.0000076,0xBB,0x00
"SPI","result",0.1019525,0.0000076,0x34,0x00
"SPI","result",0.1019615,0.0000076,0xB2,0x00
"SPI","result",0.1019705,0.0000076,0x35,0x00
"SPI","result",0.1019795,0.0000076,0x6B,0x00
"SPI","result",0.1019885,0.0000076,0x73,0x00
"SPI","result",0.1019975,0.0000076,0x5E,0x00
"SPI","result",0.1020065,0.0000076,0x0F,0x00
"SPI","result",0.1020155,0.0000076,0x2D,0x00
"SPI","result",0.1020245,0.0000076,0x9E,0x00
"SPI","result",0.1020335,0.0000076,0x08,0x00
"SPI","result",0.1020425,0.0000076,0x0C,0x00
"SPI","result",0.1020515,0.0000076,0x1F,0x00
"SPI","result",0.1020605,0.0000076,0x32,0x00
"SPI","result",0.1020695,0.0000076,0x5D,0x00
"SPI","result",0.1020785,0.0000076,0x5C,0x00
"SPI","result",0.1020875,0.0000076,0xEC,0x00
"SPI","result",0.1020965,0.0000076,0x17,0x00
"SPI","result",0.1021055,0.0000076,0xAA,0x00
"SPI","result",0.1021145,0.0000076,0x8C,0x00
"SPI","result",0.1021235,0.0000076,0x0B,0x00
"SPI","result",0.1021325,0.0000076,0x8C,0x00
"SPI","result",0.1021415,0.0000076,0x6B,0x00
"SPI","result",0.1021505,0.0000076,0x14,0x00
"SPI","result",0.1021595,0.0000076,0xDE,0x00
"SPI","result",0.1021685,0.0000076,0x08,0x00
"SPI","result",0.1021775,0.0000076,0x1B,0x00
"SPI","result",0.1021865,0.0000076,0x13,0x00
"SPI","result",0.1021955,0.0000076,0x1C,0x00
"SPI","result",0.1022045,0.0000076,0xF2,0x00
"SPI","result",0.1022135,0.0000076,0x6A,0x00
"SPI","result",0.1022422,0.0000076,0x3F,0x00
"SPI","result",0.1022512,0.0000076,0xD4,0x00
"SPI","result",0.1022602,0.0000076,0x00,0x00
"SPI","result",0.1022692,0.0000076,0x24,0x00
"SPI","result",0.1022849,0.0000076,0x00,0x00
"SPI","result",0.1022946,0.0000076,0x00,0x00
"SPI","result",0.1023044,0.0000076,0x00,0x00
"SPI","result",0.1023141,0.0000076,0x00,0x00
"SPI","result",0.1023239,0.0000076,0x00,0x00
"SPI","result",0.1023336,0.0000076,0x00,0x00
"SPI","result",0.1023433,0.0000076,0x00,0x00
"SPI","result",0.102353,0.0000076,0x00,0x00
"SPI","result",0.1023627,0.0000076,0x00,0x00
"SPI","result",0.1023724,0.0000076,0x00,0x00
"SPI","result",0.1023821,0.0000076,0x00,0x00
"SPI","result",0.1023918,0.0000076,0x00,0x01
"SPI","result",0.1024017,0.0000076,0xE4,0x00
"SPI","result",0.1024107,0.0000076,0x0C,0x00
"SPI","result",0.1024197,0.0000076,0xC6,0x00
"SPI","result",0.1024287,0.0000076,0xB9,0x00
"SPI","result",0.1024377,0.0000076,0x84,0x00
"SPI","result",0.1024467,0.0000076,0x1B,0x00
"SPI","result",0.1024557,0.0000076,0x9F,0x00
"SPI","result",0.1024647,0.0000076,0xB6,0x00
"SPI","result",0.1024737,0.0000076,0x7A,0x00
"SPI","result",0.1024827,0.0000076,0xBC,0x00
"SPI","result",0.1024917,0.0000076,0xFD,0x00
"SPI","result",0.1025007,0.0000076,0x06,0x00
"SPI","result",0.1025097,0.0000076,0x83,0x00
"SPI","result",0.1025187,0.0000076,0xB5,0x00
"SPI","result",0.1025277,0.0000076,0x4A,0x00
"SPI","result",0.1025367,0.0000076,0x4B,0x00
"SPI","result",0.1025457,0.0000076,0x4F,0x00
"SPI","result",0.1025547,0.0000076,0x88,0x00
"SPI","result",0.1025637,0.0000076,0x1E,0x00
"SPI","result",0.1025727,0.0000076,0xFB,0x00
"SPI","result",0.1025817,0.0000076,0x69,0x00
"SPI","result",0.1025907,0.0000076,0xF8,0x00
"SPI","result",0.1025997,0.0000076,0x87,0x00
"SPI","result",0.1026087,0.0000076,0x07,0x00
"SPI","result",0.1026177,0.0000076,0xB6,0x00
"SPI","result",0.1026267,0.0000076,0xF5,0x00
"SPI","result",0.1026357,0.0000076,0xF2,0x00
"SPI","result",0.1026447,0.0000076,0xE3,0x00
"SPI","result",0.1026537,0.0000076,0xEA,0x00
"SPI","result",0.1026627,0.0000076,0xCA,0x00
"SPI","result",0.1026717,0.0000076,0xE6,0x00
"SPI","result",0.1026807,0.0000076,0x26,0x00
"SPI","result",0.1026897,0.0000076,0x02,0x00
"SPI","result",0.1026987,0.0000076,0x30,0x00
"SPI","result",0.1027077,0.0000076,0xDC,0x00
"SPI","result",0.1027167,0.0000076,0x1B,0x00
"SPI","result",0.1027257,0.0000076,0x95,0x00
"SPI","result",0.1027347,0.0000076,0x9B,0x00
"SPI","result",0.1027437,0.0000076,0x68,0x00
"SPI","result",0.1027527,0.0000076,0x45,0x00
"SPI","result",0.1027617,0.0000076,0x81,0x00
"SPI","result",0.1027707,0.0000076,0x7C,0x00
"SPI","result",0.1027797,0.0000076,0x4C,0x00
"SPI","result",0.1027887,0.0000076,0x85,0x00
"SPI","result",0.1027977,0.0000076,0x7B,0x00
"SPI","result",0.1028067,0.0000076,0xAA,0x00
"SPI","result",0.1028157,0.0000076,0x23,0x00
"SPI","result",0.1028247,0.0000076,0x6A,0x00
"SPI","result",0.1028337,0.0000076,0x43,0x00
"SPI","result",0.1028427,0.0000076,0x30,0x00
"SPI","result",0.1028517,0.0000076,0x62,0x00
"SPI","result",0.1028607,0.0000076,0xD8,0x00
"SPI","result",0.1028697,0.0000076,0x38,0x00
"SPI","result",0.1028787,0.0000076,0xFA,0x00
"SPI","result",0.1028877,0.0000076,0x61,0x00
"SPI","result",0.1028967,0.0000076,0x02,0x00
"SPI","result",0.1029057,0.0000076,0xCA,0x00
"SPI","result",0.1029147,0.0000076,0x47,0x00
"SPI","result",0.1029237,0.0000076,0x8B,0x00
"SPI","result",0.1029327,0.0000076,0xDC,0x00
"SPI","result",0.1029417,0.0000076,0x26,0x00
"SPI","result",0.1029507,0.0000076,0x76,0x00
"SPI","result",0.1029597,0.0000076,0x84,0x00
"SPI","result",0.1029687,0.0000076,0x3F,0x00
"SPI","result",0.102994,0.0000076,0x80,0x00
"SPI","result",0.103003,0.0000076,0xD4,0x00
"SPI","result",0.103012,0.0000076,0x00,0x00
"SPI","result",0.103021,0.0000076,0x18,0x00
"SPI","result",0.1030363,0.0000076,0x00,0x00
"SPI","result",0.103046,0.0000076,0x00,0x00
"SPI","result",0.1030557,0.0000076,0x00,0x00
"SPI","result",0.1030654,0.0000076,0x00,0x00
"SPI","result",0.1030751,0.0000076,0x00,0x00
"SPI","result",0.1030847,0.0000076,0x00,0x00
"SPI","result",0.1030944,0.0000076,0x00,0x00
"SPI","result",0.1031041,0.0000076,0x00,0x00
"SPI","result",0.1031138,0.0000076,0x00,0x00
"SPI","result",0.1031235,0.0000076,0x00,0x00
"SPI","result",0.1031332,0.0000076,0x00,0x00
"SPI","result",0.103143,0.0000076,0x00,0x00
"SPI","result",0.1031527,0.0000076,0x00,0x01
"SPI","result",0.1031625,0.0000076,0x00,0x8C
"SPI","result",0.1031785,0.0000077,0x80,0x00
"SPI","result",0.1031875,0.0000077,0xD4,0x00
"SPI","result",0.1031965,0.0000077,0x00,0x00
"SPI","result",0.1032055,0.0000077,0x18,0x00
"SPI","result",0.1032207,0.0000076,0x00,0x00
"SPI","result",0.1032305,0.0000076,0x00,0x00
"SPI","result",0.1032403,0.0000076,0x00,0x00
"SPI","result",0.10325,0.0000076,0x00,0x00
"SPI","result",0.1032597,0.0000076,0x00,0x00
"SPI","result",0.1032694,0.0000076,0x00,0x00
"SPI","result",0.1032791,0.0000076,0x00,0x00
"SPI","result",0.1032887,0.0000077,0x00,0x00
"SPI","result",0.1032985,0.0000076,0x00,0x00
"SPI","result",0.1033081,0.0000076,0x00,0x00
"SPI","result",0.1033178,0.0000076,0x00,0x00
"SPI","result",0.1033275,0.0000076,0x00,0x00
"SPI","result",0.1033372,0.0000076,0x00,0x00
"SPI","result",0.1033469,0.0000076,0x00,0x00
"SPI","result",0.1033566,0.0000076,0x00,0x01
"SPI","result",0.1033663,0.0000076,0x00,0x8C
"SPI","result",0.1033823,0.0000076,0x83,0x00
"SPI","result",0.1033913,0.0000076,0xD4,0x00
"SPI","result",0.1034003,0.0000076,0x00,0x00
"SPI","result",0.1034093,0.0000076,0x18,0x00
"SPI","result",0.1034246,0.0000076,0x00,0x00
"SPI","result",0.1034344,0.0000076,0x00,0x00
"SPI","result",0.1034441,0.0000076,0x00,0x00
"SPI","result",0.1034538,0.0000076,0x00,0x00
"SPI","result",0.1034635,0.0000076,0x00,0x00
"SPI","result",0.1034732,0.0000076,0x00,0x00
"SPI","result",0.1034829,0.0000076,0x00,0x00
"SPI","result",0.1034926,0.0000076,0x00,0x00
"SPI","result",0.1035022,0.0000076,0x00,0x00
"SPI","result",0.1035119,0.0000076,0x00,0x00
"SPI","result",0.1035216,0.0000076,0x00,0x00
"SPI","result",0.1035313,0.0000076,0x00,0x00
"SPI","result",0.1035409,0.0000076,0x00,0x00
"SPI","result",0.1035506,0.0000076,0x00,0x00
"SPI","result",0.1035603,0.0000076,0x00,0x01
"SPI","result",0.10357,0.0000076,0x00,0x04
"SPI","result",0.103579,0.0000076,0x00,0x00
"SPI","result",0.103588,0.0000076,0x00,0x01
"SPI","result",0.103597,0.0000076,0x00,0x8C
"SPI","result",0.1036184,0.0000076,0x14,0x00
"SPI","result",0.1036274,0.0000076,0xD4,0x00
"SPI","result",0.1036364,0.0000076,0x00,0x00
"SPI","result",0.1036454,0.0000076,0x24,0x00
"SPI","result",0.1036625,0.0000076,0x00,0x00
"SPI","result",0.1036723,0.0000076,0x00,0x00
"SPI","result",0.1036823,0.0000076,0x00,0x00
"SPI","result",0.1036927,0.0000076,0x00,0x00
"SPI","result",0.1037028,0.0000076,0x00,0x00
"SPI","result",0.1037131,0.0000076,0x00,0x00
"SPI","result",0.1037229,0.0000076,0x00,0x00
"SPI","result",0.1037329,0.0000076,0x00,0x00
"SPI","result",0.1037432,0.0000076,0x00,0x00
"SPI","result",0.1037529,0.0000076,0x00,0x00
"SPI","result",0.1037625,0.0000076,0x00,0x01
"SPI","result",0.1037725,0.0000076,0x23,0x00
"SPI","result",0.1037815,0.0000076,0x1D,0x00
"SPI","result",0.1037905,0.0000076,0x31,0x00
"SPI","result",0.1037995,0.0000076,0x24,0x00
"SPI","result",0.1038085,0.0000076,0xCC,0x00
"SPI","result",0.1038175,0.0000076,0x09,0x00
"SPI","result",0.1038265,0.0000076,0x7D,0x00
"SPI","result",0.1038355,0.0000076,0x03,0x00
"SPI","result",0.1038445,0.0000076,0xAD,0x00
"SPI","result",0.1038535,0.0000076,0x3C,0x00
"SPI","result",0.1038625,0.0000076,0x9E,0x00
"SPI","result",0.1038715,0.0000076,0xBC,0x00
"SPI","result",0.1038805,0.0000076,0x86,0x00
"SPI","result",0.1038895,0.0000076,0x2E,0x00
"SPI","result",0.1038985,0.0000076,0x29,0x00
"SPI","result",0.1039075,0.0000076,0xC1,0x00
"SPI","result",0.1039165,0.0000076,0x3E,0x00
"SPI","result",0.1039255,0.0000076,0xBF,0x00
"SPI","result",0.1039345,0.0000076,0x26,0x00
"SPI","result",0.1039435,0.0000076,0x38,0x00
"SPI","result",0.1039525,0.0000076,0x76,0x00
"SPI","result",0.1039825,0.0000077,0x80,0x00
"SPI","result",0.1039915,0.0000077,0xD4,0x00
"SPI","result",0.1040005,0.0000077,0x00,0x00
"SPI","result",0.1040095,0.0000077,0x18,0x00
"SPI","result",0.104025,0.0000076,0x00,0x00
"SPI","result",0.1040347,0.0000076,0x00,0x00
"SPI","result",0.1040444,0.0000076,0x00,0x00
"SPI","result",0.1040541,0.0000076,0x00,0x00
"SPI","result",0.1040639,0.0000076,0x00,0x00
"SPI","result",0.1040735,0.0000076,0x00,0x00
"SPI","result",0.1040833,0.0000076,0x00,0x00
"SPI","result",0.104093,0.0000076,0x00,0x00
"SPI","result",0.1041027,0.0000076,0x00,0x00
"SPI","result",0.1041132,0.0000076,0x00,0x00
"SPI","result",0.104123,0.0000076,0x00,0x00
"SPI","result",0.1041327,0.0000076,0x00,0x00
"SPI","result",0.1041425,0.0000076,0x00,0x00
"SPI","result",0.1041522,0.0000076,0x00,0x00
"SPI","result",0.1041619,0.0000076,0x00,0x01
"SPI","result",0.1041717,0.0000076,0x00,0x8C
"SPI","result",0.1041874,0.0000076,0x80,0x00
"SPI","result",0.1041964,0.0000076,0xD4,0x00
"SPI","result",0.1042054,0.0000076,0x00,0x00
"SPI","result",0.1042144,0.0000076,0x18,0x00
"SPI","result",0.1043384,0.0000076,0x00,0x00
"SPI","result",0.1043482,0.0000076,0x00,0x00
"SPI","result",0.104358,0.0000076,0x00,0x00
"SPI","result",0.1043676,0.0000076,0x00,0x00
"SPI","result",0.1043773,0.0000076,0x00,0x00
"SPI","result",0.104387,0.0000076,0x00,0x00
"SPI","result",0.1043967,0.0000076,0x00,0x00
"SPI","result",0.1044064,0.0000076,0x00,0x00
"SPI","result",0.1044161,0.0000076,0x00,0x00
"SPI","result",0.1044257,0.0000076,0x00,0x00
"SPI","result",0.1044354,0.0000076,0x00,0x01
"SPI","result",0.1044451,0.0000076,0x00,0x8C
"SPI","result",0.1044616,0.0000076,0x00,0x00
"SPI","result",0.1044706,0.0000076,0xD4,0x00
"SPI","result",0.1044796,0.0000076,0x00,0x00
"SPI","result",0.1044886,0.0000076,0x24,0x00
"SPI","result",0.1045051,0.0000076,0x00,0x00
"SPI","result",0.1045148,0.0000076,0x00,0x00
"SPI","result",0.1045245,0.0000076,0x00,0x00
"SPI","result",0.1045342,0.0000077,0x00,0x00
"SPI","result",0.104544,0.0000076,0x00,0x00
"SPI","result",0.1045537,0.0000076,0x00,0x00
"SPI","result",0.1045634,0.0000076,0x00,0x00
"SPI","result",0.1045731,0.0000076,0x00,0x00
"SPI","result",0.1045828,0.0000076,0x00,0x00
"SPI","result",0.1045925,0.0000076,0x00,0x00
"SPI","result",0.1046022,0.0000076,0x00,0x00
"SPI","result",0.1046119,0.0000076,0x00,0x00
"SPI","result",0.1046216,0.0000076,0x00,0x00
"SPI","result",0.1046313,0.0000076,0x00,0x00
"SPI","result",0.104641,0.0000076,0x00,0x01
"SPI","result",0.1046508,0.0000076,0x09,0x00
"SPI","result",0.1046663,0.0000076,0x80,0x00
"SPI","result",0.1046753,0.0000076,0xD4,0x00
"SPI","result",0.1046843,0.0000076,0x00,0x00
"SPI","result",0.1046933,0.0000076,0x18,0x00
"SPI","result",0.1047085,0.0000076,0x00,0x00
"SPI","result",0.1047182,0.0000076,0x00,0x00
"SPI","result",0.1047279,0.0000076,0x00,0x00
"SPI","result",0.1047376,0.0000076,0x00,0x00
"SPI","result",0.1047473,0.0000076,0x00,0x00
"SPI","result",0.104757,0.0000076,0x00,0x00
"SPI","result",0.1047667,0.0000076,0x00,0x00
"SPI","result",0.1047764,0.0000076,0x00,0x00
"SPI","result",0.1047861,0.0000076,0x00,0x00
"SPI","result",0.1047958,0.0000076,0x00,0x00
"SPI","result",0.1048055,0.0000076,0x00,0x00
"SPI","result",0.1048152,0.0000076,0x00,0x00
"SPI","result",0.1048249,0.0000076,0x00,0x00
"SPI","result",0.1048346,0.0000076,0x00,0x00
"SPI","result",0.1048444,0.0000076,0x00,0x01
"SPI","result",0.1048541,0.0000076,0x00,0x84
"SPI","result",0.1048698,0.0000076,0x80,0x00
"SPI","result",0.1048788,0.0000076,0xD4,0x00
"SPI","result",0.1048878,0.0000076,0x00,0x00
"SPI","result",0.1048968,0.0000076,0x18,0x00
"SPI","result",0.1049118,0.0000076,0x00,0x00
"SPI","result",0.1049216,0.0000076,0x00,0x00
"SPI","result",0.1049312,0.0000076,0x00,0x00
"SPI","result",0.104941,0.0000076,0x00,0x00
"SPI","result",0.1049506,0.0000076,0x00,0x00
"SPI","result",0.1049604,0.0000076,0x00,0x00
"SPI","result",0.10497,0.0000076,0x00,0x00
"SPI","result",0.1049797,0.0000076,0x00,0x00
"SPI","result",0.1049894,0.0000076,0x00,0x00
"SPI","result",0.1049991,0.0000076,0x00,0x00
"SPI","result",0.1050088,0.0000076,0x00,0x00
"SPI","result",0.1050185,0.0000076,0x00,0x00
"SPI","result",0.1050281,0.0000076,0x00,0x00
"SPI","result",0.1050378,0.0000076,0x00,0x01
"SPI","result",0.1050475,0.0000076,0x00,0x84
"SPI","result",0.1050635,0.0000076,0x00,0x00
"SPI","result",0.1050725,0.0000076,0xD4,0x00
"SPI","result",0.1050815,0.0000076,0x00,0x00
"SPI","result",0.1050905,0.0000076,0x18,0x00
"SPI","result",0.1051056,0.0000076,0x00,0x00
"SPI","result",0.1051153,0.0000076,0x00,0x00
"SPI","result",0.105125,0.0000076,0x00,0x00
"SPI","result",0.1051347,0.0000076,0x00,0x00
"SPI","result",0.1051444,0.0000076,0x00,0x00
"SPI","result",0.1051541,0.0000076,0x00,0x00
"SPI","result",0.1051638,0.0000076,0x00,0x00
"SPI","result",0.1051735,0.0000076,0x00,0x00
"SPI","result",0.1051832,0.0000076,0x00,0x00
"SPI","result",0.1051929,0.0000076,0x00,0x00
"SPI","result",0.1052026,0.0000076,0x00,0x00
"SPI","result",0.1052123,0.0000076,0x00,0x00
"SPI","result",0.105222,0.0000076,0x00,0x00
"SPI","result",0.1052317,0.0000076,0x00,0x00
"SPI","result",0.1052413,0.0000076,0x00,0x01
"SPI","result",0.1052511,0.0000076,0x20,0x00
"SPI","result",0.1052675,0.0000076,0x80,0x00
"SPI","result",0.1052765,0.0000076,0xD4,0x00
"SPI","result",0.1052855,0.0000076,0x00,0x00
"SPI","result",0.1052945,0.0000076,0x18,0x00
"SPI","result",0.1053097,0.0000076,0x00,0x00
"SPI","result",0.1053194,0.0000076,0x00,0x00
"SPI","result",0.105329,0.0000076,0x00,0x00
"SPI","result",0.1053387,0.0000076,0x00,0x00
"SPI","result",0.1053485,0.0000076,0x00,0x00
"SPI","result",0.1053581,0.0000076,0x00,0x00
"SPI","result",0.1053678,0.0000076,0x00,0x00
"SPI","result",0.1053775,0.0000076,0x00,0x00
"SPI","result",0.1053872,0.0000076,0x00,0x00
"SPI","result",0.1053969,0.0000076,0x00,0x00
"SPI","result",0.1054066,0.0000076,0x00,0x00
"SPI","result",0.1054162,0.0000076,0x00,0x00
"SPI","result",0.1054259,0.0000076,0x00,0x00
"SPI","result",0.1054356,0.0000076,0x00,0x00
"SPI","result",0.1054453,0.0000076,0x00,0x01
"SPI","result",0.1054549,0.0000077,0x00,0x84
"SPI","result",0.1064763,0.0000076,0x80,0x00
"SPI","result",0.1064853,0.0000076,0xD4,0x00
"SPI","result",0.1064943,0.0000076,0x00,0x00
"SPI","result",0.1065033,0.0000076,0x18,0x00
"SPI","result",0.1065184,0.0000076,0x00,0x00
"SPI","result",0.1065282,0.0000076,0x00,0x00
"SPI","result",0.1065379,0.0000076,0x00,0x00
"SPI","result",0.1065476,0.0000076,0x00,0x00
"SPI","result",0.1065573,0.0000076,0x00,0x00
"SPI","result",0.1065671,0.0000076,0x00,0x00
"SPI","result",0.1065768,0.0000076,0x00,0x00
"SPI","result",0.1065865,0.0000076,0x00,0x00
"SPI","result",0.1065962,0.0000076,0x00,0x00
"SPI","result",0.1066059,0.0000076,0x00,0x00
"SPI","result",0.1066156,0.0000076,0x00,0x00
"SPI","result",0.1066254,0.0000076,0x00,0x00
"SPI","result",0.1066351,0.0000076,0x00,0x00
"SPI","result",0.1066448,0.0000076,0x00,0x01
"SPI","result",0.1066545,0.0000076,0x00,0x94
"SPI","result",0.1066709,0.0000076,0x80,0x00
"SPI","result",0.1066799,0.0000076,0xD4,0x00
"SPI","result",0.1066889,0.0000076,0x00,0x00
"SPI","result",0.1066979,0.0000076,0x18,0x00
"SPI","result",0.106713,0.0000076,0x00,0x00
"SPI","result",0.1067227,0.0000076,0x00,0x00
"SPI","result",0.1067325,0.0000076,0x00,0x00
"SPI","result",0.1067422,0.0000076,0x00,0x00
"SPI","result",0.1067519,0.0000076,0x00,0x00
"SPI","result",0.1067616,0.0000076,0x00,0x00
"SPI","result",0.1067713,0.0000076,0x00,0x00
"SPI","result",0.106781,0.0000076,0x00,0x00
"SPI","result",0.1067907,0.0000076,0x00,0x00
"SPI","result",0.1068005,0.0000076,0x00,0x00
"SPI","result",0.1068102,0.0000076,0x00,0x00
"SPI","result",0.1068199,0.0000076,0x00,0x00
"SPI","result",0.1068296,0.0000076,0x00,0x00
"SPI","result",0.1068393,0.0000076,0x00,0x00
"SPI","result",0.106849,0.0000076,0x00,0x01
"SPI","result",0.1068587,0.0000076,0x00,0x94
"SPI","result",0.1068746,0.0000076,0x83,0x00
"SPI","result",0.1068836,0.0000076,0xD4,0x00
"SPI","result",0.1068926,0.0000076,0x00,0x00
"SPI","result",0.1069016,0.0000076,0x18,0x00
"SPI","result",0.1069166,0.0000076,0x00,0x00
"SPI","result",0.1069263,0.0000077,0x00,0x00
"SPI","result",0.1069361,0.0000076,0x00,0x00
"SPI","result",0.1069458,0.0000076,0x00,0x00
"SPI","result",0.1069555,0.0000076,0x00,0x00
"SPI","result",0.1069652,0.0000076,0x00,0x00
"SPI","result",0.1069749,0.0000076,0x00,0x00
"SPI","result",0.1069846,0.0000076,0x00,0x00
"SPI","result",0.1069943,0.0000076,0x00,0x00
"SPI","result",0.107004,0.0000076,0x00,0x00
"SPI","result",0.1070136,0.0000076,0x00,0x00
"SPI","result",0.1070233,0.0000076,0x00,0x00
"SPI","result",0.107033,0.0000076,0x00,0x00
"SPI","result",0.1070427,0.0000076,0x00,0x01
"SPI","result",0.1070524,0.0000076,0x00,0x04
"SPI","result",0.1070614,0.0000076,0x00,0x00
"SPI","result",0.1070704,0.0000076,0x00,0x01
"SPI","result",0.1070794,0.0000076,0x00,0x94
"SPI","result",0.1071008,0.0000076,0x89,0x00
"SPI","result",0.1071098,0.0000076,0xD4,0x00
"SPI","result",0.1071188,0.0000076,0x00,0x00
"SPI","result",0.1071278,0.0000076,0x24,0x00
"SPI","result",0.1071444,0.0000076,0x00,0x00
"SPI","result",0.1071544,0.0000077,0x00,0x00
"SPI","result",0.1071649,0.0000076,0x00,0x00
"SPI","result",0.1071746,0.0000076,0x00,0x00
"SPI","result",0.1071844,0.0000076,0x00,0x00
"SPI","result",0.1071941,0.0000076,0x00,0x00
"SPI","result",0.1072038,0.0000076,0x00,0x00
"SPI","result",0.1072135,0.0000076,0x00,0x00
"SPI","result",0.1072232,0.0000076,0x00,0x00
"SPI","result",0.107233,0.0000076,0x00,0x00
"SPI","result",0.1072427,0.0000076,0x00,0x00
"SPI","result",0.1072524,0.0000076,0x00,0x01
"SPI","result",0.1072621,0.0000076,0x00,0x80
"SPI","result",0.1072711,0.0000076,0x00,0x01
"SPI","result",0.1072801,0.0000076,0x00,0x00
"SPI","result",0.1072891,0.0000076,0x00,0x00
"SPI","result",0.1072981,0.0000076,0x00,0x00
"SPI","result",0.1073071,0.0000076,0x00,0x0A
"SPI","result",0.1073161,0.0000076,0x00,0x00
"SPI","result",0.1073251,0.0000076,0x00,0x00
"SPI","result",0.1073341,0.0000076,0x00,0x01
"SPI","result",0.1073431,0.0000076,0x00,0xC4
"SPI","result",0.1073654,0.0000076,0x80,0x00
"SPI","result",0.1073744,0.0000076,0xD4,0x00
"SPI","result",0.1073834,0.0000076,0x00,0x00
"SPI","result",0.1073924,0.0000076,0x18,0x00
"SPI","result",0.1074072,0.0000076,0x00,0x00
"SPI","result",0.107417,0.0000076,0x00,0x00
"SPI","result",0.1074267,0.0000076,0x00,0x00
"SPI","result",0.1074364,0.0000076,0x00,0x00
"SPI","result",0.1074461,0.0000076,0x00,0x00
"SPI","result",0.1074558,0.0000076,0x00,0x00
"SPI","result",0.1074656,0.0000076,0x00,0x00
"SPI","result",0.1074752,0.0000076,0x00,0x00
"SPI","result",0.107485,0.0000076,0x00,0x00
"SPI","result",0.1074947,0.0000076,0x00,0x00
"SPI","result",0.1075044,0.0000076,0x00,0x00
"SPI","result",0.1075141,0.0000076,0x00,0x00
"SPI","result",0.1075238,0.0000076,0x00,0x01
"SPI","result",0.1075335,0.0000076,0x00,0x84
"SPI","result",0.1075492,0.0000076,0x80,0x00
"SPI","result",0.1075582,0.0000076,0xD4,0x00
"SPI","result",0.1075672,0.0000076,0x00,0x00
"SPI","result",0.1075762,0.0000076,0x18,0x00
"SPI","result",0.107592,0.0000076,0x00,0x00
"SPI","result",0.1076025,0.0000076,0x00,0x00
"SPI","result",0.1076122,0.0000076,0x00,0x00
"SPI","result",0.1076219,0.0000077,0x00,0x00
"SPI","result",0.1076317,0.0000076,0x00,0x00
"SPI","result",0.1076413,0.0000076,0x00,0x00
"SPI","result",0.1076511,0.0000076,0x00,0x00
"SPI","result",0.1076607,0.0000076,0x00,0x00
"SPI","result",0.1076704,0.0000076,0x00,0x00
"SPI","result",0.1076803,0.0000076,0x00,0x00
"SPI","result",0.10769,0.0000076,0x00,0x00
"SPI","result",0.1076997,0.0000076,0x00,0x00
"SPI","result",0.1077094,0.0000076,0x00,0x00
"SPI","result",0.1077191,0.0000076,0x00,0x00
"SPI","result",0.1077289,0.0000076,0x00,0x01
"SPI","result",0.1077386,0.0000076,0x00,0x84
"SPI","result",0.1077544,0.0000076,0x00,0x00
"SPI","result",0.1077634,0.0000076,0xD4,0x00
"SPI","result",0.1077724,0.0000076,0x00,0x00
"SPI","result",0.1077814,0.0000076,0x18,0x00
"SPI","result",0.1077983,0.0000076,0x00,0x00
"SPI","result",0.107808,0.0000076,0x00,0x00
"SPI","result",0.1078177,0.0000077,0x00,0x00
"SPI","result",0.1078275,0.0000076,0x00,0x00
"SPI","result",0.1078372,0.0000076,0x00,0x00
"SPI","result",0.1078469,0.0000076,0x00,0x00
"SPI","result",0.1078566,0.0000076,0x00,0x00
"SPI","result",0.1078663,0.0000076,0x00,0x00
"SPI","result",0.107876,0.0000076,0x00,0x00
"SPI","result",0.1078857,0.0000076,0x00,0x00
"SPI","result",0.1078954,0.0000076,0x00,0x00
"SPI","result",0.1079051,0.0000076,0x00,0x00
"SPI","result",0.1079148,0.0000076,0x00,0x00
"SPI","result",0.1079339,0.0000076,0x00,0x01
"SPI","result",0.1079441,0.0000076,0x40,0x00
"SPI","result",0.1079947,0.0000076,0x80,0x00
"SPI","result",0.1080037,0.0000076,0xD4,0x00
"SPI","result",0.1080127,0.0000076,0x00,0x00
"SPI","result",0.1080217,0.0000076,0x18,0x00
"SPI","result",0.1080413,0.0000076,0x00,0x00
"SPI","result",0.1080511,0.0000076,0x00,0x00
"SPI","result",0.1080609,0.0000076,0x00,0x00
"SPI","result",0.1080706,0.0000076,0x00,0x00
"SPI","result",0.1080803,0.0000076,0x00,0x00
"SPI","result",0.10809,0.0000077,0x00,0x00
"SPI","result",0.1080998,0.0000076,0x00,0x00
"SPI","result",0.1081095,0.0000076,0x00,0x00
"SPI","result",0.1081192,0.0000076,0x00,0x00
"SPI","result",0.1081289,0.0000076,0x00,0x00
"SPI","result",0.1081386,0.0000076,0x00,0x00
"SPI","result",0.1081484,0.0000076,0x00,0x00
"SPI","result",0.1081581,0.0000076,0x00,0x00
"SPI","result",0.1081678,0.0000076,0x00,0x00
"SPI","result",0.1081775,0.0000076,0x00,0x00
"SPI","result",0.1081872,0.0000076,0x00,0x00
"SPI","result",0.108197,0.0000076,0x00,0x00
"SPI","result",0.1082067,0.0000076,0x00,0x01
"SPI","result",0.1082164,0.0000076,0x00,0x84
"SPI","result",0.1082323,0.0000076,0x00,0x00
"SPI","result",0.1082413,0.0000076,0xD4,0x00
"SPI","result",0.1082503,0.0000076,0x00,0x00
"SPI","result",0.1082593,0.0000076,0x18,0x00
"SPI","result",0.1084301,0.0000076,0x00,0x00
"SPI","result",0.1084399,0.0000076,0x00,0x00
"SPI","result",0.1084496,0.0000076,0x00,0x00
"SPI","result",0.1084593,0.0000076,0x00,0x00
"SPI","result",0.108469,0.0000076,0x00,0x00
"SPI","result",0.1084787,0.0000076,0x00,0x00
"SPI","result",0.1084883,0.0000076,0x00,0x00
"SPI","result",0.108498,0.0000076,0x00,0x00
"SPI","result",0.1085078,0.0000076,0x00,0x00
"SPI","result",0.1085174,0.0000076,0x00,0x00
"SPI","result",0.1085271,0.0000076,0x00,0x01
"SPI","result",0.1085369,0.0000076,0x40,0x00
"SPI","result",0.1085533,0.0000076,0x80,0x00
"SPI","result",0.1085623,0.0000076,0xD4,0x00
"SPI","result",0.1085713,0.0000076,0x00,0x00
"SPI","result",0.1085803,0.0000076,0x18,0x00
"SPI","result",0.1085975,0.0000076,0x00,0x00
"SPI","result",0.1086072,0.0000076,0x00,0x00
"SPI","result",0.1086169,0.0000076,0x00,0x00
"SPI","result",0.1086267,0.0000076,0x00,0x00
"SPI","result",0.1086363,0.0000077,0x00,0x00
"SPI","result",0.108646,0.0000076,0x00,0x00
"SPI","result",0.1086557,0.0000076,0x00,0x00
"SPI","result",0.1086653,0.0000076,0x00,0x00
"SPI","result",0.108675,0.0000076,0x00,0x00
"SPI","result",0.1086847,0.0000076,0x00,0x00
"SPI","result",0.1086944,0.0000076,0x00,0x00
"SPI","result",0.1087041,0.0000076,0x00,0x00
"SPI","result",0.1087139,0.0000076,0x00,0x00
"SPI","result",0.1087236,0.0000076,0x00,0x00
"SPI","result",0.1087333,0.0000076,0x00,0x01
"SPI","result",0.108743,0.0000076,0x00,0xC4
"SPI","result",0.1087594,0.0000076,0x83,0x00
"SPI","result",0.1087684,0.0000076,0xD4,0x00
"SPI","result",0.1087774,0.0000076,0x00,0x00
"SPI","result",0.1087864,0.0000076,0x18,0x00
"SPI","result",0.1088022,0.0000076,0x00,0x00
"SPI","result",0.1088119,0.0000076,0x00,0x00
"SPI","result",0.1088216,0.0000076,0x00,0x00
"SPI","result",0.1088313,0.0000076,0x00,0x00
"SPI","result",0.108841,0.0000076,0x00,0x00
"SPI","result",0.1088507,0.0000076,0x00,0x00
"SPI","result",0.1088605,0.0000076,0x00,0x00
"SPI","result",0.1088702,0.0000076,0x00,0x00
"SPI","result",0.1088799,0.0000076,0x00,0x00
"SPI","result",0.1088895,0.0000076,0x00,0x00
"SPI","result",0.1088993,0.0000076,0x00,0x00
"SPI","result",0.108909,0.0000076,0x00,0x00
"SPI","result",0.1089187,0.0000076,0x00,0x00
"SPI","result",0.1089284,0.0000076,0x00,0x01
"SPI","result",0.1089381,0.0000076,0x00,0x04
"SPI","result",0.1089471,0.0000076,0x00,0x00
"SPI","result",0.1089561,0.0000076,0x00,0x01
"SPI","result",0.1089651,0.0000076,0x00,0xC4
"SPI","result",0.1089863,0.0000076,0x0C,0x00
"SPI","result",0.1089953,0.0000076,0xD4,0x00
"SPI","result",0.1090043,0.0000076,0x00,0x00
"SPI","result",0.1090133,0.0000076,0x24,0x00
"SPI","result",0.1090283,0.0000076,0x00,0x00
"SPI","result",0.109038,0.0000076,0x00,0x00
"SPI","result",0.1090477,0.0000076,0x00,0x00
"SPI","result",0.1090574,0.0000076,0x00,0x00
"SPI","result",0.1090671,0.0000076,0x00,0x00
"SPI","result",0.1090768,0.0000076,0x00,0x00
"SPI","result",0.1090865,0.0000076,0x00,0x00
"SPI","result",0.1090962,0.0000076,0x00,0x00
"SPI","result",0.1091058,0.0000076,0x00,0x00
"SPI","result",0.1091156,0.0000076,0x00,0x00
"SPI","result",0.1091253,0.0000076,0x00,0x01
"SPI","result",0.109135,0.0000076,0x80,0x00
"SPI","result",0.109144,0.0000076,0x01,0x00
"SPI","result",0.109153,0.0000076,0x00,0x00
"SPI","result",0.109162,0.0000076,0x00,0x00
"SPI","result",0.109171,0.0000076,0x00,0x00
"SPI","result",0.10918,0.0000076,0x0E,0x00
"SPI","result",0.109189,0.0000076,0x00,0x00
"SPI","result",0.109198,0.0000076,0x00,0x00
"SPI","result",0.109207,0.0000076,0x01,0x00
"SPI","result",0.109216,0.0000076,0x65,0x00
"SPI","result",0.109225,0.0000076,0x03,0x00
"SPI","result",0.109234,0.0000076,0x00,0x00
"SPI","result",0.109243,0.0000076,0x00,0x00
"SPI","result",0.1092654,0.0000076,0x80,0x00
"SPI","result",0.1092744,0.0000076,0xD4,0x00
"SPI","result",0.1092834,0.0000076,0x00,0x00
"SPI","result",0.1092924,0.0000076,0x18,0x00
"SPI","result",0.1093074,0.0000076,0x00,0x00
"SPI","result",0.1093171,0.0000076,0x00,0x00
"SPI","result",0.1093268,0.0000076,0x00,0x00
"SPI","result",0.1093366,0.0000076,0x00,0x00
"SPI","result",0.1093464,0.0000076,0x00,0x00
"SPI","result",0.1093561,0.0000076,0x00,0x00
"SPI","result",0.1093658,0.0000076,0x00,0x00
"SPI","result",0.1093754,0.0000076,0x00,0x00
"SPI","result",0.1093851,0.0000076,0x00,0x00
"SPI","result",0.1093948,0.0000076,0x00,0x00
"SPI","result",0.1094044,0.0000076,0x00,0x00
"SPI","result",0.1094141,0.0000076,0x00,0x01
"SPI","result",0.1094239,0.0000076,0x00,0x8C
"SPI","result",0.1094395,0.0000076,0x80,0x00
"SPI","result",0.1094485,0.0000076,0xD4,0x00
"SPI","result",0.1094575,0.0000076,0x00,0x00
"SPI","result",0.1094665,0.0000076,0x18,0x00
"SPI","result",0.1094817,0.0000076,0x00,0x00
"SPI","result",0.1094914,0.0000076,0x00,0x00
"SPI","result",0.1095012,0.0000076,0x00,0x00
"SPI","result",0.1095108,0.0000076,0x00,0x00
"SPI","result",0.1095205,0.0000076,0x00,0x00
"SPI","result",0.1095302,0.0000076,0x00,0x00
"SPI","result",0.1095399,0.0000077,0x00,0x00
"SPI","result",0.1095496,0.0000076,0x00,0x00
"SPI","result",0.1095593,0.0000076,0x00,0x00
"SPI","result",0.109569,0.0000076,0x00,0x00
"SPI","result",0.1095787,0.0000077,0x00,0x00
"SPI","result",0.1095885,0.0000076,0x00,0x00
"SPI","result",0.1095982,0.0000076,0x00,0x00
"SPI","result",0.1096078,0.0000076,0x00,0x01
"SPI","result",0.1096175,0.0000076,0x00,0x8C
"SPI","result",0.1096333,0.0000076,0x00,0x00
"SPI","result",0.1096423,0.0000076,0xD4,0x00
"SPI","result",0.1096513,0.0000076,0x00,0x00
"SPI","result",0.1096603,0.0000076,0x24,0x00
"SPI","result",0.1096755,0.0000076,0x00,0x00
"SPI","result",0.1096854,0.0000076,0x00,0x00
"SPI","result",0.109695,0.0000076,0x00,0x00
"SPI","result",0.1097047,0.0000076,0x00,0x00
"SPI","result",0.1097144,0.0000076,0x00,0x00
"SPI","result",0.109724,0.0000076,0x00,0x00
"SPI","result",0.1097337,0.0000076,0x00,0x00
"SPI","result",0.1097434,0.0000076,0x00,0x00
"SPI","result",0.1097532,0.0000076,0x00,0x00
"SPI","result",0.1097629,0.0000076,0x00,0x00
"SPI","result",0.1097726,0.0000076,0x00,0x00
"SPI","result",0.1097823,0.0000076,0x00,0x00
"SPI","result",0.109792,0.0000076,0x00,0x00
"SPI","result",0.1098017,0.0000076,0x00,0x00
"SPI","result",0.1098114,0.0000076,0x00,0x01
"SPI","result",0.1098211,0.0000076,0x00,0x00
"SPI","result",0.1098368,0.0000076,0x80,0x00
"SPI","result",0.1098458,0.0000076,0xD4,0x00
"SPI","result",0.1098548,0.0000076,0x00,0x00
"SPI","result",0.1098638,0.0000076,0x18,0x00
"SPI","result",0.1098789,0.0000076,0x00,0x00
"SPI","result",0.1098886,0.0000076,0x00,0x00
"SPI","result",0.1098984,0.0000076,0x00,0x00
"SPI","result",0.109908,0.0000077,0x00,0x00
"SPI","result",0.1099177,0.0000076,0x00,0x00
"SPI","result",0.1099274,0.0000076,0x00,0x00
"SPI","result",0.1099371,0.0000076,0x00,0x00
"SPI","result",0.1099468,0.0000076,0x00,0x00
"SPI","result",0.1099565,0.0000076,0x00,0x00
"SPI","result",0.1099663,0.0000076,0x00,0x00
"SPI","result",0.109976,0.0000076,0x00,0x00
"SPI","result",0.1099857,0.0000076,0x00,0x00
"SPI","result",0.1099954,0.0000076,0x00,0x00
"SPI","result",0.1100051,0.0000076,0x00,0x00
"SPI","result",0.1100148,0.0000076,0x00,0x01
"SPI","result",0.1100245,0.0000076,0x00,0x84
"SPI","result",0.1100403,0.0000076,0x80,0x00
"SPI","result",0.1100493,0.0000076,0xD4,0x00
"SPI","result",0.1100583,0.0000076,0x00,0x00
"SPI","result",0.1100673,0.0000076,0x18,0x00
"SPI","result",0.1100829,0.0000076,0x00,0x00
"SPI","result",0.1100927,0.0000076,0x00,0x00
"SPI","result",0.1101024,0.0000076,0x00,0x00
"SPI","result",0.1101121,0.0000077,0x00,0x00
"SPI","result",0.1101218,0.0000077,0x00,0x00
"SPI","result",0.1101315,0.0000076,0x00,0x00
"SPI","result",0.1101413,0.0000076,0x00,0x00
"SPI","result",0.110151,0.0000076,0x00,0x00
"SPI","result",0.1101607,0.0000076,0x00,0x00
"SPI","result",0.1101705,0.0000076,0x00,0x00
"SPI","result",0.1101802,0.0000076,0x00,0x00
"SPI","result",0.1101899,0.0000076,0x00,0x00
"SPI","result",0.1101996,0.0000076,0x00,0x00
"SPI","result",0.1102093,0.0000077,0x00,0x01
"SPI","result",0.110219,0.0000076,0x00,0x84
"SPI","result",0.110235,0.0000076,0x00,0x00
"SPI","result",0.110244,0.0000076,0xD4,0x00
"SPI","result",0.110253,0.0000076,0x00,0x00
"SPI","result",0.110262,0.0000076,0x18,0x00
"SPI","result",0.1102779,0.0000076,0x00,0x00
"SPI","result",0.1102876,0.0000076,0x00,0x00
"SPI","result",0.1102973,0.0000076,0x00,0x00
"SPI","result",0.110307,0.0000076,0x00,0x00
"SPI","result",0.1103167,0.0000076,0x00,0x00
"SPI","result",0.1103264,0.0000076,0x00,0x00
"SPI","result",0.1103361,0.0000076,0x00,0x00
"SPI","result",0.1103458,0.0000076,0x00,0x00
"SPI","result",0.1103555,0.0000076,0x00,0x00
"SPI","result",0.1103652,0.0000076,0x00,0x00
"SPI","result",0.1103748,0.0000076,0x00,0x00
"SPI","result",0.1103845,0.0000076,0x00,0x00
"SPI","result",0.1103942,0.0000076,0x00,0x00
"SPI","result",0.1104039,0.0000076,0x00,0x00
"SPI","result",0.1104136,0.0000076,0x00,0x01
"SPI","result",0.1104234,0.0000076,0x20,0x00
"SPI","result",0.1104399,0.0000076,0x80,0x00
"SPI","result",0.1104489,0.0000076,0xD4,0x00
"SPI","result",0.1104579,0.0000076,0x00,0x00
"SPI","result",0.1104669,0.0000076,0x18,0x00
"SPI","result",0.110482,0.0000076,0x00,0x00
"SPI","result",0.1104918,0.0000076,0x00,0x00
"SPI","result",0.1105015,0.0000076,0x00,0x00
"SPI","result",0.1105111,0.0000076,0x00,0x00
"SPI","result",0.1105209,0.0000076,0x00,0x00
"SPI","result",0.1105305,0.0000077,0x00,0x00
"SPI","result",0.1105403,0.0000076,0x00,0x00
"SPI","result",0.11055,0.0000076,0x00,0x00
"SPI","result",0.1105597,0.0000076,0x00,0x00
"SPI","result",0.1105693,0.0000076,0x00,0x00
"SPI","result",0.1105791,0.0000076,0x00,0x00
"SPI","result",0.1105887,0.0000076,0x00,0x00
"SPI","result",0.1105985,0.0000076,0x00,0x00
"SPI","result",0.1106082,0.0000076,0x00,0x00
"SPI","result",0.1106179,0.0000076,0x00,0x01
"SPI","result",0.1106277,0.0000076,0x00,0x94
"SPI","result",0.1106441,0.0000076,0x80,0x00
"SPI","result",0.1106531,0.0000076,0xD4,0x00
"SPI","result",0.1106621,0.0000076,0x00,0x00
"SPI","result",0.1106711,0.0000076,0x18,0x00
"SPI","result",0.110686,0.0000076,0x00,0x00
"SPI","result",0.1106958,0.0000076,0x00,0x00
"SPI","result",0.1107055,0.0000076,0x00,0x00
"SPI","result",0.1107152,0.0000076,0x00,0x00
"SPI","result",0.1107249,0.0000076,0x00,0x00
"SPI","result",0.1107346,0.0000076,0x00,0x00
"SPI","result",0.1107443,0.0000076,0x00,0x00
"SPI","result",0.110754,0.0000076,0x00,0x00
"SPI","result",0.1107637,0.0000076,0x00,0x00
"SPI","result",0.1107734,0.0000076,0x00,0x00
"SPI","result",0.1107832,0.0000076,0x00,0x00
"SPI","result",0.1107929,0.0000076,0x00,0x00
"SPI","result",0.1108026,0.0000076,0x00,0x00
"SPI","result",0.1108123,0.0000076,0x00,0x01
"SPI","result",0.110822,0.0000076,0x00,0x94
"SPI","result",0.1108378,0.0000076,0x83,0x00
"SPI","result",0.1108468,0.0000076,0xD4,0x00
"SPI","result",0.1108558,0.0000076,0x00,0x00
"SPI","result",0.1108648,0.0000076,0x18,0x00
"SPI","result",0.1108802,0.0000076,0x00,0x00
"SPI","result",0.1108899,0.0000076,0x00,0x00
"SPI","result",0.1108996,0.0000076,0x00,0x00
"SPI","result",0.1109093,0.0000076,0x00,0x00
"SPI","result",0.110919,0.0000076,0x00,0x00
"SPI","result",0.1109287,0.0000076,0x00,0x00
"SPI","result",0.1109384,0.0000076,0x00,0x00
"SPI","result",0.1109481,0.0000076,0x00,0x00
"SPI","result",0.1109578,0.0000076,0x00,0x00
"SPI","result",0.1109675,0.0000076,0x00,0x00
"SPI","result",0.1109773,0.0000076,0x00,0x00
"SPI","result",0.1109869,0.0000076,0x00,0x00
"SPI","result",0.1109966,0.0000076,0x00,0x00
"SPI","result",0.1110063,0.0000076,0x00,0x00
"SPI","result",0.1110161,0.0000076,0x00,0x01
"SPI","result",0.1110258,0.0000076,0x00,0x04
"SPI","result",0.1110348,0.0000076,0x00,0x00
"SPI","result",0.1110438,0.0000076,0x00,0x01
"SPI","result",0.1110528,0.0000076,0x00,0x94
"SPI","result",0.1110736,0.0000076,0x89,0x00
"SPI","result",0.1110826,0.0000076,0xD4,0x00
"SPI","result",0.1110916,0.0000076,0x00,0x00
"SPI","result",0.1111006,0.0000076,0x24,0x00
"SPI","result",0.1111155,0.0000076,0x00,0x00
"SPI","result",0.1111253,0.0000076,0x00,0x00
"SPI","result",0.111135,0.0000076,0x00,0x00
"SPI","result",0.1111447,0.0000076,0x00,0x00
"SPI","result",0.1111544,0.0000076,0x00,0x00
"SPI","result",0.1111641,0.0000076,0x00,0x00
"SPI","result",0.1111738,0.0000076,0x00,0x00
"SPI","result",0.1111834,0.0000076,0x00,0x00
"SPI","result",0.1111931,0.0000076,0x00,0x00
"SPI","result",0.1112028,0.0000076,0x00,0x00
"SPI","result",0.1112125,0.0000076,0x00,0x01
"SPI","result",0.1112222,0.0000076,0x00,0x80
"SPI","result",0.1112312,0.0000076,0x00,0x01
"SPI","result",0.1112402,0.0000076,0x00,0x00
"SPI","result",0.1112492,0.0000076,0x00,0x00
"SPI","result",0.1112582,0.0000076,0x00,0x00
"SPI","result",0.1112672,0.0000076,0x00,0x0A
"SPI","result",0.1112762,0.0000076,0x00,0x00
"SPI","result",0.1112852,0.0000076,0x00,0x00
"SPI","result",0.1112942,0.0000076,0x00,0x01
"SPI","result",0.1113032,0.0000076,0x00,0xCB
"SPI","result",0.1113251,0.0000076,0x80,0x00
"SPI","result",0.1113341,0.0000076,0xD4,0x00
"SPI","result",0.1113431,0.0000076,0x00,0x00
"SPI","result",0.1113521,0.0000076,0x18,0x00
"SPI","result",0.1113671,0.0000076,0x00,0x00
"SPI","result",0.1113768,0.0000076,0x00,0x00
"SPI","result",0.1113864,0.0000077,0x00,0x00
"SPI","result",0.1113962,0.0000076,0x00,0x00
"SPI","result",0.1114059,0.0000076,0x00,0x00
"SPI","result",0.1114155,0.0000076,0x00,0x00
"SPI","result",0.1114252,0.0000076,0x00,0x00
"SPI","result",0.1114349,0.0000076,0x00,0x00
"SPI","result",0.1114446,0.0000076,0x00,0x00
"SPI","result",0.1114542,0.0000076,0x00,0x00
"SPI","result",0.1114639,0.0000076,0x00,0x00
"SPI","result",0.1114736,0.0000076,0x00,0x00
"SPI","result",0.1114833,0.0000076,0x00,0x00
"SPI","result",0.111493,0.0000076,0x00,0x01
"SPI","result",0.1115027,0.0000076,0x00,0x84
"SPI","result",0.1115183,0.0000076,0x80,0x00
"SPI","result",0.1115273,0.0000076,0xD4,0x00
"SPI","result",0.1115363,0.0000076,0x00,0x00
"SPI","result",0.1115453,0.0000076,0x18,0x00
"SPI","result",0.1115604,0.0000076,0x00,0x00
"SPI","result",0.1115701,0.0000076,0x00,0x00
"SPI","result",0.1115798,0.0000076,0x00,0x00
"SPI","result",0.1115895,0.0000076,0x00,0x00
"SPI","result",0.1115992,0.0000076,0x00,0x00
"SPI","result",0.1116089,0.0000076,0x00,0x00
"SPI","result",0.1116186,0.0000076,0x00,0x00
"SPI","result",0.1116283,0.0000076,0x00,0x00
"SPI","result",0.111638,0.0000076,0x00,0x00
"SPI","result",0.1116477,0.0000076,0x00,0x00
"SPI","result",0.1116574,0.0000076,0x00,0x00
"SPI","result",0.1116671,0.0000076,0x00,0x00
"SPI","result",0.1116768,0.0000076,0x00,0x00
"SPI","result",0.1116866,0.0000076,0x00,0x00
"SPI","result",0.1116963,0.0000076,0x00,0x01
"SPI","result",0.111706,0.0000076,0x00,0x84
"SPI","result",0.1117215,0.0000076,0x00,0x00
"SPI","result",0.1117305,0.0000076,0xD4,0x00
"SPI","result",0.1117395,0.0000076,0x00,0x00
"SPI","result",0.1117485,0.0000076,0x18,0x00
"SPI","result",0.1117635,0.0000076,0x00,0x00
"SPI","result",0.1117733,0.0000076,0x00,0x00
"SPI","result",0.1117829,0.0000076,0x00,0x00
"SPI","result",0.1117927,0.0000076,0x00,0x00
"SPI","result",0.1118025,0.0000076,0x00,0x00
"SPI","result",0.1118122,0.0000076,0x00,0x00
"SPI","result",0.1118219,0.0000076,0x00,0x00
"SPI","result",0.1118315,0.0000076,0x00,0x00
"SPI","result",0.1118412,0.0000077,0x00,0x00
"SPI","result",0.1118509,0.0000076,0x00,0x00
"SPI","result",0.1118606,0.0000076,0x00,0x00
"SPI","result",0.1118702,0.0000076,0x00,0x00
"SPI","result",0.1118799,0.0000076,0x00,0x00
"SPI","result",0.1118896,0.0000076,0x00,0x01
"SPI","result",0.1118994,0.0000076,0x40,0x00
"SPI","result",0.1119715,0.0000076,0x00,0x00
"SPI","result",0.1119805,0.0000076,0xD4,0x00
"SPI","result",0.1119895,0.0000076,0x00,0x00
"SPI","result",0.1119985,0.0000076,0x00,0x00
"SPI","result",0.112017,0.0000076,0x00,0x00
"SPI","result",0.1120268,0.0000076,0x00,0x00
"SPI","result",0.1120365,0.0000077,0x00,0x00
"SPI","result",0.1120463,0.0000076,0x00,0x00
"SPI","result",0.112056,0.0000076,0x00,0x00
"SPI","result",0.1120657,0.0000076,0x00,0x00
"SPI","result",0.1120757,0.0000076,0x00,0x00
"SPI","result",0.1120857,0.0000076,0x00,0x00
"SPI","result",0.1120955,0.0000076,0x00,0x00
"SPI","result",0.1121052,0.0000076,0x00,0x00
"SPI","result",0.112115,0.0000076,0x00,0x00
"SPI","result",0.1121248,0.0000076,0x00,0x00
"SPI","result",0.1121348,0.0000076,0x00,0x01
"SPI","result",0.1121449,0.0000076,0x20,0x00
"SPI","result",0.1127148,0.0000076,0x80,0x00
"SPI","result",0.1127238,0.0000076,0xD4,0x00
"SPI","result",0.1127328,0.0000076,0x00,0x00
"SPI","result",0.1127418,0.0000076,0x00,0x00
"SPI","result",0.1127747,0.0000076,0x00,0x00
"SPI","result",0.1127845,0.0000076,0x00,0x00
"SPI","result",0.1127943,0.0000076,0x00,0x00
"SPI","result",0.112804,0.0000076,0x00,0x00
"SPI","result",0.1128138,0.0000076,0x00,0x00
"SPI","result",0.1128235,0.0000076,0x00,0x00
"SPI","result",0.1128334,0.0000076,0x00,0x00
"SPI","result",0.1128431,0.0000076,0x00,0x00
"SPI","result",0.1128528,0.0000076,0x00,0x00
"SPI","result",0.1128627,0.0000076,0x00,0x00
"SPI","result",0.1128725,0.0000076,0x00,0x01
"SPI","result",0.1128826,0.0000076,0x00,0x81
"SPI","result",0.1129013,0.0000076,0x00,0x00
"SPI","result",0.1129103,0.0000076,0xD4,0x00
"SPI","result",0.1129193,0.0000076,0x00,0x00
"SPI","result",0.1129283,0.0000076,0x00,0x00
"SPI","result",0.1129522,0.0000076,0x00,0x00
"SPI","result",0.112962,0.0000076,0x00,0x00
"SPI","result",0.1129717,0.0000076,0x00,0x00
"SPI","result",0.1129814,0.0000076,0x00,0x00
"SPI","result",0.1129911,0.0000076,0x00,0x00
"SPI","result",0.113001,0.0000076,0x00,0x00
"SPI","result",0.1130107,0.0000076,0x00,0x00
"SPI","result",0.1130205,0.0000076,0x00,0x00
"SPI","result",0.1130301,0.0000076,0x00,0x00
"SPI","result",0.1130398,0.0000076,0x00,0x00
"SPI","result",0.1130495,0.0000077,0x00,0x00
"SPI","result",0.1130592,0.0000076,0x00,0x01
"SPI","result",0.113069,0.0000076,0x02,0x00
"SPI","result",0.1130852,0.0000076,0x80,0x00
"SPI","result",0.1130942,0.0000076,0xD4,0x00
"SPI","result",0.1131032,0.0000076,0x00,0x00
"SPI","result",0.1131122,0.0000076,0x00,0x00
"SPI","result",0.113133,0.0000076,0x00,0x00
"SPI","result",0.1131428,0.0000076,0x00,0x00
"SPI","result",0.1131525,0.0000076,0x00,0x00
"SPI","result",0.1131623,0.0000076,0x00,0x00
"SPI","result",0.113172,0.0000077,0x00,0x00
"SPI","result",0.1131818,0.0000076,0x00,0x00
"SPI","result",0.1131915,0.0000076,0x00,0x00
"SPI","result",0.1132012,0.0000076,0x00,0x00
"SPI","result",0.1132109,0.0000076,0x00,0x00
"SPI","result",0.1132207,0.0000076,0x00,0x00
"SPI","result",0.1132304,0.0000076,0x00,0x00
"SPI","result",0.1132401,0.0000076,0x00,0x00
"SPI","result",0.1132499,0.0000076,0x00,0x00
"SPI","result",0.1132596,0.0000076,0x00,0x01
"SPI","result",0.1132694,0.0000076,0x00,0xA1
"SPI","result",0.1132964,0.0000077,0x80,0x00
"SPI","result",0.1133054,0.0000077,0xD4,0x00
"SPI","result",0.1133144,0.0000077,0x00,0x00
"SPI","result",0.1133234,0.0000077,0x18,0x00
"SPI","result",0.1134269,0.0000076,0x00,0x00
"SPI","result",0.1134367,0.0000076,0x00,0x00
"SPI","result",0.1134465,0.0000076,0x00,0x00
"SPI","result",0.1134562,0.0000076,0x00,0x00
"SPI","result",0.1134659,0.0000076,0x00,0x00
"SPI","result",0.1134756,0.0000076,0x00,0x00
"SPI","result",0.1134853,0.0000076,0x00,0x00
"SPI","result",0.113495,0.0000076,0x00,0x00
"SPI","result",0.1135048,0.0000076,0x00,0x00
"SPI","result",0.1135145,0.0000076,0x00,0x00
"SPI","result",0.1135242,0.0000076,0x00,0x01
"SPI","result",0.1135339,0.0000076,0x00,0x84
"SPI","result",0.1135508,0.0000076,0x00,0x00
"SPI","result",0.1135598,0.0000076,0xD4,0x00
"SPI","result",0.1135688,0.0000076,0x00,0x00
"SPI","result",0.1135778,0.0000076,0x18,0x00
"SPI","result",0.1135971,0.0000076,0x00,0x00
"SPI","result",0.1136069,0.0000076,0x00,0x00
"SPI","result",0.1136167,0.0000076,0x00,0x00
"SPI","result",0.1136265,0.0000076,0x00,0x00
"SPI","result",0.1136363,0.0000076,0x00,0x00
"SPI","result",0.113646,0.0000076,0x00,0x00
"SPI","result",0.1136558,0.0000076,0x00,0x00
"SPI","result",0.1136656,0.0000076,0x00,0x00
"SPI","result",0.1136753,0.0000076,0x00,0x00
"SPI","result",0.1136851,0.0000076,0x00,0x00
"SPI","result",0.1136949,0.0000076,0x00,0x01
"SPI","result",0.1137047,0.0000076,0x40,0x00
"SPI","result",0.1137206,0.0000076,0x80,0x00
"SPI","result",0.1137296,0.0000076,0xD4,0x00
"SPI","result",0.1137386,0.0000076,0x00,0x00
"SPI","result",0.1137476,0.0000076,0x18,0x00
"SPI","result",0.1137666,0.0000076,0x00,0x00
"SPI","result",0.1137765,0.0000076,0x00,0x00
"SPI","result",0.1137863,0.0000076,0x00,0x00
"SPI","result",0.1137961,0.0000076,0x00,0x00
"SPI","result",0.1138058,0.0000076,0x00,0x00
"SPI","result",0.1138155,0.0000076,0x00,0x00
"SPI","result",0.1138252,0.0000077,0x00,0x00
"SPI","result",0.113835,0.0000076,0x00,0x00
"SPI","result",0.1138448,0.0000076,0x00,0x00
"SPI","result",0.1138546,0.0000076,0x00,0x00
"SPI","result",0.1138644,0.0000076,0x00,0x01
"SPI","result",0.1138742,0.0000076,0x00,0xC4
"SPI","result",0.1138905,0.0000077,0x83,0x00
"SPI","result",0.1138995,0.0000077,0xD4,0x00
"SPI","result",0.1139085,0.0000077,0x00,0x00
"SPI","result",0.1139175,0.0000077,0x18,0x00
"SPI","result",0.1139344,0.0000076,0x00,0x00
"SPI","result",0.1139441,0.0000076,0x00,0x00
"SPI","result",0.1139539,0.0000076,0x00,0x00
"SPI","result",0.1139637,0.0000076,0x00,0x00
"SPI","result",0.1139735,0.0000076,0x00,0x00
"SPI","result",0.1139832,0.0000076,0x00,0x00
"SPI","result",0.113993,0.0000076,0x00,0x00
"SPI","result",0.1140028,0.0000076,0x00,0x00
"SPI","result",0.1140125,0.0000076,0x00,0x00
"SPI","result",0.1140223,0.0000076,0x00,0x00
"SPI","result",0.1140321,0.0000076,0x00,0x00
"SPI","result",0.1140419,0.0000076,0x00,0x00
"SPI","result",0.1140518,0.0000076,0x00,0x00
"SPI","result",0.1140615,0.0000076,0x00,0x01
"SPI","result",0.1140717,0.0000076,0x00,0x04
"SPI","result",0.1140807,0.0000076,0x00,0x00
"SPI","result",0.1140897,0.0000076,0x00,0x01
"SPI","result",0.1140987,0.0000076,0x00,0xC4
"SPI","result",0.114122,0.0000076,0x0C,0x00
"SPI","result",0.114131,0.0000076,0xD4,0x00
"SPI","result",0.11414,0.0000076,0x00,0x00
"SPI","result",0.114149,0.0000076,0x24,0x00
"SPI","result",0.1141654,0.0000076,0x00,0x00
"SPI","result",0.1141752,0.0000076,0x00,0x00
"SPI","result",0.114185,0.0000076,0x00,0x00
"SPI","result",0.1141948,0.0000076,0x00,0x00
"SPI","result",0.1142045,0.0000076,0x00,0x00
"SPI","result",0.1142143,0.0000076,0x00,0x00
"SPI","result",0.114224,0.0000076,0x00,0x00
"SPI","result",0.1142338,0.0000076,0x00,0x00
"SPI","result",0.1142435,0.0000076,0x00,0x00
"SPI","result",0.1142533,0.0000076,0x00,0x00
"SPI","result",0.1142631,0.0000076,0x00,0x00
"SPI","result",0.1142728,0.0000076,0x00,0x00
"SPI","result",0.1142826,0.0000076,0x00,0x00
"SPI","result",0.1142923,0.0000076,0x00,0x00
"SPI","result",0.114302,0.0000076,0x00,0x01
"SPI","result",0.114312,0.0000076,0x80,0x00
"SPI","result",0.114321,0.0000076,0x01,0x00
"SPI","result",0.11433,0.0000076,0x00,0x00
"SPI","result",0.114339,0.0000076,0x00,0x00
"SPI","result",0.114348,0.0000076,0x00,0x00
"SPI","result",0.114357,0.0000076,0x0E,0x00
"SPI","result",0.114366,0.0000076,0x00,0x00
"SPI","result",0.114375,0.0000076,0x00,0x00
"SPI","result",0.114384,0.0000076,0x01,0x00
"SPI","result",0.114393,0.0000076,0x65,0x00
"SPI","result",0.114402,0.0000076,0x03,0x00
"SPI","result",0.114411,0.0000076,0x00,0x00
"SPI","result",0.11442,0.0000076,0x00,0x00
"SPI","result",0.1144441,0.0000076,0x80,0x00
"SPI","result",0.1144531,0.0000076,0xD4,0x00
"SPI","result",0.1144621,0.0000076,0x00,0x00
"SPI","result",0.1144711,0.0000076,0x18,0x00
"SPI","result",0.1144874,0.0000076,0x00,0x00
"SPI","result",0.1144972,0.0000076,0x00,0x00
"SPI","result",0.1145071,0.0000076,0x00,0x00
"SPI","result",0.1145168,0.0000076,0x00,0x00
"SPI","result",0.1145266,0.0000076,0x00,0x00
"SPI","result",0.1145364,0.0000076,0x00,0x00
"SPI","result",0.1145461,0.0000076,0x00,0x00
"SPI","result",0.1145559,0.0000076,0x00,0x00
"SPI","result",0.1145656,0.0000076,0x00,0x00
"SPI","result",0.1145753,0.0000076,0x00,0x00
"SPI","result",0.1145851,0.0000076,0x00,0x00
"SPI","result",0.1145949,0.0000076,0x00,0x00
"SPI","result",0.1146046,0.0000076,0x00,0x00
"SPI","result",0.1146144,0.0000076,0x00,0x00
"SPI","result",0.1146241,0.0000076,0x00,0x01
"SPI","result",0.1146338,0.0000076,0x00,0x8C
"SPI","result",0.1146499,0.0000076,0x80,0x00
"SPI","result",0.1146589,0.0000076,0xD4,0x00
"SPI","result",0.1146679,0.0000076,0x00,0x00
"SPI","result",0.1146769,0.0000076,0x18,0x00
"SPI","result",0.1146937,0.0000077,0x00,0x00
"SPI","result",0.1147035,0.0000076,0x00,0x00
"SPI","result",0.1147132,0.0000076,0x00,0x00
"SPI","result",0.114723,0.0000076,0x00,0x00
"SPI","result",0.1147327,0.0000076,0x00,0x00
"SPI","result",0.1147424,0.0000076,0x00,0x00
"SPI","result",0.1147522,0.0000076,0x00,0x00
"SPI","result",0.114762,0.0000076,0x00,0x00
"SPI","result",0.1147718,0.0000076,0x00,0x00
"SPI","result",0.1147815,0.0000076,0x00,0x00
"SPI","result",0.1147912,0.0000076,0x00,0x00
"SPI","result",0.114801,0.0000076,0x00,0x00
"SPI","result",0.1148108,0.0000076,0x00,0x00
"SPI","result",0.1148206,0.0000076,0x00,0x01
"SPI","result",0.1148305,0.0000076,0x00,0x8C
"SPI","result",0.1148462,0.0000076,0x00,0x00
"SPI","result",0.1148552,0.0000076,0xD4,0x00
"SPI","result",0.1148642,0.0000076,0x00,0x00
"SPI","result",0.1148732,0.0000076,0x24,0x00
"SPI","result",0.1148903,0.0000076,0x00,0x00
"SPI","result",0.1149001,0.0000076,0x00,0x00
"SPI","result",0.1149098,0.0000076,0x00,0x00
"SPI","result",0.1149196,0.0000076,0x00,0x00
"SPI","result",0.1149294,0.0000076,0x00,0x00
"SPI","result",0.1149391,0.0000076,0x00,0x00
"SPI","result",0.1149489,0.0000076,0x00,0x00
"SPI","result",0.1149588,0.0000076,0x00,0x00
"SPI","result",0.1149685,0.0000076,0x00,0x00
"SPI","result",0.1149783,0.0000076,0x00,0x00
"SPI","result",0.114988,0.0000076,0x00,0x00
"SPI","result",0.1149978,0.0000076,0x00,0x00
"SPI","result",0.1150075,0.0000076,0x00,0x00
"SPI","result",0.1150173,0.0000076,0x00,0x01
"SPI","result",0.1150272,0.0000076,0x00,0x00
"SPI","result",0.115043,0.0000076,0x80,0x00
"SPI","result",0.115052,0.0000076,0xD4,0x00
"SPI","result",0.115061,0.0000076,0x00,0x00
"SPI","result",0.11507,0.0000076,0x18,0x00
"SPI","result",0.1150867,0.0000076,0x00,0x00
"SPI","result",0.1150965,0.0000076,0x00,0x00
"SPI","result",0.1151063,0.0000076,0x00,0x00
"SPI","result",0.115116,0.0000076,0x00,0x00
"SPI","result",0.1151259,0.0000076,0x00,0x00
"SPI","result",0.1151356,0.0000076,0x00,0x00
"SPI","result",0.1151454,0.0000076,0x00,0x00
"SPI","result",0.1151551,0.0000076,0x00,0x00
"SPI","result",0.1151649,0.0000076,0x00,0x00
"SPI","result",0.1151747,0.0000076,0x00,0x00
"SPI","result",0.1151844,0.0000076,0x00,0x01
"SPI","result",0.1151944,0.0000076,0x00,0x84
"SPI","result",0.1152105,0.0000076,0x80,0x00
"SPI","result",0.1152195,0.0000076,0xD4,0x00
"SPI","result",0.1152285,0.0000076,0x00,0x00
"SPI","result",0.1152375,0.0000076,0x18,0x00
"SPI","result",0.1152562,0.0000076,0x00,0x00
"SPI","result",0.1152659,0.0000076,0x00,0x00
"SPI","result",0.1152757,0.0000076,0x00,0x00
"SPI","result",0.1152854,0.0000076,0x00,0x00
"SPI","result",0.1152953,0.0000076,0x00,0x00
"SPI","result",0.1153051,0.0000076,0x00,0x00
"SPI","result",0.1153148,0.0000076,0x00,0x00
"SPI","result",0.1153245,0.0000076,0x00,0x00
"SPI","result",0.1153342,0.0000076,0x00,0x00
"SPI","result",0.1153439,0.0000076,0x00,0x00
"SPI","result",0.1153537,0.0000076,0x00,0x00
"SPI","result",0.1153634,0.0000076,0x00,0x00
"SPI","result",0.1153731,0.0000076,0x00,0x00
"SPI","result",0.1153828,0.0000076,0x00,0x01
"SPI","result",0.115393,0.0000076,0x00,0x84
"SPI","result",0.115409,0.0000076,0x00,0x00
"SPI","result",0.115418,0.0000076,0xD4,0x00
"SPI","result",0.115427,0.0000076,0x00,0x00
"SPI","result",0.115436,0.0000076,0x18,0x00
"SPI","result",0.1154554,0.0000076,0x00,0x00
"SPI","result",0.1154651,0.0000076,0x00,0x00
"SPI","result",0.1154749,0.0000076,0x00,0x00
"SPI","result",0.1154847,0.0000076,0x00,0x00
"SPI","result",0.1154944,0.0000077,0x00,0x00
"SPI","result",0.1155044,0.0000076,0x00,0x00
"SPI","result",0.1155142,0.0000076,0x00,0x00
"SPI","result",0.1155239,0.0000076,0x00,0x00
"SPI","result",0.1155336,0.0000076,0x00,0x00
"SPI","result",0.1155435,0.0000076,0x00,0x00
"SPI","result",0.1155535,0.0000076,0x00,0x00
"SPI","result",0.1155633,0.0000076,0x00,0x00
"SPI","result",0.1155731,0.0000076,0x00,0x00
"SPI","result",0.115583,0.0000076,0x00,0x01
"SPI","result",0.1155928,0.0000076,0x20,0x00
"SPI","result",0.1156098,0.0000076,0x80,0x00
"SPI","result",0.1156188,0.0000076,0xD4,0x00
"SPI","result",0.1156278,0.0000076,0x00,0x00
"SPI","result",0.1156368,0.0000076,0x18,0x00
"SPI","result",0.1156566,0.0000076,0x00,0x00
"SPI","result",0.1156664,0.0000076,0x00,0x00
"SPI","result",0.1156762,0.0000076,0x00,0x00
"SPI","result",0.115686,0.0000076,0x00,0x00
"SPI","result",0.115696,0.0000076,0x00,0x00
"SPI","result",0.1157058,0.0000076,0x00,0x00
"SPI","result",0.1157155,0.0000076,0x00,0x00
"SPI","result",0.1157252,0.0000076,0x00,0x00
"SPI","result",0.115735,0.0000076,0x00,0x00
"SPI","result",0.1157446,0.0000076,0x00,0x00
"SPI","result",0.1157544,0.0000076,0x00,0x00
"SPI","result",0.1157641,0.0000076,0x00,0x00
"SPI","result",0.1157738,0.0000076,0x00,0x00
"SPI","result",0.1157835,0.0000076,0x00,0x01
"SPI","result",0.1157932,0.0000076,0x00,0x94
"SPI","result",0.1158103,0.0000076,0x80,0x00
"SPI","result",0.1158193,0.0000076,0xD4,0x00
"SPI","result",0.1158283,0.0000076,0x00,0x00
"SPI","result",0.1158373,0.0000076,0x18,0x00
"SPI","result",0.1158603,0.0000076,0x00,0x00
"SPI","result",0.1158703,0.0000076,0x00,0x00
"SPI","result",0.11588,0.0000076,0x00,0x00
"SPI","result",0.1158898,0.0000076,0x00,0x00
"SPI","result",0.1158996,0.0000076,0x00,0x00
"SPI","result",0.1159093,0.0000076,0x00,0x00
"SPI","result",0.1159435,0.0000076,0x00,0x00
"SPI","result",0.1159533,0.0000076,0x00,0x00
"SPI","result",0.1159631,0.0000076,0x00,0x00
"SPI","result",0.1159763,0.0000076,0x00,0x00
"SPI","result",0.115986,0.0000076,0x00,0x00
"SPI","result",0.1159958,0.0000076,0x00,0x00
"SPI","result",0.1160056,0.0000076,0x00,0x00
"SPI","result",0.1160153,0.0000077,0x00,0x01
"SPI","result",0.1160252,0.0000076,0x00,0x94
"SPI","result",0.116042,0.0000076,0x83,0x00
"SPI","result",0.116051,0.0000076,0xD4,0x00
"SPI","result",0.11606,0.0000076,0x00,0x00
"SPI","result",0.116069,0.0000076,0x18,0x00
"SPI","result",0.1161948,0.0000076,0x00,0x00
"SPI","result",0.1162046,0.0000076,0x00,0x00
"SPI","result",0.1162143,0.0000076,0x00,0x00
"SPI","result",0.116224,0.0000077,0x00,0x00
"SPI","result",0.1162338,0.0000076,0x00,0x00
"SPI","result",0.1162435,0.0000076,0x00,0x00
"SPI","result",0.1162533,0.0000076,0x00,0x00
"SPI","result",0.116263,0.0000077,0x00,0x00
"SPI","result",0.1162727,0.0000076,0x00,0x00
"SPI","result",0.1162824,0.0000076,0x00,0x00
"SPI","result",0.1162921,0.0000076,0x00,0x01
"SPI","result",0.1163019,0.0000076,0x00,0x04
"SPI","result",0.1163109,0.0000076,0x00,0x00
"SPI","result",0.1163199,0.0000076,0x00,0x01
"SPI","result",0.1163289,0.0000076,0x00,0x94
"SPI","result",0.1163568,0.0000077,0x89,0x00
"SPI","result",0.1163658,0.0000077,0xD4,0x00
"SPI","result",0.1163748,0.0000077,0x00,0x00
"SPI","result",0.1163838,0.0000077,0x24,0x00
"SPI","result",0.1164008,0.0000076,0x00,0x00
"SPI","result",0.1164105,0.0000076,0x00,0x00
"SPI","result",0.1164203,0.0000076,0x00,0x00
"SPI","result",0.1164301,0.0000076,0x00,0x00
"SPI","result",0.1164399,0.0000076,0x00,0x00
"SPI","result",0.1164496,0.0000077,0x00,0x00
"SPI","result",0.1164594,0.0000076,0x00,0x00
"SPI","result",0.1164692,0.0000076,0x00,0x00
"SPI","result",0.1164789,0.0000076,0x00,0x00
"SPI","result",0.1164887,0.0000076,0x00,0x00
"SPI","result",0.1164984,0.0000076,0x00,0x00
"SPI","result",0.1165082,0.0000076,0x00,0x01
"SPI","result",0.1165179,0.0000076,0x00,0x80
"SPI","result",0.1165269,0.0000076,0x00,0x01
"SPI","result",0.1165359,0.0000076,0x00,0x00
"SPI","result",0.1165449,0.0000076,0x00,0x00
"SPI","result",0.1165539,0.0000076,0x00,0x00
"SPI","result",0.1165629,0.0000076,0x00,0x0A
"SPI","result",0.1165719,0.0000076,0x00,0x00
"SPI","result",0.1165809,0.0000076,0x00,0x00
"SPI","result",0.1165899,0.0000076,0x00,0x01
"SPI","result",0.1165989,0.0000076,0x00,0xCB
"SPI","result",0.1166232,0.0000076,0x80,0x00
"SPI","result",0.1166322,0.0000076,0xD4,0x00
"SPI","result",0.1166412,0.0000076,0x00,0x00
"SPI","result",0.1166502,0.0000076,0x18,0x00
"SPI","result",0.1166668,0.0000076,0x00,0x00
"SPI","result",0.1166766,0.0000076,0x00,0x00
"SPI","result",0.1166864,0.0000076,0x00,0x00
"SPI","result",0.1166961,0.0000076,0x00,0x00
"SPI","result",0.1167059,0.0000076,0x00,0x00
"SPI","result",0.1167156,0.0000076,0x00,0x00
"SPI","result",0.1167253,0.0000076,0x00,0x00
"SPI","result",0.1167351,0.0000076,0x00,0x00
"SPI","result",0.1167449,0.0000076,0x00,0x00
"SPI","result",0.1167546,0.0000077,0x00,0x00
"SPI","result",0.1167644,0.0000076,0x00,0x00
"SPI","result",0.1167742,0.0000076,0x00,0x00
"SPI","result",0.1167839,0.0000076,0x00,0x01
"SPI","result",0.1167936,0.0000076,0x00,0x84
"SPI","result",0.1168094,0.0000076,0x80,0x00
"SPI","result",0.1168184,0.0000076,0xD4,0x00
"SPI","result",0.1168274,0.0000076,0x00,0x00
"SPI","result",0.1168364,0.0000076,0x18,0x00
"SPI","result",0.1168535,0.0000076,0x00,0x00
"SPI","result",0.1168634,0.0000076,0x00,0x00
"SPI","result",0.1168731,0.0000076,0x00,0x00
"SPI","result",0.116883,0.0000076,0x00,0x00
"SPI","result",0.1168927,0.0000076,0x00,0x00
"SPI","result",0.1169024,0.0000076,0x00,0x00
"SPI","result",0.1169122,0.0000076,0x00,0x00
"SPI","result",0.1169219,0.0000076,0x00,0x00
"SPI","result",0.1169317,0.0000076,0x00,0x00
"SPI","result",0.1169414,0.0000076,0x00,0x00
"SPI","result",0.1169512,0.0000076,0x00,0x00
"SPI","result",0.1169609,0.0000076,0x00,0x00
"SPI","result",0.1169707,0.0000076,0x00,0x00
"SPI","result",0.1169804,0.0000076,0x00,0x00
"SPI","result",0.1169902,0.0000076,0x00,0x01
"SPI","result",0.117,0.0000076,0x00,0x84
"SPI","result",0.1170158,0.0000076,0x00,0x00
"SPI","result",0.1170248,0.0000076,0xD4,0x00
"SPI","result",0.1170338,0.0000076,0x00,0x00
"SPI","result",0.1170428,0.0000076,0x18,0x00
"SPI","result",0.1170591,0.0000076,0x00,0x00
"SPI","result",0.1170688,0.0000076,0x00,0x00
"SPI","result",0.1170786,0.0000076,0x00,0x00
"SPI","result",0.1170883,0.0000076,0x00,0x00
"SPI","result",0.1170981,0.0000076,0x00,0x00
"SPI","result",0.1171079,0.0000076,0x00,0x00
"SPI","result",0.1171176,0.0000076,0x00,0x00
"SPI","result",0.1171274,0.0000076,0x00,0x00
"SPI","result",0.1171371,0.0000076,0x00,0x00
"SPI","result",0.1171468,0.0000077,0x00,0x00
"SPI","result",0.1171566,0.0000076,0x00,0x00
"SPI","result",0.1171666,0.0000076,0x00,0x00
"SPI","result",0.1171764,0.0000076,0x00,0x00
"SPI","result",0.1171862,0.0000076,0x00,0x01
"SPI","result",0.117196,0.0000076,0x40,0x00
"SPI","result",0.1172437,0.0000076,0x00,0x00
"SPI","result",0.1172527,0.0000076,0xD4,0x00
"SPI","result",0.1172617,0.0000076,0x00,0x00
"SPI","result",0.1172707,0.0000076,0x00,0x00
"SPI","result",0.1172891,0.0000076,0x00,0x00
"SPI","result",0.1172988,0.0000077,0x00,0x00
"SPI","result",0.1173086,0.0000076,0x00,0x00
"SPI","result",0.1173183,0.0000076,0x00,0x00
"SPI","result",0.1173279,0.0000076,0x00,0x00
"SPI","result",0.1173376,0.0000076,0x00,0x00
"SPI","result",0.1173473,0.0000076,0x00,0x00
"SPI","result",0.1173571,0.0000076,0x00,0x00
"SPI","result",0.1173668,0.0000076,0x00,0x00
"SPI","result",0.1173765,0.0000076,0x00,0x00
"SPI","result",0.1173862,0.0000076,0x00,0x00
"SPI","result",0.1173959,0.0000076,0x00,0x00
"SPI","result",0.1174056,0.0000076,0x00,0x00
"SPI","result",0.1174153,0.0000076,0x00,0x00
"SPI","result",0.1174251,0.0000076,0x00,0x00
"SPI","result",0.1174348,0.0000076,0x00,0x00
"SPI","result",0.1174445,0.0000076,0x00,0x00
"SPI","result",0.1174543,0.0000076,0x00,0x00
"SPI","result",0.1178882,0.0000076,0x00,0x01
"SPI","result",0.1178989,0.0000077,0x20,0x00
